"id.exposure","id.outcome","outcome","exposure","method","nsnp","b","se","pval","lo_ci","up_ci","or","or_lci95","or_uci95"
"ukb-e-20513_AFR","finn-b-TRAUMBRAIN_NONCONCUS","finn-b-TRAUMBRAIN_NONCONCUS","Recent thoughts of suicide or self-harm || id:ukb-e-20513_AFR","Inverse variance weighted (fixed effects)",11,0.00138437373286339,0.0344524333972067,0.967947887864967,-0.0661423957256617,0.0689111431913885,1.00138533242052,0.935997572748182,1.07134100897582
"ukb-e-20513_AFR","finn-b-TRAUMBRAIN_NONCONCUS","finn-b-TRAUMBRAIN_NONCONCUS","Recent thoughts of suicide or self-harm || id:ukb-e-20513_AFR","MR Egger",11,0.0276715134000039,0.0927093008851404,0.772116217224283,-0.154038716334871,0.209381743134879,1.02805792569724,0.857238831223314,1.23291556575975
"ukb-e-20513_AFR","finn-b-TRAUMBRAIN_NONCONCUS","finn-b-TRAUMBRAIN_NONCONCUS","Recent thoughts of suicide or self-harm || id:ukb-e-20513_AFR","Weighted median",11,0.0246512252970451,0.048306949614885,0.609838563476297,-0.0700303959481295,0.11933284654222,1.02495757890219,0.932365479342483,1.12674488902131
"ukb-e-20513_AFR","finn-b-TRAUMBRAIN_NONCONCUS","finn-b-TRAUMBRAIN_NONCONCUS","Recent thoughts of suicide or self-harm || id:ukb-e-20513_AFR","Weighted mode",11,0.0305234769416305,0.0937210748292327,0.751375716455879,-0.153169829723666,0.214216783606927,1.03099409435283,0.857983998252316,1.2388911969869
"ukb-e-20513_AFR","finn-b-TRAUMBRAIN_NONCONCUS","finn-b-TRAUMBRAIN_NONCONCUS","Recent thoughts of suicide or self-harm || id:ukb-e-20513_AFR","Simple mode",11,0.03554606958965,0.071126165338318,0.628056123465578,-0.103861214473453,0.174953353652753,1.0361853836639,0.901350383128487,1.19119065062367
