"id.exposure","id.outcome","outcome","exposure","method","nsnp","b","se","pval","lo_ci","up_ci","or","or_lci95","or_uci95"
"ukb-e-20513_CSA","finn-b-TRAUMBRAIN_NONCONCUS","finn-b-TRAUMBRAIN_NONCONCUS","Recent thoughts of suicide or self-harm || id:ukb-e-20513_CSA","Inverse variance weighted (fixed effects)",8,-0.0133531234044516,0.0467498158429832,0.775161957713389,-0.104982762456699,0.0782765156477954,0.986735634045596,0.900340042102968,1.08142164733801
"ukb-e-20513_CSA","finn-b-TRAUMBRAIN_NONCONCUS","finn-b-TRAUMBRAIN_NONCONCUS","Recent thoughts of suicide or self-harm || id:ukb-e-20513_CSA","MR Egger",8,-0.20927379893149,0.149681696728435,0.211575532473108,-0.502649924519223,0.0841023266562434,0.811173106905569,0.604925526925448,1.0877401929311
"ukb-e-20513_CSA","finn-b-TRAUMBRAIN_NONCONCUS","finn-b-TRAUMBRAIN_NONCONCUS","Recent thoughts of suicide or self-harm || id:ukb-e-20513_CSA","Weighted median",8,-0.0280097728162285,0.0614430917277328,0.648486850864182,-0.148438232602585,0.0924186869701278,0.972378863874871,0.862053252311903,1.09682395185545
"ukb-e-20513_CSA","finn-b-TRAUMBRAIN_NONCONCUS","finn-b-TRAUMBRAIN_NONCONCUS","Recent thoughts of suicide or self-harm || id:ukb-e-20513_CSA","Weighted mode",8,-0.0508341896906859,0.143753557467711,0.734034245477775,-0.3325911623274,0.230922782946028,0.950436249596478,0.71706329672527,1.25976196058618
"ukb-e-20513_CSA","finn-b-TRAUMBRAIN_NONCONCUS","finn-b-TRAUMBRAIN_NONCONCUS","Recent thoughts of suicide or self-harm || id:ukb-e-20513_CSA","Simple mode",8,-0.0152897494791754,0.137706131164714,0.914707693592716,-0.285193766562015,0.254614267603664,0.984826545280058,0.751868553219193,1.28996394401071
