"id.exposure","id.outcome","outcome","exposure","method","nsnp","b","se","pval","lo_ci","up_ci","or","or_lci95","or_uci95"
"ukb-e-20485_CSA","finn-b-TRAUMBRAIN_NONCONCUS","finn-b-TRAUMBRAIN_NONCONCUS","Ever contemplated self-harm || id:ukb-e-20485_CSA","Inverse variance weighted (fixed effects)",3,0.00239394369895118,0.0851917087962576,0.977581863416556,-0.164581805541714,0.169369692939616,1.00239681147014,0.848248362689143,1.18455798070751
"ukb-e-20485_CSA","finn-b-TRAUMBRAIN_NONCONCUS","finn-b-TRAUMBRAIN_NONCONCUS","Ever contemplated self-harm || id:ukb-e-20485_CSA","MR Egger",3,-0.0952972836509739,0.698453550219074,0.913672399273704,-1.46426624208036,1.27367167477841,0.909102632942279,0.231247609005124,3.57395088657661
"ukb-e-20485_CSA","finn-b-TRAUMBRAIN_NONCONCUS","finn-b-TRAUMBRAIN_NONCONCUS","Ever contemplated self-harm || id:ukb-e-20485_CSA","Weighted median",3,0.0112218695209691,0.101514459887012,0.911977526532227,-0.187746471857575,0.210190210899514,1.01128507089,0.828824811012676,1.233912741289
"ukb-e-20485_CSA","finn-b-TRAUMBRAIN_NONCONCUS","finn-b-TRAUMBRAIN_NONCONCUS","Ever contemplated self-harm || id:ukb-e-20485_CSA","Weighted mode",3,0.050732259597047,0.161601042102333,0.7832895582784,-0.266005782923525,0.367470302117619,1.0520411816422,0.766434695254974,1.44407691186645
"ukb-e-20485_CSA","finn-b-TRAUMBRAIN_NONCONCUS","finn-b-TRAUMBRAIN_NONCONCUS","Ever contemplated self-harm || id:ukb-e-20485_CSA","Simple mode",3,-0.0216390594141072,0.13155065157362,0.884465331871408,-0.279478336498403,0.236200217670189,0.978593385384103,0.756178109103404,1.26642784601765
