"id.exposure","id.outcome","outcome","exposure","method","nsnp","b","se","pval","lo_ci","up_ci","or","or_lci95","or_uci95"
"ukb-e-20523_CSA","finn-b-TRAUMBRAIN_NONCONCUS","finn-b-TRAUMBRAIN_NONCONCUS","Physical violence by partner or ex-partner as an adult || id:ukb-e-20523_CSA","Inverse variance weighted (multiplicative random effects)",5,0.0505150277146124,0.0685306919680055,0.461052181076234,-0.0838051285426783,0.184835183971903,1.05181266957686,0.919610444462689,1.20302014678487
"ukb-e-20523_CSA","finn-b-TRAUMBRAIN_NONCONCUS","finn-b-TRAUMBRAIN_NONCONCUS","Physical violence by partner or ex-partner as an adult || id:ukb-e-20523_CSA","MR Egger",5,0.401544271381869,0.107897671218962,0.0337715001726144,0.190064835792703,0.613023706971035,1.49413025957707,1.20932800285519,1.84600474586973
"ukb-e-20523_CSA","finn-b-TRAUMBRAIN_NONCONCUS","finn-b-TRAUMBRAIN_NONCONCUS","Physical violence by partner or ex-partner as an adult || id:ukb-e-20523_CSA","Weighted median",5,0.101021022388431,0.0516370373514066,0.0504218761930073,-0.000187570820325542,0.202229615597188,1.10629989858516,0.999812446769981,1.22412905496774
"ukb-e-20523_CSA","finn-b-TRAUMBRAIN_NONCONCUS","finn-b-TRAUMBRAIN_NONCONCUS","Physical violence by partner or ex-partner as an adult || id:ukb-e-20523_CSA","Weighted mode",5,0.114804722418353,0.138094889561099,0.452524264081142,-0.1558612611214,0.385470705958107,1.12165438222913,0.855677897928153,1.4703062404908
"ukb-e-20523_CSA","finn-b-TRAUMBRAIN_NONCONCUS","finn-b-TRAUMBRAIN_NONCONCUS","Physical violence by partner or ex-partner as an adult || id:ukb-e-20523_CSA","Simple mode",5,0.0714243312054818,0.135771706398594,0.626662449862662,-0.194688213335763,0.337536875746726,1.07403687655068,0.823091246927688,1.40149128847689
