"id.exposure","id.outcome","outcome","exposure","method","nsnp","b","se","pval","lo_ci","up_ci","or","or_lci95","or_uci95"
"ukb-e-20523_CSA","finn-b-TRAUMBRAIN_NONCONCUS","finn-b-TRAUMBRAIN_NONCONCUS","Physical violence by partner or ex-partner as an adult || id:ukb-e-20523_CSA","Inverse variance weighted (fixed effects)",75,0.00912602785236414,0.0125932502758174,0.468650743319799,-0.0155567426882379,0.0338087983929662,1.00916779701002,0.984563638379104,1.03438681139869
"ukb-e-20523_CSA","finn-b-TRAUMBRAIN_NONCONCUS","finn-b-TRAUMBRAIN_NONCONCUS","Physical violence by partner or ex-partner as an adult || id:ukb-e-20523_CSA","MR Egger",75,0.0286742063764561,0.0280787857099199,0.310529572579476,-0.0263602136149869,0.083708626367899,1.02908926913273,0.973984184048187,1.08731203359226
"ukb-e-20523_CSA","finn-b-TRAUMBRAIN_NONCONCUS","finn-b-TRAUMBRAIN_NONCONCUS","Physical violence by partner or ex-partner as an adult || id:ukb-e-20523_CSA","Weighted median",75,0.00572245668519037,0.0210794845749077,0.786029241570306,-0.0355933330816288,0.0470382464520095,1.00573886121693,0.965032660554557,1.04816209679438
"ukb-e-20523_CSA","finn-b-TRAUMBRAIN_NONCONCUS","finn-b-TRAUMBRAIN_NONCONCUS","Physical violence by partner or ex-partner as an adult || id:ukb-e-20523_CSA","Weighted mode",75,-0.0381671118942154,0.097893272563387,0.697741565886763,-0.230037926118454,0.153703702330023,0.962552073549859,0.794503469499227,1.16614530944605
"ukb-e-20523_CSA","finn-b-TRAUMBRAIN_NONCONCUS","finn-b-TRAUMBRAIN_NONCONCUS","Physical violence by partner or ex-partner as an adult || id:ukb-e-20523_CSA","Simple mode",75,0.053642727264355,0.0940998165108444,0.570362411641175,-0.1307929130969,0.23807836762561,1.05510757363885,0.877399453514321,1.26880862244792
