"id.exposure","id.outcome","outcome","exposure","method","nsnp","b","se","pval","lo_ci","up_ci","or","or_lci95","or_uci95"
"ukb-e-20523_AFR","finn-b-TRAUMBRAIN_NONCONCUS","finn-b-TRAUMBRAIN_NONCONCUS","Physical violence by partner or ex-partner as an adult || id:ukb-e-20523_AFR","Inverse variance weighted (fixed effects)",11,0.0890251842384542,0.0318322297540358,0.00516275103083727,0.0266340139205441,0.151416354556364,1.09310818507687,1.02699186924661,1.16348097785683
"ukb-e-20523_AFR","finn-b-TRAUMBRAIN_NONCONCUS","finn-b-TRAUMBRAIN_NONCONCUS","Physical violence by partner or ex-partner as an adult || id:ukb-e-20523_AFR","MR Egger",11,0.0882095331899274,0.06736708121118,0.222842724531708,-0.0438299459839853,0.22024901236384,1.09221695375585,0.957116705174214,1.24638705773564
"ukb-e-20523_AFR","finn-b-TRAUMBRAIN_NONCONCUS","finn-b-TRAUMBRAIN_NONCONCUS","Physical violence by partner or ex-partner as an adult || id:ukb-e-20523_AFR","Weighted median",11,0.0839136985757978,0.0437546499617839,0.055133387265634,-0.0018454153492987,0.169672812500894,1.08753503393647,0.998156286382645,1.18491709782789
"ukb-e-20523_AFR","finn-b-TRAUMBRAIN_NONCONCUS","finn-b-TRAUMBRAIN_NONCONCUS","Physical violence by partner or ex-partner as an adult || id:ukb-e-20523_AFR","Weighted mode",11,0.0790868535914709,0.100456054385662,0.449375787231994,-0.117807013004426,0.275980720187368,1.08229831948434,0.888867575946144,1.31782245641233
"ukb-e-20523_AFR","finn-b-TRAUMBRAIN_NONCONCUS","finn-b-TRAUMBRAIN_NONCONCUS","Physical violence by partner or ex-partner as an adult || id:ukb-e-20523_AFR","Simple mode",11,0.0869209830365769,0.0544657812288993,0.141599142898408,-0.0198319481720657,0.19367391424522,1.09081048378075,0.980363411327418,1.21370044799501
