"id.exposure","id.outcome","outcome","exposure","method","nsnp","b","se","pval","lo_ci","up_ci","or","or_lci95","or_uci95","n_snps","pqtl_file"
"FABP3","ebi-a-GCST90091033","ebi-a-GCST90091033","FABP3","Inverse variance weighted (fixed effects)",5,0.0596924954432808,0.13345219695898,0.654662103660799,-0.20187381059632,0.321258801482882,1.06151007716679,0.817198043169831,1.37886238635115,5,"FABP3_P05413_OID30351_v1_Cardiometabolic_II_expo_rt.txt"
"FABP3","ebi-a-GCST90091033","ebi-a-GCST90091033","FABP3","MR Egger",5,0.0986237851564052,0.397019293296122,0.819850714731375,-0.679534029703994,0.876781600016804,1.10365101155233,0.506853115844475,2.40315293962646,5,"FABP3_P05413_OID30351_v1_Cardiometabolic_II_expo_rt.txt"
"FABP3","ebi-a-GCST90091033","ebi-a-GCST90091033","FABP3","Weighted median",5,0.114022848698766,0.172989399862839,0.509811009947058,-0.225036375032397,0.45308207242993,1.1207777329044,0.798487173234319,1.5731532937295,5,"FABP3_P05413_OID30351_v1_Cardiometabolic_II_expo_rt.txt"
"FABP3","ebi-a-GCST90091033","ebi-a-GCST90091033","FABP3","Weighted mode",5,0.197039550462463,0.415331529962433,0.659942851552258,-0.617010248263906,1.01108934918883,1.21779220399831,0.539555164547942,2.74859356292437,5,"FABP3_P05413_OID30351_v1_Cardiometabolic_II_expo_rt.txt"
"FABP3","ebi-a-GCST90091033","ebi-a-GCST90091033","FABP3","Simple mode",5,0.261816428086665,0.396370750450635,0.545012166295859,-0.51507024279658,1.03870309896991,1.29928800775036,0.597458625979528,2.82555017816707,5,"FABP3_P05413_OID30351_v1_Cardiometabolic_II_expo_rt.txt"
