"id.exposure","id.outcome","outcome","exposure","method","nsnp","b","se","pval","lo_ci","up_ci","or","or_lci95","or_uci95","n_snps","pqtl_file"
"GC","ebi-a-GCST90091033","ebi-a-GCST90091033","GC","Inverse variance weighted (fixed effects)",59,0.0144098750701493,0.0104649673523918,0.168523621637762,-0.00610146094053858,0.0349212110808372,1.01451419781017,0.993917115172588,1.03553811665642,60,"GC_P02774_OID30780_v1_Inflammation_II_expo_rt.txt"
"GC","ebi-a-GCST90091033","ebi-a-GCST90091033","GC","MR Egger",59,0.00103831417790665,0.0173728085936109,0.952550560429317,-0.0330123906655708,0.0350890190213841,1.00103885341269,0.967526571216585,1.03571190275607,60,"GC_P02774_OID30780_v1_Inflammation_II_expo_rt.txt"
"GC","ebi-a-GCST90091033","ebi-a-GCST90091033","GC","Weighted median",59,0.00380244646188004,0.01629992314611,0.815543969314585,-0.0281454029044956,0.0357502958282557,1.00380968493315,0.972246988987038,1.03639702151757,60,"GC_P02774_OID30780_v1_Inflammation_II_expo_rt.txt"
"GC","ebi-a-GCST90091033","ebi-a-GCST90091033","GC","Weighted mode",59,0.00577752226430928,0.186976119662541,0.975455545562921,-0.36069567227427,0.372250716802889,1.0057942443346,0.697191140779114,1.45099672495281,60,"GC_P02774_OID30780_v1_Inflammation_II_expo_rt.txt"
"GC","ebi-a-GCST90091033","ebi-a-GCST90091033","GC","Simple mode",59,-0.0205487062264286,0.0322275861799491,0.5262352878466,-0.0837147751391287,0.0426173626862716,0.979660979722974,0.919693538150128,1.04353852167124,60,"GC_P02774_OID30780_v1_Inflammation_II_expo_rt.txt"
