"id.exposure","id.outcome","outcome","exposure","method","nsnp","b","se","pval","lo_ci","up_ci","or","or_lci95","or_uci95","n_snps","pqtl_file"
"GGT1","ebi-a-GCST90091033","ebi-a-GCST90091033","GGT1","Inverse variance weighted (fixed effects)",21,0.16161277701812,0.0412696769229219,9.00237165577349e-05,0.0807242102491935,0.242501343787047,1.17540500935591,1.08407187942224,1.27443296172877,21,"GGT1_P19440_OID21075_v1_Neurology_expo_rt.txt"
"GGT1","ebi-a-GCST90091033","ebi-a-GCST90091033","GGT1","MR Egger",21,0.111492392066519,0.070315423006881,0.129332285075459,-0.026325837026968,0.249310621160006,1.11794523872017,0.974017666876729,1.28314054177753,21,"GGT1_P19440_OID21075_v1_Neurology_expo_rt.txt"
"GGT1","ebi-a-GCST90091033","ebi-a-GCST90091033","GGT1","Weighted median",21,0.149325942270335,0.0571541795768318,0.00898337149154754,0.0373037502997443,0.261348134240925,1.161051363259,1.03800826828011,1.29867970161661,21,"GGT1_P19440_OID21075_v1_Neurology_expo_rt.txt"
"GGT1","ebi-a-GCST90091033","ebi-a-GCST90091033","GGT1","Weighted mode",21,0.152237785059106,0.272599697569959,0.582724940623363,-0.382057622178013,0.686533192296225,1.16443708925717,0.682455727486969,1.98681567202995,21,"GGT1_P19440_OID21075_v1_Neurology_expo_rt.txt"
"GGT1","ebi-a-GCST90091033","ebi-a-GCST90091033","GGT1","Simple mode",21,0.219518325403829,0.089925910825584,0.024066839337478,0.0432635401856841,0.395773110621973,1.24547667160956,1.04421305069298,1.48553222782859,21,"GGT1_P19440_OID21075_v1_Neurology_expo_rt.txt"
