"id.exposure","id.outcome","outcome","exposure","method","nsnp","b","se","pval","lo_ci","up_ci","or","or_lci95","or_uci95","n_snps","pqtl_file"
"SMPD1","ebi-a-GCST90091033","ebi-a-GCST90091033","SMPD1","Inverse variance weighted (fixed effects)",25,0.0567693858777754,0.0464186237212954,0.221334504647686,-0.0342111166159636,0.147749888371514,1.05841169756406,0.966367466871,1.15922292496834,25,"SMPD1_P17405_OID21028_v1_Neurology_expo_rt.txt"
"SMPD1","ebi-a-GCST90091033","ebi-a-GCST90091033","SMPD1","MR Egger",25,0.0259889046030415,0.113260708332203,0.82053899559561,-0.196002083728075,0.247979892934158,1.02632956087638,0.822010521829999,1.28143416605383,25,"SMPD1_P17405_OID21028_v1_Neurology_expo_rt.txt"
"SMPD1","ebi-a-GCST90091033","ebi-a-GCST90091033","SMPD1","Weighted median",25,0.0552097240952368,0.0638461833091327,0.387186879079774,-0.0699287951906633,0.180348243381137,1.05676221993716,0.932460213193854,1.19763435874807,25,"SMPD1_P17405_OID21028_v1_Neurology_expo_rt.txt"
"SMPD1","ebi-a-GCST90091033","ebi-a-GCST90091033","SMPD1","Weighted mode",25,0.0505967077743599,0.356614558403729,0.88835857276137,-0.648367826696949,0.749561242245669,1.0518985852073,0.522898541681571,2.11607137017978,25,"SMPD1_P17405_OID21028_v1_Neurology_expo_rt.txt"
"SMPD1","ebi-a-GCST90091033","ebi-a-GCST90091033","SMPD1","Simple mode",25,0.219699993882304,0.348426763160154,0.53429445291486,-0.463216461911598,0.902616449676206,1.24570295601522,0.629256407720055,2.4660469652546,25,"SMPD1_P17405_OID21028_v1_Neurology_expo_rt.txt"
