"id.exposure","id.outcome","outcome","exposure","method","nsnp","b","se","pval","lo_ci","up_ci","or","or_lci95","or_uci95"
"ukb-e-20523_CSA","finn-b-TRAUMBRAIN_NONCONCUS","finn-b-TRAUMBRAIN_NONCONCUS","Physical violence by partner or ex-partner as an adult || id:ukb-e-20523_CSA","Inverse variance weighted (multiplicative random effects)",5,0.0505150277146124,0.0685306919680055,0.461052181076234,-0.0838051285426783,0.184835183971903,1.05181266957686,0.919610444462689,1.20302014678487
"ukb-e-20523_CSA","finn-b-TRAUMBRAIN_NONCONCUS","finn-b-TRAUMBRAIN_NONCONCUS","Physical violence by partner or ex-partner as an adult || id:ukb-e-20523_CSA","MR Egger",5,0.401544271381869,0.107897671218962,0.0337715001726144,0.190064835792703,0.613023706971035,1.49413025957707,1.20932800285519,1.84600474586973
"ukb-e-20523_CSA","finn-b-TRAUMBRAIN_NONCONCUS","finn-b-TRAUMBRAIN_NONCONCUS","Physical violence by partner or ex-partner as an adult || id:ukb-e-20523_CSA","Weighted median",5,0.101021022388431,0.0509926657107841,0.0475812644799601,0.00107539759529438,0.200966647181568,1.10629989858516,1.00107597604262,1.22258399452133
"ukb-e-20523_CSA","finn-b-TRAUMBRAIN_NONCONCUS","finn-b-TRAUMBRAIN_NONCONCUS","Physical violence by partner or ex-partner as an adult || id:ukb-e-20523_CSA","Weighted mode",5,0.114804722418353,0.145528008595452,0.474307284423823,-0.170430174428732,0.400039619265439,1.12165438222913,0.843301971614774,1.49188380381082
"ukb-e-20523_CSA","finn-b-TRAUMBRAIN_NONCONCUS","finn-b-TRAUMBRAIN_NONCONCUS","Physical violence by partner or ex-partner as an adult || id:ukb-e-20523_CSA","Simple mode",5,0.0714243312054818,0.131322124598646,0.615415223370271,-0.185967033007865,0.328815695418829,1.07403687655068,0.830300967056193,1.3893217736222
