"id.exposure","id.outcome","outcome","exposure","method","nsnp","b","se","pval","lo_ci","up_ci","or","or_lci95","or_uci95","n_snps"
"eqtl-a-ENSG00000156110","ebi-a-GCST90091033","ebi-a-GCST90091033","eqtl-a-ENSG00000156110","Inverse variance weighted (fixed effects)",4,0.0154005890991449,0.0161215536028265,0.339436389312672,-0.016197655962395,0.0469988341606847,1.0155197893031,0.983932820645338,1.04812078713852,4
"eqtl-a-ENSG00000156110","ebi-a-GCST90091033","ebi-a-GCST90091033","eqtl-a-ENSG00000156110","MR Egger",4,0.0340206713903661,0.02413244135123,0.294012148566021,-0.0132789136580448,0.0813202564387769,1.03460599325143,0.986808862163855,1.08471822894315,4
"eqtl-a-ENSG00000156110","ebi-a-GCST90091033","ebi-a-GCST90091033","eqtl-a-ENSG00000156110","Weighted median",4,0.0176080959555673,0.0158173930860435,0.265617819983928,-0.013393994493078,0.0486101864042125,1.01776403238045,0.986695305910179,1.0498110403513,4
"eqtl-a-ENSG00000156110","ebi-a-GCST90091033","ebi-a-GCST90091033","eqtl-a-ENSG00000156110","Weighted mode",4,0.0187899472310596,0.0959390264409704,0.857240716585888,-0.169250544593242,0.206830439055362,1.01896758917274,0.844297342750139,1.22977403245455,4
"eqtl-a-ENSG00000156110","ebi-a-GCST90091033","ebi-a-GCST90091033","eqtl-a-ENSG00000156110","Simple mode",4,0.0177581185039493,0.0785195529175271,0.835608504897871,-0.136140205214404,0.171656442222302,1.0179167313881,0.872720263978843,1.18726986734084,4
