"id.exposure","id.outcome","outcome","exposure","method","nsnp","b","se","pval","lo_ci","up_ci","or","or_lci95","or_uci95","n_snps"
"eqtl-a-ENSG00000196139","ebi-a-GCST90091033","ebi-a-GCST90091033","eqtl-a-ENSG00000196139","Inverse variance weighted (fixed effects)",8,-0.0209334538467304,0.0359135342226957,0.559970841795742,-0.0913239809232139,0.0494570732297532,0.97928412999299,0.912721958490034,1.05070048806829,8
"eqtl-a-ENSG00000196139","ebi-a-GCST90091033","ebi-a-GCST90091033","eqtl-a-ENSG00000196139","MR Egger",8,-0.066231417455467,0.0530982794403231,0.258752157036835,-0.1703040451585,0.0378412102475662,0.935914252333881,0.843408343385195,1.03856630609787,8
"eqtl-a-ENSG00000196139","ebi-a-GCST90091033","ebi-a-GCST90091033","eqtl-a-ENSG00000196139","Weighted median",8,-0.0367239392724133,0.0393243270284027,0.350369250201456,-0.113799620248083,0.0403517417032561,0.963942205208166,0.892436764224442,1.04117693514013,8
"eqtl-a-ENSG00000196139","ebi-a-GCST90091033","ebi-a-GCST90091033","eqtl-a-ENSG00000196139","Weighted mode",8,-0.0436438002232828,0.187233821936785,0.8223547885376,-0.410622091219381,0.323334490772816,0.957294884974572,0.663237527531834,1.38172744869973,8
"eqtl-a-ENSG00000196139","ebi-a-GCST90091033","ebi-a-GCST90091033","eqtl-a-ENSG00000196139","Simple mode",8,-0.0365282861148476,0.143875311770555,0.80687769727707,-0.318523897185136,0.245467324955441,0.964130821995459,0.727221699196349,1.27821851706141,8
