"id.exposure","id.outcome","outcome","exposure","method","nsnp","b","se","pval","lo_ci","up_ci","or","or_lci95","or_uci95","n_snps"
"eqtl-a-ENSG00000085662","ebi-a-GCST90091033","ebi-a-GCST90091033","eqtl-a-ENSG00000085662","Inverse variance weighted (fixed effects)",5,0.0134337994474729,0.0367995153950893,0.715071317419347,-0.0586932507269022,0.085560849621848,1.01352443835145,0.94299598812987,1.0893278445148,5
"eqtl-a-ENSG00000085662","ebi-a-GCST90091033","ebi-a-GCST90091033","eqtl-a-ENSG00000085662","MR Egger",5,0.0106031258803508,0.112581072461144,0.930902332188159,-0.210055776143492,0.231262027904194,1.01065953822567,0.810539035967803,1.2601894009792,5
"eqtl-a-ENSG00000085662","ebi-a-GCST90091033","ebi-a-GCST90091033","eqtl-a-ENSG00000085662","Weighted median",5,0.00312271159570349,0.0374736333639032,0.933588431058481,-0.0703256097975468,0.0765710329889538,1.00312759233862,0.932090272764658,1.07957887332781,5
"eqtl-a-ENSG00000085662","ebi-a-GCST90091033","ebi-a-GCST90091033","eqtl-a-ENSG00000085662","Weighted mode",5,0.00598738050691716,0.203654355426178,0.977954181551377,-0.393175156128391,0.405149917142225,1.00600534069652,0.674910522518378,1.49952728805227,5
"eqtl-a-ENSG00000085662","ebi-a-GCST90091033","ebi-a-GCST90091033","eqtl-a-ENSG00000085662","Simple mode",5,-0.037638150829415,0.182617507954254,0.846775088359845,-0.395568466419753,0.320292164760922,0.963061360804299,0.673297183599497,1.37753017132169,5
