"id.exposure","id.outcome","outcome","exposure","method","nsnp","b","se","pval","lo_ci","up_ci","or","or_lci95","or_uci95","n_snps"
"eqtl-a-ENSG00000103056","ebi-a-GCST90091033","ebi-a-GCST90091033","eqtl-a-ENSG00000103056","Inverse variance weighted (fixed effects)",68,-0.0117716829034226,0.0194520006938269,0.545068928103439,-0.0498976042633233,0.026354238456478,0.988297332282027,0.951326831325321,1.02670458230959,70
"eqtl-a-ENSG00000103056","ebi-a-GCST90091033","ebi-a-GCST90091033","eqtl-a-ENSG00000103056","MR Egger",68,0.0277304615700469,0.0575172292909318,0.631312596309811,-0.0850033078401795,0.140464230980273,1.02811852961689,0.918509246114643,1.15080791555762,70
"eqtl-a-ENSG00000103056","ebi-a-GCST90091033","ebi-a-GCST90091033","eqtl-a-ENSG00000103056","Weighted median",68,-0.011838235004432,0.0283961614279359,0.67675476564158,-0.0674947114031864,0.0438182413943224,0.988231561206767,0.934732664027144,1.04479243761273,70
"eqtl-a-ENSG00000103056","ebi-a-GCST90091033","ebi-a-GCST90091033","eqtl-a-ENSG00000103056","Weighted mode",68,0.0127169040287173,0.068103181790306,0.852436638547111,-0.120765332280282,0.146199140337717,1.01279810770746,0.886241907560149,1.1574266554374,70
"eqtl-a-ENSG00000103056","ebi-a-GCST90091033","ebi-a-GCST90091033","eqtl-a-ENSG00000103056","Simple mode",68,0.0746267733745355,0.0599310696461634,0.217392047083035,-0.0428381231319447,0.192091669881016,1.07748193088463,0.958066466314019,1.21178159574823,70
