"id.exposure","id.outcome","outcome","exposure","method","nsnp","b","se","pval","lo_ci","up_ci","or","or_lci95","or_uci95","n_snps"
"eqtl-a-ENSG00000079459","ebi-a-GCST90091033","ebi-a-GCST90091033","eqtl-a-ENSG00000079459","Inverse variance weighted (fixed effects)",95,-0.0114699268500406,0.00483086285243652,0.017582168038014,-0.0209384180408162,-0.00200143565926502,0.988595601984665,0.97927926864857,0.998000565877546,107
"eqtl-a-ENSG00000079459","ebi-a-GCST90091033","ebi-a-GCST90091033","eqtl-a-ENSG00000079459","MR Egger",95,-0.0487565783199971,0.0105160533883601,1.15472204544405e-05,-0.0693680429611828,-0.0281451136788113,0.952412939441377,0.932983238967534,0.972247270185879,107
"eqtl-a-ENSG00000079459","ebi-a-GCST90091033","ebi-a-GCST90091033","eqtl-a-ENSG00000079459","Weighted median",95,-0.0232835634227572,0.00712364026965194,0.0010812211655165,-0.037245898351275,-0.00932122849423938,0.976985407164699,0.96343919810864,0.990722079490417,107
"eqtl-a-ENSG00000079459","ebi-a-GCST90091033","ebi-a-GCST90091033","eqtl-a-ENSG00000079459","Weighted mode",95,-0.0267337875882426,0.021386181005127,0.21438458612262,-0.0686507023582915,0.0151831271818063,0.973620396861607,0.933652745830181,1.01529897643269,107
"eqtl-a-ENSG00000079459","ebi-a-GCST90091033","ebi-a-GCST90091033","eqtl-a-ENSG00000079459","Simple mode",95,-0.014985584461274,0.0160532983692919,0.352959000009594,-0.0464500492650862,0.0164788803425381,0.985126140624735,0.954612242962169,1.01661540599018,107
