"id.exposure","id.outcome","outcome","exposure","method","nsnp","b","se","pval","lo_ci","up_ci","or","or_lci95","or_uci95","n_snps"
"eqtl-a-ENSG00000134824","ebi-a-GCST90091033","ebi-a-GCST90091033","eqtl-a-ENSG00000134824","Inverse variance weighted (fixed effects)",82,0.0261789354340088,0.00611555150351758,1.86293484173999e-05,0.0141924544871143,0.0381654163809032,1.02652461366811,1.01429364551895,1.03890307025174,82
"eqtl-a-ENSG00000134824","ebi-a-GCST90091033","ebi-a-GCST90091033","eqtl-a-ENSG00000134824","MR Egger",82,0.00164836512709459,0.00914401237100993,0.857398699056821,-0.0162738991200849,0.0195706293742741,1.00164972442766,0.983857805359874,1.01976338956728,82
"eqtl-a-ENSG00000134824","ebi-a-GCST90091033","ebi-a-GCST90091033","eqtl-a-ENSG00000134824","Weighted median",82,0.0187264921274785,0.00835306573834663,0.0249697395407758,0.00235448328031906,0.0350985009746378,1.01890293253024,1.00235725725274,1.03572172337448,82
"eqtl-a-ENSG00000134824","ebi-a-GCST90091033","ebi-a-GCST90091033","eqtl-a-ENSG00000134824","Weighted mode",82,0.0173749843413851,0.0446333319502963,0.698088588705187,-0.0701063462811957,0.104856314963966,1.01752680741502,0.932294668562873,1.11055102932661,82
"eqtl-a-ENSG00000134824","ebi-a-GCST90091033","ebi-a-GCST90091033","eqtl-a-ENSG00000134824","Simple mode",82,0.0173749843413851,0.0146562847734216,0.239287161916726,-0.0113513338145213,0.0461013024972914,1.01752680741502,0.988712849490237,1.04718048758244,82
