"id.exposure","id.outcome","outcome","exposure","method","nsnp","b","se","pval","lo_ci","up_ci","or","or_lci95","or_uci95","n_snps"
"eqtl-a-ENSG00000198431","ebi-a-GCST90091033","ebi-a-GCST90091033","eqtl-a-ENSG00000198431","Inverse variance weighted (fixed effects)",52,-0.0377780198305307,0.0146294918162603,0.00981387254453621,-0.0664518237904009,-0.00910421587066053,0.962926667793658,0.935707993634909,0.990937102018582,54
"eqtl-a-ENSG00000198431","ebi-a-GCST90091033","ebi-a-GCST90091033","eqtl-a-ENSG00000198431","MR Egger",52,0.0841254412026238,0.0435887818984221,0.0592921546414387,-0.00130857131828348,0.169559453723531,1.08776533584282,0.998692284487829,1.18478278468733,54
"eqtl-a-ENSG00000198431","ebi-a-GCST90091033","ebi-a-GCST90091033","eqtl-a-ENSG00000198431","Weighted median",52,-0.02048270243223,0.0200060125494155,0.305916838711252,-0.0596944870290843,0.0187290821646242,0.979725643198658,0.942052298820575,1.0189055715301,54
"eqtl-a-ENSG00000198431","ebi-a-GCST90091033","ebi-a-GCST90091033","eqtl-a-ENSG00000198431","Weighted mode",52,-0.012957620872625,0.0519842056597453,0.804160281793811,-0.114846663965726,0.0889314222204758,0.987125967670985,0.891502832935833,1.09300569785235,54
"eqtl-a-ENSG00000198431","ebi-a-GCST90091033","ebi-a-GCST90091033","eqtl-a-ENSG00000198431","Simple mode",52,-0.0176342661477515,0.0382306943379717,0.646573777807829,-0.092566427050176,0.057297894754673,0.982520307591746,0.911588654807888,1.05897122538632,54
