"id.exposure","id.outcome","outcome","exposure","method","nsnp","b","se","pval","lo_ci","up_ci","or","or_lci95","or_uci95","n_snps"
"eqtl-a-ENSG00000185000","ebi-a-GCST90091033","ebi-a-GCST90091033","eqtl-a-ENSG00000185000","Inverse variance weighted (fixed effects)",58,-0.0923800159764743,0.0158857910369089,6.05394687273384e-09,-0.123516166408816,-0.0612438655441327,0.911758600867226,0.8838073531376,0.940593833378004,58
"eqtl-a-ENSG00000185000","ebi-a-GCST90091033","ebi-a-GCST90091033","eqtl-a-ENSG00000185000","MR Egger",58,-0.160598495657971,0.048192992194083,0.00153008550235702,-0.255056760358374,-0.0661402309575682,0.851633937195803,0.774872514671213,0.935999598968056,58
"eqtl-a-ENSG00000185000","ebi-a-GCST90091033","ebi-a-GCST90091033","eqtl-a-ENSG00000185000","Weighted median",58,-0.100879148046924,0.0211211954725644,1.78634767962451e-06,-0.14227669117315,-0.0594816049206979,0.904042281559663,0.86738122655122,0.942252866248009,58
"eqtl-a-ENSG00000185000","ebi-a-GCST90091033","ebi-a-GCST90091033","eqtl-a-ENSG00000185000","Weighted mode",58,-0.10134723268136,0.0534246106214,0.0628965984608748,-0.206059469499304,0.00336500413658448,0.903619212282624,0.813784679476439,1.00337067211882,58
"eqtl-a-ENSG00000185000","ebi-a-GCST90091033","ebi-a-GCST90091033","eqtl-a-ENSG00000185000","Simple mode",58,-0.0962499215729938,0.0327358698036583,0.00473149270062564,-0.160412226388164,-0.0320876167578236,0.90823699968213,0.851792585202592,0.968421728389902,58
