"id.exposure","id.outcome","outcome","exposure","method","nsnp","b","se","pval","lo_ci","up_ci","or","or_lci95","or_uci95","n_snps"
"eqtl-a-ENSG00000213639","ebi-a-GCST90091033","ebi-a-GCST90091033","eqtl-a-ENSG00000213639","Inverse variance weighted (fixed effects)",65,-8.19813334416783e-05,0.00545683164154158,0.988013341084834,-0.0107773713508632,0.0106134086839798,0.999918022026936,0.989280496441619,1.01066993069267,67
"eqtl-a-ENSG00000213639","ebi-a-GCST90091033","ebi-a-GCST90091033","eqtl-a-ENSG00000213639","MR Egger",65,-0.0154482065648922,0.0128438501279074,0.233565933334893,-0.0406221528155907,0.00972573968580624,0.984670504898935,0.960191867207374,1.00977318839186,67
"eqtl-a-ENSG00000213639","ebi-a-GCST90091033","ebi-a-GCST90091033","eqtl-a-ENSG00000213639","Weighted median",65,-0.0108208394336024,0.00759697448148397,0.154341797237197,-0.025710909417311,0.00406923055010614,0.989237495249743,0.974616801425693,1.00407752111033,67
"eqtl-a-ENSG00000213639","ebi-a-GCST90091033","ebi-a-GCST90091033","eqtl-a-ENSG00000213639","Weighted mode",65,-0.00333450984790074,0.0186997677092021,0.859036297105199,-0.0399860545579369,0.0333170348621354,0.996671043455832,0.960802837879207,1.03387826274117,67
"eqtl-a-ENSG00000213639","ebi-a-GCST90091033","ebi-a-GCST90091033","eqtl-a-ENSG00000213639","Simple mode",65,-0.00140934635313633,0.0145145799906345,0.922951478721192,-0.0298579231347799,0.0270392304285073,0.998591646309046,0.970583421202872,1.02740810763321,67
