"id.exposure","id.outcome","outcome","exposure","method","nsnp","b","se","pval","lo_ci","up_ci","or","or_lci95","or_uci95","n_snps"
"eqtl-a-ENSG00000109819","ebi-a-GCST90091033","ebi-a-GCST90091033","eqtl-a-ENSG00000109819","Inverse variance weighted (fixed effects)",48,0.0195877636505483,0.0102901931176307,0.05697050652406,-0.000581014860007938,0.0397565421611045,1.01978086262463,0.999419153896441,1.04055741149342,48
"eqtl-a-ENSG00000109819","ebi-a-GCST90091033","ebi-a-GCST90091033","eqtl-a-ENSG00000109819","MR Egger",48,0.0276287909711095,0.0195572416945169,0.164470347071642,-0.0107034027501436,0.0659609846923627,1.02801400550381,0.989353674842078,1.06818504078501,48
"eqtl-a-ENSG00000109819","ebi-a-GCST90091033","ebi-a-GCST90091033","eqtl-a-ENSG00000109819","Weighted median",48,0.0280587833908828,0.0149383268036546,0.0603390002411785,-0.00122033714428029,0.0573379039260458,1.02845613878376,0.998780407164293,1.05901359479514,48
"eqtl-a-ENSG00000109819","ebi-a-GCST90091033","ebi-a-GCST90091033","eqtl-a-ENSG00000109819","Weighted mode",48,0.0354012232076735,0.049692540403979,0.479735742818337,-0.0619961559841253,0.132798602399472,1.03603530682933,0.93988649972277,1.14201997508587,48
"eqtl-a-ENSG00000109819","ebi-a-GCST90091033","ebi-a-GCST90091033","eqtl-a-ENSG00000109819","Simple mode",48,0.0419933765221576,0.0255646964469313,0.10713397151254,-0.00811342851382767,0.0921001815581429,1.04288757118517,0.991919396512805,1.09647466311892,48
