"id.exposure","id.outcome","outcome","exposure","method","nsnp","b","se","pval","lo_ci","up_ci","or","or_lci95","or_uci95","n_snps"
"eqtl-a-ENSG00000072310","ebi-a-GCST90091033","ebi-a-GCST90091033","eqtl-a-ENSG00000072310","Inverse variance weighted (fixed effects)",102,-0.0913056104085324,0.00641226115850922,5.23060968949962e-46,-0.103873642279211,-0.0787375785378543,0.912738725816185,0.901339181390613,0.92428244417294,106
"eqtl-a-ENSG00000072310","ebi-a-GCST90091033","ebi-a-GCST90091033","eqtl-a-ENSG00000072310","MR Egger",102,-0.0894178703285172,0.012518763239557,1.50329780739842e-10,-0.113954646278049,-0.0648810943789855,0.914463366616115,0.892298424019331,0.937178892590717,106
"eqtl-a-ENSG00000072310","ebi-a-GCST90091033","ebi-a-GCST90091033","eqtl-a-ENSG00000072310","Weighted median",102,-0.0863856263507348,0.00869155325086008,2.81549547644613e-23,-0.103421070722421,-0.069350181979049,0.917240450923197,0.90174719418766,0.932999903113314,106
"eqtl-a-ENSG00000072310","ebi-a-GCST90091033","ebi-a-GCST90091033","eqtl-a-ENSG00000072310","Weighted mode",102,-0.0835146465558431,0.0183158431171107,1.4412624079511e-05,-0.11941369906538,-0.0476155940463061,0.919877613533734,0.887440591466846,0.953500247810255,106
"eqtl-a-ENSG00000072310","ebi-a-GCST90091033","ebi-a-GCST90091033","eqtl-a-ENSG00000072310","Simple mode",102,-0.0901325685800487,0.0108646105832851,4.92292668792304e-13,-0.111427205323288,-0.0688379318368099,0.913810034742289,0.894556507984969,0.933477954876982,106
