"id.exposure","id.outcome","outcome","exposure","method","nsnp","b","se","pval","lo_ci","up_ci","or","or_lci95","or_uci95","n_snps"
"eqtl-a-ENSG00000116133","ebi-a-GCST90091033","ebi-a-GCST90091033","eqtl-a-ENSG00000116133","Inverse variance weighted (fixed effects)",40,0.00913314657494129,0.0158278577211541,0.563919282198444,-0.0218894545585207,0.0401557477084033,1.00917498102117,0.978348381027279,1.04097289070966,41
"eqtl-a-ENSG00000116133","ebi-a-GCST90091033","ebi-a-GCST90091033","eqtl-a-ENSG00000116133","MR Egger",40,-0.0759553091217481,0.0299518723175478,0.0154485113093299,-0.134660978864142,-0.0172496393793544,0.926857627715199,0.87401217006492,0.982898283887781,41
"eqtl-a-ENSG00000116133","ebi-a-GCST90091033","ebi-a-GCST90091033","eqtl-a-ENSG00000116133","Weighted median",40,-0.00115845265079705,0.0220730635180329,0.958144127381159,-0.0444216571461415,0.0421047518445474,0.99884221809644,0.956550536057088,1.04300372959309,41
"eqtl-a-ENSG00000116133","ebi-a-GCST90091033","ebi-a-GCST90091033","eqtl-a-ENSG00000116133","Weighted mode",40,-0.0064976670042709,0.142270786373464,0.96380543843339,-0.285348408296261,0.272353074287719,0.993523397186586,0.751752291951852,1.3130505238558,41
"eqtl-a-ENSG00000116133","ebi-a-GCST90091033","ebi-a-GCST90091033","eqtl-a-ENSG00000116133","Simple mode",40,-0.00181304082990186,0.131577553725574,0.989076341644972,-0.259705046132026,0.256078964472222,0.998188601735794,0.771279043994394,1.2918547345395,41
