"id.exposure","id.outcome","outcome","exposure","method","nsnp","b","se","pval","lo_ci","up_ci","or","or_lci95","or_uci95","n_snps"
"eqtl-a-ENSG00000090661","ebi-a-GCST90091033","ebi-a-GCST90091033","eqtl-a-ENSG00000090661","Inverse variance weighted (fixed effects)",32,-0.0321417913598781,0.0187977283731056,0.0872887388284519,-0.0689853389711651,0.00470175625140891,0.968369265949224,0.933340363707879,1.00471282685095,34
"eqtl-a-ENSG00000090661","ebi-a-GCST90091033","ebi-a-GCST90091033","eqtl-a-ENSG00000090661","MR Egger",32,0.0194660718534539,0.0364042347863222,0.596784758762915,-0.0518862283277375,0.0908183720346454,1.01965677120942,0.949436879719884,1.09507009184219,34
"eqtl-a-ENSG00000090661","ebi-a-GCST90091033","ebi-a-GCST90091033","eqtl-a-ENSG00000090661","Weighted median",32,-0.0142798702381556,0.0260573598692505,0.583680386652493,-0.0653522955818866,0.0367925551055754,0.985821603523906,0.936737396794039,1.03747777904518,34
"eqtl-a-ENSG00000090661","ebi-a-GCST90091033","ebi-a-GCST90091033","eqtl-a-ENSG00000090661","Weighted mode",32,-0.00731314504327774,0.0910177725666805,0.936476538587562,-0.185707979273972,0.171081689187416,0.992713530933893,0.830516087484637,1.18658767644578,34
"eqtl-a-ENSG00000090661","ebi-a-GCST90091033","ebi-a-GCST90091033","eqtl-a-ENSG00000090661","Simple mode",32,-0.0380637003377562,0.0544524465083796,0.48974732933717,-0.14479049549418,0.0686630948186678,0.962651617704877,0.865203538163947,1.07107529753793,34
