"id.exposure","id.outcome","outcome","exposure","method","nsnp","b","se","pval","lo_ci","up_ci","or","or_lci95","or_uci95","n_snps"
"eqtl-a-ENSG00000100300","ebi-a-GCST90091033","ebi-a-GCST90091033","eqtl-a-ENSG00000100300","Inverse variance weighted (fixed effects)",49,-0.0830854957126128,0.0199746713908058,3.1888560367685e-05,-0.122235851638592,-0.0439351397866335,0.920272464506504,0.884939629426213,0.957016027723833,53
"eqtl-a-ENSG00000100300","ebi-a-GCST90091033","ebi-a-GCST90091033","eqtl-a-ENSG00000100300","MR Egger",49,-0.0482541832653903,0.0367831536363975,0.195940662519544,-0.120349164392729,0.0238407978619489,0.952891547207116,0.886610809739975,1.02412726166182,53
"eqtl-a-ENSG00000100300","ebi-a-GCST90091033","ebi-a-GCST90091033","eqtl-a-ENSG00000100300","Weighted median",49,-0.0583135548507591,0.0306584331964998,0.0571659741704326,-0.118404083915899,0.00177697421438056,0.943354107801761,0.888337017378701,1.00177855396865,53
"eqtl-a-ENSG00000100300","ebi-a-GCST90091033","ebi-a-GCST90091033","eqtl-a-ENSG00000100300","Weighted mode",49,-0.0583898330814799,0.127150079953818,0.648149304014089,-0.307603989790963,0.190824323628003,0.943282153163796,0.735206409611597,1.21024682163393,53
"eqtl-a-ENSG00000100300","ebi-a-GCST90091033","ebi-a-GCST90091033","eqtl-a-ENSG00000100300","Simple mode",49,-0.17532136039458,0.0596402421454938,0.00504064203349935,-0.292216234999748,-0.058426485789412,0.839187295871551,0.746607075936454,0.943247579952143,53
