"id.exposure","id.outcome","outcome","exposure","method","nsnp","b","se","pval","lo_ci","up_ci","or","or_lci95","or_uci95","n_snps"
"eqtl-a-ENSG00000084754","ebi-a-GCST90091033","ebi-a-GCST90091033","eqtl-a-ENSG00000084754","Inverse variance weighted (fixed effects)",47,-0.0188398958995624,0.012780403807021,0.140448293679209,-0.0438894873613236,0.00620969556219882,0.981336465658081,0.957059718823854,1.00622901569169,47
"eqtl-a-ENSG00000084754","ebi-a-GCST90091033","ebi-a-GCST90091033","eqtl-a-ENSG00000084754","MR Egger",47,-0.120922077647062,0.0240515480132313,8.39030748684283e-06,-0.168063111752996,-0.0737810435411292,0.886103004133811,0.845300484605776,0.928875054769606,47
"eqtl-a-ENSG00000084754","ebi-a-GCST90091033","ebi-a-GCST90091033","eqtl-a-ENSG00000084754","Weighted median",47,-0.0483324315793383,0.0169171737130681,0.00427660559195555,-0.0814900920569518,-0.0151747711017248,0.952816987967278,0.921741842374324,0.984939785548271,47
"eqtl-a-ENSG00000084754","ebi-a-GCST90091033","ebi-a-GCST90091033","eqtl-a-ENSG00000084754","Weighted mode",47,-0.0474604428867398,0.031245615001446,0.135619609063816,-0.108701848289574,0.0137809625160943,0.953648195956216,0.89699781906714,1.01387635768875,47
"eqtl-a-ENSG00000084754","ebi-a-GCST90091033","ebi-a-GCST90091033","eqtl-a-ENSG00000084754","Simple mode",47,-0.0422294835507127,0.0195901151794388,0.036376628242081,-0.0806261093024127,-0.00383285779901262,0.958649760976972,0.922538555553937,0.996174478224803,47
