"id.exposure","id.outcome","outcome","exposure","method","nsnp","b","se","pval","lo_ci","up_ci","or","or_lci95","or_uci95","n_snps"
"eqtl-a-ENSG00000166311","ebi-a-GCST90091033","ebi-a-GCST90091033","eqtl-a-ENSG00000166311","Inverse variance weighted (fixed effects)",7,-0.135223229810659,0.0765299322525741,0.0772395217931556,-0.285221897025704,0.0147754374043859,0.873520894018187,0.75184740310564,1.01488513378441,7
"eqtl-a-ENSG00000166311","ebi-a-GCST90091033","ebi-a-GCST90091033","eqtl-a-ENSG00000166311","MR Egger",7,-0.32806502867634,0.209359460960081,0.177898320194129,-0.7384095721581,0.0822795148054192,0.720316176974722,0.477873334516517,1.08575925320551,7
"eqtl-a-ENSG00000166311","ebi-a-GCST90091033","ebi-a-GCST90091033","eqtl-a-ENSG00000166311","Weighted median",7,-0.119181518255768,0.0962998547148613,0.215861263052975,-0.307929233496896,0.0695661969853602,0.887646662063749,0.734967327236436,1.07204302487238,7
"eqtl-a-ENSG00000166311","ebi-a-GCST90091033","ebi-a-GCST90091033","eqtl-a-ENSG00000166311","Weighted mode",7,-0.134518086949845,0.151044591479835,0.407441841833778,-0.430565486250322,0.161529312350633,0.874137068260279,0.650141344763114,1.17530690866167,7
"eqtl-a-ENSG00000166311","ebi-a-GCST90091033","ebi-a-GCST90091033","eqtl-a-ENSG00000166311","Simple mode",7,-0.0566850308546556,0.128563323008369,0.674720028385901,-0.308669143951058,0.195299082241747,0.944891634212662,0.734423718363291,1.21567451878431,7
