"id.exposure","id.outcome","outcome","exposure","method","nsnp","b","se","pval","lo_ci","up_ci","or","or_lci95","or_uci95","n_snps"
"eqtl-a-ENSG00000186480","ebi-a-GCST90091033","ebi-a-GCST90091033","eqtl-a-ENSG00000186480","Inverse variance weighted (fixed effects)",42,0.00560680237352136,0.0124180339064851,0.651625739743253,-0.0187325440831894,0.0299461488302321,1.0056225499073,0.981441819565008,1.03039904426558,45
"eqtl-a-ENSG00000186480","ebi-a-GCST90091033","ebi-a-GCST90091033","eqtl-a-ENSG00000186480","MR Egger",42,0.0144371844323154,0.0206372069042374,0.488244052900824,-0.0260117410999899,0.0548861099646207,1.01454190392413,0.974323649910196,1.05642029207941,45
"eqtl-a-ENSG00000186480","ebi-a-GCST90091033","ebi-a-GCST90091033","eqtl-a-ENSG00000186480","Weighted median",42,0.00780646312104508,0.0166572450453739,0.639317890481213,-0.0248417371678877,0.0404546634099778,1.00783701299803,0.975464279552196,1.04128410036202,45
"eqtl-a-ENSG00000186480","ebi-a-GCST90091033","ebi-a-GCST90091033","eqtl-a-ENSG00000186480","Weighted mode",42,0.00959833339705973,0.0749058214363789,0.898665696926986,-0.137217076618243,0.156413743412362,1.00964454513261,0.871780962327329,1.16930989728734,45
"eqtl-a-ENSG00000186480","ebi-a-GCST90091033","ebi-a-GCST90091033","eqtl-a-ENSG00000186480","Simple mode",42,0.021045030799613,0.0291230627512178,0.474012816038958,-0.036036172192774,0.0781262337919999,1.02126803911851,0.964605400959543,1.0812591414971,45
