"id.exposure","id.outcome","outcome","exposure","method","nsnp","b","se","pval","lo_ci","up_ci","or","or_lci95","or_uci95","n_snps"
"eqtl-a-ENSG00000170522","ebi-a-GCST90091033","ebi-a-GCST90091033","eqtl-a-ENSG00000170522","Inverse variance weighted (fixed effects)",25,-0.0288918771451613,0.0288905685233656,0.317288587837883,-0.0855173914509579,0.0277336371606354,0.971521502466382,0.918037176916782,1.0281217945056,25
"eqtl-a-ENSG00000170522","ebi-a-GCST90091033","ebi-a-GCST90091033","eqtl-a-ENSG00000170522","MR Egger",25,-0.00654158784545201,0.0427021992426636,0.879583822862372,-0.0902378983610727,0.0771547226701687,0.993479761761508,0.913713788400324,1.08020919631484,25
"eqtl-a-ENSG00000170522","ebi-a-GCST90091033","ebi-a-GCST90091033","eqtl-a-ENSG00000170522","Weighted median",25,-0.0175833641461985,0.0408444885844355,0.666835317577179,-0.097638561771692,0.0624718334792951,0.982570321114853,0.906976660555742,1.0644644762349,25
"eqtl-a-ENSG00000170522","ebi-a-GCST90091033","ebi-a-GCST90091033","eqtl-a-ENSG00000170522","Weighted mode",25,-0.0330131876886233,0.28485333460206,0.908699742430048,-0.59132572350866,0.525299348131414,0.967525800075912,0.553592886933419,1.69096495982456,25
"eqtl-a-ENSG00000170522","ebi-a-GCST90091033","ebi-a-GCST90091033","eqtl-a-ENSG00000170522","Simple mode",25,-0.0599721112651161,0.289666031657016,0.83772612667451,-0.627717533312867,0.507773310782635,0.941790798571896,0.533808812416185,1.66158723431333,25
