"id.exposure","id.outcome","outcome","exposure","method","nsnp","b","se","pval","lo_ci","up_ci","or","or_lci95","or_uci95","n_snps"
"eqtl-a-ENSG00000131791","ebi-a-GCST90091033","ebi-a-GCST90091033","eqtl-a-ENSG00000131791","Inverse variance weighted (fixed effects)",43,-0.063424523554838,0.00981153326786888,1.01780521901245e-10,-0.082655128759861,-0.044193918349815,0.938544954664232,0.920668604599443,0.956768404532406,43
"eqtl-a-ENSG00000131791","ebi-a-GCST90091033","ebi-a-GCST90091033","eqtl-a-ENSG00000131791","MR Egger",43,0.0463661203909741,0.0403353931995337,0.257005388478487,-0.0326912502801119,0.12542349106206,1.04745783643532,0.967837332969011,1.13362843293511,43
"eqtl-a-ENSG00000131791","ebi-a-GCST90091033","ebi-a-GCST90091033","eqtl-a-ENSG00000131791","Weighted median",43,-0.0667743118473226,0.013314395513377,5.29792494438621e-07,-0.0928705270535415,-0.0406780966411037,0.935406287633101,0.911311482841027,0.96013815190363,43
"eqtl-a-ENSG00000131791","ebi-a-GCST90091033","ebi-a-GCST90091033","eqtl-a-ENSG00000131791","Weighted mode",43,-0.0705847751811592,0.0244735377553838,0.00616707116879308,-0.118552909181711,-0.022616641180607,0.931848738531564,0.88820482022334,0.977637197785665,43
"eqtl-a-ENSG00000131791","ebi-a-GCST90091033","ebi-a-GCST90091033","eqtl-a-ENSG00000131791","Simple mode",43,-0.0724134859396513,0.0199598504794723,0.000767980439521002,-0.111534792879417,-0.0332921789998856,0.930146213905137,0.894460270013552,0.967255906435009,43
