"id.exposure","id.outcome","outcome","exposure","method","nsnp","b","se","pval","lo_ci","up_ci","or","or_lci95","or_uci95","n_snps"
"eqtl-a-ENSG00000105974","ebi-a-GCST90091033","ebi-a-GCST90091033","eqtl-a-ENSG00000105974","Inverse variance weighted (fixed effects)",34,-0.0405457890047825,0.0395306400185072,0.305042418946999,-0.118025843441057,0.0369342654314917,0.960265193917179,0.888673085947334,1.03762481077709,34
"eqtl-a-ENSG00000105974","ebi-a-GCST90091033","ebi-a-GCST90091033","eqtl-a-ENSG00000105974","MR Egger",34,-0.0214237941714366,0.11985358241958,0.85926114883125,-0.256336815713814,0.21348922737094,0.978804065201891,0.773881269518707,1.23799016178746,34
"eqtl-a-ENSG00000105974","ebi-a-GCST90091033","ebi-a-GCST90091033","eqtl-a-ENSG00000105974","Weighted median",34,-0.0159124929540754,0.0537047254793906,0.767004074357359,-0.121173754893681,0.0893487689855302,0.984213441897956,0.885880020230675,1.09346195544673,34
"eqtl-a-ENSG00000105974","ebi-a-GCST90091033","ebi-a-GCST90091033","eqtl-a-ENSG00000105974","Weighted mode",34,-0.000409054351481974,0.108278412576058,0.99700850330551,-0.212634743000556,0.211816634297592,0.999591029299843,0.808451375817951,1.23592123873349,34
"eqtl-a-ENSG00000105974","ebi-a-GCST90091033","ebi-a-GCST90091033","eqtl-a-ENSG00000105974","Simple mode",34,-0.00524577280873184,0.0958842612321895,0.956699845754006,-0.193178924823823,0.18268737920636,0.994767962229989,0.824334467043874,1.2004390672003,34
