"id.exposure","id.outcome","outcome","exposure","method","nsnp","b","se","pval","lo_ci","up_ci","or","or_lci95","or_uci95","n_snps"
"eqtl-a-ENSG00000106546","ebi-a-GCST90091033","ebi-a-GCST90091033","eqtl-a-ENSG00000106546","Inverse variance weighted (fixed effects)",58,0.024430902601492,0.0147844214777451,0.0984375408343162,-0.00454656349488842,0.0534083686978724,1.02473178236055,0.995463756478856,1.05486032911348,58
"eqtl-a-ENSG00000106546","ebi-a-GCST90091033","ebi-a-GCST90091033","eqtl-a-ENSG00000106546","MR Egger",58,0.0668164073463919,0.028906430196664,0.0245104743283963,0.0101598041609306,0.123473010531853,1.06909918140015,1.01021159020132,1.13141946772031,58
"eqtl-a-ENSG00000106546","ebi-a-GCST90091033","ebi-a-GCST90091033","eqtl-a-ENSG00000106546","Weighted median",58,0.0220845863978392,0.0226585260945724,0.329723961807156,-0.0223261247475227,0.0664952975432011,1.02233025604699,0.977921258717403,1.06875593828473,58
"eqtl-a-ENSG00000106546","ebi-a-GCST90091033","ebi-a-GCST90091033","eqtl-a-ENSG00000106546","Weighted mode",58,0.0346621512699551,0.0630573858051676,0.584677977081153,-0.0889303249081734,0.158254627448084,1.03526988509327,0.914909317744463,1.17146444373669,58
"eqtl-a-ENSG00000106546","ebi-a-GCST90091033","ebi-a-GCST90091033","eqtl-a-ENSG00000106546","Simple mode",58,0.0444008552514155,0.0421645306435232,0.296767159042567,-0.03824162480989,0.127043335312721,1.04540132552072,0.962480353660432,1.13546622249916,58
