"id.exposure","id.outcome","outcome","exposure","method","nsnp","b","se","pval","lo_ci","up_ci","or","or_lci95","or_uci95","n_snps"
"eqtl-a-ENSG00000112304","ebi-a-GCST90091033","ebi-a-GCST90091033","eqtl-a-ENSG00000112304","Inverse variance weighted (fixed effects)",42,-0.0365657983519739,0.0169333817276549,0.0308198169283333,-0.0697552265381775,-0.00337637016577034,0.964094655969782,0.932622073103052,0.996629323362356,42
"eqtl-a-ENSG00000112304","ebi-a-GCST90091033","ebi-a-GCST90091033","eqtl-a-ENSG00000112304","MR Egger",42,0.00346040330987266,0.0397780445736912,0.931111274783936,-0.0745045640545622,0.0814253706743075,1.00346639741742,0.928203237679094,1.08483225426329,42
"eqtl-a-ENSG00000112304","ebi-a-GCST90091033","ebi-a-GCST90091033","eqtl-a-ENSG00000112304","Weighted median",42,-0.0310716600002413,0.0234719218564866,0.185576130381785,-0.0770766268389551,0.0149333068384725,0.96940610294537,0.925818908311984,1.01504536577368,42
"eqtl-a-ENSG00000112304","ebi-a-GCST90091033","ebi-a-GCST90091033","eqtl-a-ENSG00000112304","Weighted mode",42,-0.0432010658115595,0.0572027433593213,0.454429524387,-0.155318442795829,0.0689163111727102,0.957718806197649,0.856142501658235,1.07134654566046,42
"eqtl-a-ENSG00000112304","ebi-a-GCST90091033","ebi-a-GCST90091033","eqtl-a-ENSG00000112304","Simple mode",42,-0.0145706310339216,0.0344028957992277,0.67412283904743,-0.082000306800408,0.0528590447325647,0.985535006917529,0.921271676049779,1.05428102818115,42
