"id.exposure","id.outcome","outcome","exposure","method","nsnp","b","se","pval","lo_ci","up_ci","or","or_lci95","or_uci95","n_snps"
"eqtl-a-ENSG00000069667","ebi-a-GCST90091033","ebi-a-GCST90091033","eqtl-a-ENSG00000069667","Inverse variance weighted (fixed effects)",21,-0.0377785595831842,0.0401290707873021,0.34648648007503,-0.116431538326296,0.040874419159928,0.962926148051574,0.890091032012597,1.04172127709778,21
"eqtl-a-ENSG00000069667","ebi-a-GCST90091033","ebi-a-GCST90091033","eqtl-a-ENSG00000069667","MR Egger",21,0.0292890360299021,0.0967999113570398,0.765502858726714,-0.160438790229896,0.2190168622897,1.02972217827715,0.851769958619696,1.24485226757012,21
"eqtl-a-ENSG00000069667","ebi-a-GCST90091033","ebi-a-GCST90091033","eqtl-a-ENSG00000069667","Weighted median",21,-0.0075588757387148,0.0521119992779446,0.884670936686188,-0.109698394323486,0.0945806428460566,0.992469620716908,0.896104364706262,1.09919780199803,21
"eqtl-a-ENSG00000069667","ebi-a-GCST90091033","ebi-a-GCST90091033","eqtl-a-ENSG00000069667","Weighted mode",21,-0.00736158639499562,0.0948650955069633,0.938916886582008,-0.193297173588644,0.178574000798652,0.992665443713301,0.82423699627436,1.19551134879479,21
"eqtl-a-ENSG00000069667","ebi-a-GCST90091033","ebi-a-GCST90091033","eqtl-a-ENSG00000069667","Simple mode",21,-0.0161537274733232,0.0765969164394407,0.835104949893958,-0.166283683694627,0.133976228747981,0.983976044276864,0.846805975064574,1.14336564008882,21
