"id.exposure","id.outcome","outcome","exposure","method","nsnp","b","se","pval","lo_ci","up_ci","or","or_lci95","or_uci95","n_snps"
"eqtl-a-ENSG00000233276","ebi-a-GCST90091033","ebi-a-GCST90091033","eqtl-a-ENSG00000233276","Inverse variance weighted (fixed effects)",58,0.0237135764210042,0.0189520571346641,0.21084684291278,-0.0134324555629374,0.0608596084049459,1.02399697900343,0.986657357282865,1.06274970258752,59
"eqtl-a-ENSG00000233276","ebi-a-GCST90091033","ebi-a-GCST90091033","eqtl-a-ENSG00000233276","MR Egger",58,-0.0178541442021804,0.0734648469346823,0.808870343612847,-0.161845244194158,0.126136955789797,0.982304296686975,0.850572825438449,1.13443752543152,59
"eqtl-a-ENSG00000233276","ebi-a-GCST90091033","ebi-a-GCST90091033","eqtl-a-ENSG00000233276","Weighted median",58,0.0486992615427491,0.0259910653658817,0.0609728345875412,-0.00224322657437908,0.0996417496598772,1.04990455658008,0.997759287578064,1.10477506113053,59
"eqtl-a-ENSG00000233276","ebi-a-GCST90091033","ebi-a-GCST90091033","eqtl-a-ENSG00000233276","Weighted mode",58,0.0492325758624531,0.051893868477263,0.34676989516532,-0.0524794063529824,0.150944558077889,1.05046463505008,0.948873861627965,1.16293218109907,59
"eqtl-a-ENSG00000233276","ebi-a-GCST90091033","ebi-a-GCST90091033","eqtl-a-ENSG00000233276","Simple mode",58,0.0468733598470606,0.0409101758031991,0.256680940954094,-0.0333105847272096,0.127057304421331,1.04798928315252,0.967238103550381,1.13548208406093,59
