"id.exposure","id.outcome","outcome","exposure","method","nsnp","b","se","pval","lo_ci","up_ci","or","or_lci95","or_uci95","n_snps"
"eqtl-a-ENSG00000121769","ebi-a-GCST90091033","ebi-a-GCST90091033","eqtl-a-ENSG00000121769","Inverse variance weighted (fixed effects)",18,0.0532234270600211,0.0430032277759188,0.215841706695995,-0.0310628993807798,0.137509753500822,1.0546652595553,0.969414595580542,1.14741289721013,18
"eqtl-a-ENSG00000121769","ebi-a-GCST90091033","ebi-a-GCST90091033","eqtl-a-ENSG00000121769","MR Egger",18,-0.377143526551214,0.210976823345601,0.0927939832815434,-0.790658100308593,0.036371047206165,0.685817633792065,0.453546218140158,1.03704056611668,18
"eqtl-a-ENSG00000121769","ebi-a-GCST90091033","ebi-a-GCST90091033","eqtl-a-ENSG00000121769","Weighted median",18,-0.00880864180907741,0.0560404158449386,0.875100047451805,-0.118647856865157,0.101030573247002,0.991230040612991,0.888120491236719,1.10631046474948,18
"eqtl-a-ENSG00000121769","ebi-a-GCST90091033","ebi-a-GCST90091033","eqtl-a-ENSG00000121769","Weighted mode",18,-0.0123185821170634,0.0953155514510364,0.898684528759498,-0.199137062961095,0.174499898726968,0.987756981020467,0.819437571095566,1.19065062180421,18
"eqtl-a-ENSG00000121769","ebi-a-GCST90091033","ebi-a-GCST90091033","eqtl-a-ENSG00000121769","Simple mode",18,-0.011401805133983,0.0899216541420474,0.90058865820746,-0.187648247252396,0.16484463698443,0.988662949107434,0.828906226000913,1.17920989887309,18
