"id.exposure","id.outcome","outcome","exposure","method","nsnp","b","se","pval","lo_ci","up_ci","or","or_lci95","or_uci95","n_snps"
"eqtl-a-ENSG00000131408","ebi-a-GCST90091033","ebi-a-GCST90091033","eqtl-a-ENSG00000131408","Inverse variance weighted (fixed effects)",4,0.0918434367385719,0.103787302190865,0.376199898371129,-0.111579675555523,0.295266549032666,1.09619318506493,0.894420125143875,1.34348441543565,4
"eqtl-a-ENSG00000131408","ebi-a-GCST90091033","ebi-a-GCST90091033","eqtl-a-ENSG00000131408","MR Egger",4,0.173397077366579,0.214031814085947,0.502925075045567,-0.246105278241878,0.592899432975036,1.18933827064318,0.781839909861421,1.80922654903512,4
"eqtl-a-ENSG00000131408","ebi-a-GCST90091033","ebi-a-GCST90091033","eqtl-a-ENSG00000131408","Weighted median",4,0.069621163650534,0.121840592092319,0.56772046760254,-0.169186396850412,0.30842872415148,1.07210195312191,0.844351504256105,1.36128447938334,4
"eqtl-a-ENSG00000131408","ebi-a-GCST90091033","ebi-a-GCST90091033","eqtl-a-ENSG00000131408","Weighted mode",4,0.057177776649479,0.175467951742204,0.765937616148899,-0.28673940876524,0.401094962064198,1.05884403140858,0.750707331100198,1.49345908372371,4
"eqtl-a-ENSG00000131408","ebi-a-GCST90091033","ebi-a-GCST90091033","eqtl-a-ENSG00000131408","Simple mode",4,0.0490455439844352,0.167371959195541,0.788597112778745,-0.279003496038825,0.377094584007695,1.05026818304856,0.756537258326797,1.45804221032515,4
