"id.exposure","id.outcome","outcome","exposure","method","nsnp","b","se","pval","lo_ci","up_ci","or","or_lci95","or_uci95","n_snps"
"eqtl-a-ENSG00000073756","ebi-a-GCST90091033","ebi-a-GCST90091033","eqtl-a-ENSG00000073756","Inverse variance weighted (fixed effects)",58,0.0696944970614164,0.0130521926053265,9.31121503723864e-08,0.0441121995549765,0.0952767945678564,1.07218057689778,1.04509960802137,1.09996327685289,59
"eqtl-a-ENSG00000073756","ebi-a-GCST90091033","ebi-a-GCST90091033","eqtl-a-ENSG00000073756","MR Egger",58,0.0905254294662589,0.0202174356955183,3.7598678278482e-05,0.050899255503043,0.130151603429475,1.09474934617925,1.05221688288276,1.13900104670097,59
"eqtl-a-ENSG00000073756","ebi-a-GCST90091033","ebi-a-GCST90091033","eqtl-a-ENSG00000073756","Weighted median",58,0.0892743400172773,0.0176328599694042,4.12811807666402e-07,0.054713934477245,0.12383474555731,1.0933805732302,1.05623841805832,1.13182881580357,59
"eqtl-a-ENSG00000073756","ebi-a-GCST90091033","ebi-a-GCST90091033","eqtl-a-ENSG00000073756","Weighted mode",58,0.0897493325471306,0.0430481726713378,0.04157267106025,0.00537491411130855,0.174123750982953,1.09390004419741,1.00538938487692,1.19020284547921,59
"eqtl-a-ENSG00000073756","ebi-a-GCST90091033","ebi-a-GCST90091033","eqtl-a-ENSG00000073756","Simple mode",58,0.0999211191494752,0.0286657163666585,0.000951528602724139,0.0437363150708245,0.156105923228126,1.10508374469186,1.04470684511569,1.16895001549161,59
