"id.exposure","id.outcome","outcome","exposure","method","nsnp","b","se","pval","lo_ci","up_ci","or","or_lci95","or_uci95","n_snps"
"eqtl-a-ENSG00000126821","ebi-a-GCST90091033","ebi-a-GCST90091033","eqtl-a-ENSG00000126821","Inverse variance weighted (fixed effects)",16,0.103074868879677,0.0560466746605891,0.0659019759076208,-0.00677661345507732,0.212926351214432,1.10857440369275,0.993246296011139,1.23729352272255,16
"eqtl-a-ENSG00000126821","ebi-a-GCST90091033","ebi-a-GCST90091033","eqtl-a-ENSG00000126821","MR Egger",16,0.643268483383827,0.811517137352101,0.441194354252159,-0.94730510582629,2.23384207259394,1.90268963662944,0.387784655192278,9.33566556815417,16
"eqtl-a-ENSG00000126821","ebi-a-GCST90091033","ebi-a-GCST90091033","eqtl-a-ENSG00000126821","Weighted median",16,0.0809937795494799,0.070472320558752,0.250432640096296,-0.057131968745674,0.219119527844634,1.08436415131223,0.944469420697063,1.24498007757971,16
"eqtl-a-ENSG00000126821","ebi-a-GCST90091033","ebi-a-GCST90091033","eqtl-a-ENSG00000126821","Weighted mode",16,0.0671612892179308,0.120749269096216,0.586273215481712,-0.169507278210652,0.303829856646514,1.0694679579152,0.844080611061511,1.35503848568316,16
"eqtl-a-ENSG00000126821","ebi-a-GCST90091033","ebi-a-GCST90091033","eqtl-a-ENSG00000126821","Simple mode",16,0.0671612892179308,0.118962470895166,0.580719021356205,-0.166005153736595,0.300327732172457,1.0694679579152,0.847041868747474,1.35030127223651,16
