"id.exposure","id.outcome","outcome","exposure","method","nsnp","b","se","pval","lo_ci","up_ci","or","or_lci95","or_uci95","n_snps"
"eqtl-a-ENSG00000172531","ebi-a-GCST90091033","ebi-a-GCST90091033","eqtl-a-ENSG00000172531","Inverse variance weighted (fixed effects)",16,0.0495773792825059,0.0621849841258274,0.425302111168875,-0.0723051896041159,0.171459948169128,1.05082690130062,0.930246950786234,1.18703659879109,16
"eqtl-a-ENSG00000172531","ebi-a-GCST90091033","ebi-a-GCST90091033","eqtl-a-ENSG00000172531","MR Egger",16,-0.0334956915293485,0.141622310776431,0.816459103155484,-0.311075420651154,0.244084037592457,0.967059077768082,0.732658616195591,1.27645159590124,16
"eqtl-a-ENSG00000172531","ebi-a-GCST90091033","ebi-a-GCST90091033","eqtl-a-ENSG00000172531","Weighted median",16,0.0504555743614538,0.076448557521898,0.509257804888459,-0.0993835983814663,0.200294747104374,1.05175013764565,0.905395333217192,1.22176281614683,16
"eqtl-a-ENSG00000172531","ebi-a-GCST90091033","ebi-a-GCST90091033","eqtl-a-ENSG00000172531","Weighted mode",16,0.0507894142692733,0.140309131903021,0.722414145656605,-0.224216484260647,0.325795312799193,1.05210131242946,0.799142113952252,1.38513182109927,16
"eqtl-a-ENSG00000172531","ebi-a-GCST90091033","ebi-a-GCST90091033","eqtl-a-ENSG00000172531","Simple mode",16,0.0507894142692733,0.135205829331328,0.712439831460114,-0.21421401122013,0.315792839758677,1.05210131242946,0.807175621897016,1.37134613780126,16
