"id.exposure","id.outcome","outcome","exposure","method","nsnp","b","se","pval","lo_ci","up_ci","or","or_lci95","or_uci95","n_snps"
"eqtl-a-ENSG00000079435","ebi-a-GCST90091033","ebi-a-GCST90091033","eqtl-a-ENSG00000079435","Inverse variance weighted (fixed effects)",38,0.0524307372520219,0.0317963929807809,0.099157394939001,-0.00989019299030857,0.114751667494352,1.05382956841889,0.990158554129878,1.12159487451973,38
"eqtl-a-ENSG00000079435","ebi-a-GCST90091033","ebi-a-GCST90091033","eqtl-a-ENSG00000079435","MR Egger",38,-0.0681390165006035,0.162388380399333,0.677267447012578,-0.386420242083296,0.250142209082089,0.934130604982673,0.679484917514934,1.28420802974794,38
"eqtl-a-ENSG00000079435","ebi-a-GCST90091033","ebi-a-GCST90091033","eqtl-a-ENSG00000079435","Weighted median",38,0.0626018359300614,0.0412782745853354,0.129372572881588,-0.0183035822571959,0.143507254117319,1.06460286822102,0.981862910949642,1.15431518431451,38
"eqtl-a-ENSG00000079435","ebi-a-GCST90091033","ebi-a-GCST90091033","eqtl-a-ENSG00000079435","Weighted mode",38,0.0831329660138735,0.0792202731453772,0.30080500504669,-0.0721387693510659,0.238404701378813,1.08668629128686,0.930401775601818,1.26922274509521,38
"eqtl-a-ENSG00000079435","ebi-a-GCST90091033","ebi-a-GCST90091033","eqtl-a-ENSG00000079435","Simple mode",38,0.0712357515098497,0.0797081878098189,0.37725532890325,-0.0849922965973953,0.227463799617095,1.07383435409981,0.918519360098635,1.2554119925367,38
