"id.exposure","id.outcome","outcome","exposure","method","nsnp","b","se","pval","lo_ci","up_ci","or","or_lci95","or_uci95","n_snps"
"eqtl-a-ENSG00000131473","ebi-a-GCST90091033","ebi-a-GCST90091033","eqtl-a-ENSG00000131473","Inverse variance weighted (multiplicative random effects)",32,0.0985391344934615,0.0248058047576479,7.11454163447945e-05,0.0499197571684715,0.147158511818451,1.10355759071667,1.05118674279098,1.15853759037611,32
"eqtl-a-ENSG00000131473","ebi-a-GCST90091033","ebi-a-GCST90091033","eqtl-a-ENSG00000131473","MR Egger",32,-0.130549245123187,0.0540640442259495,0.0220528167901201,-0.236514771806048,-0.0245837184403261,0.877613273710804,0.789374221732942,0.975716000077296,32
"eqtl-a-ENSG00000131473","ebi-a-GCST90091033","ebi-a-GCST90091033","eqtl-a-ENSG00000131473","Weighted median",32,0.0668649030701026,0.025780293914003,0.00949647784662361,0.0163355269986566,0.117394279141548,1.06915102939586,1.01646968121761,1.12456273392134,32
"eqtl-a-ENSG00000131473","ebi-a-GCST90091033","ebi-a-GCST90091033","eqtl-a-ENSG00000131473","Weighted mode",32,0.0551782344328429,0.064733133029573,0.400532308773542,-0.0716987063051203,0.182055175170806,1.05672894337556,0.930811301143062,1.19968038462394,32
"eqtl-a-ENSG00000131473","ebi-a-GCST90091033","ebi-a-GCST90091033","eqtl-a-ENSG00000131473","Simple mode",32,0.0643782497455446,0.0487627498869547,0.196422484579178,-0.0311967400328865,0.159953239523976,1.06649572421413,0.969284857181237,1.17345599834781,32
