"id.exposure","id.outcome","outcome","exposure","method","nsnp","b","se","pval","lo_ci","up_ci","or","or_lci95","or_uci95","n_snps"
"eqtl-a-ENSG00000125505","ebi-a-GCST90091033","ebi-a-GCST90091033","eqtl-a-ENSG00000125505","Inverse variance weighted (fixed effects)",15,-0.0593723457562693,0.0380378821352698,0.118553454982313,-0.133926594741398,0.0151819032288594,0.942355821633163,0.874654266469545,1.01529773375528,15
"eqtl-a-ENSG00000125505","ebi-a-GCST90091033","ebi-a-GCST90091033","eqtl-a-ENSG00000125505","MR Egger",15,-0.124890660093352,0.1100964513449,0.277122054473224,-0.340679704729356,0.0908983845426525,0.882593399988954,0.711286693489185,1.0951577146521,15
"eqtl-a-ENSG00000125505","ebi-a-GCST90091033","ebi-a-GCST90091033","eqtl-a-ENSG00000125505","Weighted median",15,-0.0842013276617,0.0515526346748063,0.102404247219786,-0.18524449162432,0.0168418363009203,0.919246167782565,0.830901110653872,1.01698445958022,15
"eqtl-a-ENSG00000125505","ebi-a-GCST90091033","ebi-a-GCST90091033","eqtl-a-ENSG00000125505","Weighted mode",15,-0.091097433439836,0.17227108034511,0.605225175071382,-0.428748750916252,0.24655388403658,0.912928756776685,0.651323553070928,1.27960813181136,15
"eqtl-a-ENSG00000125505","ebi-a-GCST90091033","ebi-a-GCST90091033","eqtl-a-ENSG00000125505","Simple mode",15,-0.084159065722718,0.146628308454147,0.575099568699592,-0.371550550292847,0.203232418847411,0.919285017728948,0.689664142223597,1.22535723126943,15
