"id.exposure","id.outcome","outcome","exposure","method","nsnp","b","se","pval","lo_ci","up_ci","or","or_lci95","or_uci95","n_snps"
"eqtl-a-ENSG00000108786","ebi-a-GCST90091033","ebi-a-GCST90091033","eqtl-a-ENSG00000108786","Inverse variance weighted (fixed effects)",39,-0.0921312583728694,0.0186228227910364,7.52796943161143e-07,-0.128631991043301,-0.055630525702438,0.911985435964152,0.879297495364894,0.945888552844764,43
"eqtl-a-ENSG00000108786","ebi-a-GCST90091033","ebi-a-GCST90091033","eqtl-a-ENSG00000108786","MR Egger",39,0.00422806390219092,0.0560798862957667,0.940307737145533,-0.105688513237512,0.114144641041894,1.00423701477488,0.899704850585076,1.12091424336341,43
"eqtl-a-ENSG00000108786","ebi-a-GCST90091033","ebi-a-GCST90091033","eqtl-a-ENSG00000108786","Weighted median",39,-0.0847094546320322,0.0241042651485312,0.000440925873675971,-0.131953814323153,-0.0374650949409111,0.918779192663714,0.876381470416063,0.963228038665654,43
"eqtl-a-ENSG00000108786","ebi-a-GCST90091033","ebi-a-GCST90091033","eqtl-a-ENSG00000108786","Weighted mode",39,-0.0848837760734482,0.0462554547760402,0.0743262375372068,-0.175544467434487,0.00577691528759054,0.918619043709609,0.839000088162497,1.0057936338411,43
"eqtl-a-ENSG00000108786","ebi-a-GCST90091033","ebi-a-GCST90091033","eqtl-a-ENSG00000108786","Simple mode",39,-0.0866063373424835,0.0343014569573616,0.0158690857296446,-0.153837192978912,-0.0193754817060548,0.917038028212882,0.857411602277557,0.980811016499797,43
