"id.exposure","id.outcome","outcome","exposure","method","nsnp","b","se","pval","lo_ci","up_ci","or","or_lci95","or_uci95","n_snps"
"eqtl-a-ENSG00000099194","ebi-a-GCST90091033","ebi-a-GCST90091033","eqtl-a-ENSG00000099194","Inverse variance weighted (fixed effects)",52,-0.025322334065913,0.0223189199260978,0.256556334860214,-0.0690674171210647,0.0184227489892388,0.974995587080404,0.933263760001387,1.01859349475313,52
"eqtl-a-ENSG00000099194","ebi-a-GCST90091033","ebi-a-GCST90091033","eqtl-a-ENSG00000099194","MR Egger",52,0.160114650494696,0.0611025867472183,0.0116003677254201,0.0403535804701482,0.279875720519244,1.17364542230674,1.04117884962357,1.32296538466909,52
"eqtl-a-ENSG00000099194","ebi-a-GCST90091033","ebi-a-GCST90091033","eqtl-a-ENSG00000099194","Weighted median",52,-0.0107431531353739,0.0327450502936285,0.742847549605583,-0.0749234517108857,0.0534371454401378,0.989314348433999,0.927814506223359,1.05489068499406,52
"eqtl-a-ENSG00000099194","ebi-a-GCST90091033","ebi-a-GCST90091033","eqtl-a-ENSG00000099194","Weighted mode",52,0.0304666690988167,0.0841417680567098,0.718782826655453,-0.134451196292335,0.195384534489968,1.03093552746592,0.874195541819174,1.21577840534365,52
"eqtl-a-ENSG00000099194","ebi-a-GCST90091033","ebi-a-GCST90091033","eqtl-a-ENSG00000099194","Simple mode",52,0.0734290377156049,0.0742115659561031,0.327111671132015,-0.0720256315583571,0.218883706989567,1.0761921649077,0.930507045159913,1.24468651992815,52
