"id.exposure","id.outcome","outcome","exposure","method","nsnp","b","se","pval","lo_ci","up_ci","or","or_lci95","or_uci95","n_snps"
"eqtl-a-ENSG00000145675","ebi-a-GCST90091033","ebi-a-GCST90091033","eqtl-a-ENSG00000145675","Inverse variance weighted (fixed effects)",44,-0.0741248630716726,0.0272598462703414,0.00654408316927751,-0.127554161761542,-0.0206955643818034,0.928555744280079,0.880245738883291,0.979517119082412,47
"eqtl-a-ENSG00000145675","ebi-a-GCST90091033","ebi-a-GCST90091033","eqtl-a-ENSG00000145675","MR Egger",44,-0.096910965233921,0.0623045303161313,0.127345295009529,-0.219027844653538,0.0252059141856964,0.907636813767273,0.803299350250119,1.02552626919106,47
"eqtl-a-ENSG00000145675","ebi-a-GCST90091033","ebi-a-GCST90091033","eqtl-a-ENSG00000145675","Weighted median",44,-0.0435598689972654,0.0370946376116037,0.240278811851262,-0.116265358716009,0.0291456207214779,0.957375235279831,0.890238959284325,1.02957451094249,47
"eqtl-a-ENSG00000145675","ebi-a-GCST90091033","ebi-a-GCST90091033","eqtl-a-ENSG00000145675","Weighted mode",44,-0.0614009174464485,0.0964060863762295,0.527567182054699,-0.250356846743858,0.127555011850961,0.940446122926573,0.778522920128043,1.13604736259038,47
"eqtl-a-ENSG00000145675","ebi-a-GCST90091033","ebi-a-GCST90091033","eqtl-a-ENSG00000145675","Simple mode",44,-0.0533747358090982,0.0710801480315186,0.456797197596796,-0.192691825950875,0.0859423543326782,0.948024687111716,0.824736097242571,1.08974350750277,47
