"id.exposure","id.outcome","outcome","exposure","method","nsnp","b","se","pval","lo_ci","up_ci","or","or_lci95","or_uci95","n_snps"
"eqtl-a-ENSG00000122971","ebi-a-GCST90091033","ebi-a-GCST90091033","eqtl-a-ENSG00000122971","Inverse variance weighted (fixed effects)",22,0.383129018042049,0.0523865689166031,2.60277994059997e-13,0.280451342965507,0.485806693118591,1.46686727020359,1.32372713245867,1.6254857482584,22
"eqtl-a-ENSG00000122971","ebi-a-GCST90091033","ebi-a-GCST90091033","eqtl-a-ENSG00000122971","MR Egger",22,0.638384889779549,0.183113441577441,0.00232788402842744,0.279482544287764,0.997287235271334,1.89342032588476,1.32244532836836,2.71091776239763,22
"eqtl-a-ENSG00000122971","ebi-a-GCST90091033","ebi-a-GCST90091033","eqtl-a-ENSG00000122971","Weighted median",22,0.428299320979525,0.0692707446163498,6.29044563852981e-10,0.292528661531479,0.564069980427571,1.53464536378117,1.33981113705266,1.75781222251661,22
"eqtl-a-ENSG00000122971","ebi-a-GCST90091033","ebi-a-GCST90091033","eqtl-a-ENSG00000122971","Weighted mode",22,0.471473397156556,0.127646222286272,0.00134846309057068,0.221286801475463,0.721659992837649,1.60235335767846,1.24768121606858,2.05784638719953,22
"eqtl-a-ENSG00000122971","ebi-a-GCST90091033","ebi-a-GCST90091033","eqtl-a-ENSG00000122971","Simple mode",22,0.472870899246984,0.122727601523801,0.000922753015918339,0.232324800260335,0.713416998233634,1.60459421528232,1.26152940737281,2.04095329103698,22
