"id.exposure","id.outcome","outcome","exposure","method","nsnp","b","se","pval","lo_ci","up_ci","or","or_lci95","or_uci95","n_snps"
"eqtl-a-ENSG00000198911","ebi-a-GCST90091033","ebi-a-GCST90091033","eqtl-a-ENSG00000198911","Inverse variance weighted (fixed effects)",16,0.0771266204569438,0.060591855066392,0.20305793305548,-0.0416334154731846,0.195886656387072,1.08017884047221,0.959221351833628,1.21638902759357,16
"eqtl-a-ENSG00000198911","ebi-a-GCST90091033","ebi-a-GCST90091033","eqtl-a-ENSG00000198911","MR Egger",16,0.482488722361082,0.319846117855798,0.153658865379322,-0.144409668636282,1.10938711335845,1.62010137162073,0.865533093656637,3.0324992464917,16
"eqtl-a-ENSG00000198911","ebi-a-GCST90091033","ebi-a-GCST90091033","eqtl-a-ENSG00000198911","Weighted median",16,0.145631958668791,0.08387209299818,0.0825005979180124,-0.0187573436076423,0.310021260945223,1.15677037038933,0.981417480576403,1.363454102147,16
"eqtl-a-ENSG00000198911","ebi-a-GCST90091033","ebi-a-GCST90091033","eqtl-a-ENSG00000198911","Weighted mode",16,0.181637326814245,0.16724149692901,0.294590567344091,-0.146156007166615,0.509430660795105,1.19917920486269,0.864022898905351,1.6643433492295,16
"eqtl-a-ENSG00000198911","ebi-a-GCST90091033","ebi-a-GCST90091033","eqtl-a-ENSG00000198911","Simple mode",16,0.183834358590774,0.162004880624934,0.274290374536787,-0.133695207434096,0.501363924615644,1.20181673599044,0.874856673781422,1.65097153647317,16
