"id.exposure","id.outcome","outcome","exposure","method","nsnp","b","se","pval","lo_ci","up_ci","or","or_lci95","or_uci95","n_snps"
"eqtl-a-ENSG00000125629","ebi-a-GCST90091033","ebi-a-GCST90091033","eqtl-a-ENSG00000125629","Inverse variance weighted (multiplicative random effects)",83,0.00647626307971138,0.0191909350928174,0.735766621258012,-0.0311379697022106,0.0440904958616334,1.00649727941606,0.969341824046777,1.04507692574611,84
"eqtl-a-ENSG00000125629","ebi-a-GCST90091033","ebi-a-GCST90091033","eqtl-a-ENSG00000125629","MR Egger",83,-0.0403177166552043,0.0616197121101893,0.514772688359391,-0.161092352391175,0.0804569190807667,0.960484228833128,0.851213455879004,1.08378215530501,84
"eqtl-a-ENSG00000125629","ebi-a-GCST90091033","ebi-a-GCST90091033","eqtl-a-ENSG00000125629","Weighted median",83,0.0767237843074407,0.0213113651148622,0.000318052416770213,0.0349535086823109,0.118494059932571,1.07974379301965,1.03557156259394,1.1258001867531,84
"eqtl-a-ENSG00000125629","ebi-a-GCST90091033","ebi-a-GCST90091033","eqtl-a-ENSG00000125629","Weighted mode",83,0.0966616913254126,0.0678653046026718,0.158149375342031,-0.0363543056958242,0.229677688346649,1.1014876677468,0.964298576472437,1.25819441384705,84
"eqtl-a-ENSG00000125629","ebi-a-GCST90091033","ebi-a-GCST90091033","eqtl-a-ENSG00000125629","Simple mode",83,0.0934708585998928,0.0417436095352501,0.0278534335583172,0.0116533839108026,0.175288333288983,1.09797860624121,1.01172154911686,1.19158974207452,84
