"id.exposure","id.outcome","outcome","exposure","method","nsnp","b","se","pval","lo_ci","up_ci","or","or_lci95","or_uci95","n_snps"
"eqtl-a-ENSG00000176170","ebi-a-GCST90091033","ebi-a-GCST90091033","eqtl-a-ENSG00000176170","Inverse variance weighted (fixed effects)",51,0.00399425022822079,0.0129974711470469,0.75860757883531,-0.0214807932199912,0.0294692936764328,1.00400223787701,0.978748275891437,1.02990781030388,51
"eqtl-a-ENSG00000176170","ebi-a-GCST90091033","ebi-a-GCST90091033","eqtl-a-ENSG00000176170","MR Egger",51,0.0256061263640553,0.0210750790209044,0.23019011789002,-0.0157010285169173,0.0669132812450279,1.02593677943334,0.98442159004668,1.06920275422255,51
"eqtl-a-ENSG00000176170","ebi-a-GCST90091033","ebi-a-GCST90091033","eqtl-a-ENSG00000176170","Weighted median",51,-0.0134049660881894,0.0187216544611991,0.473982724422446,-0.0500994088321396,0.0232894766557609,0.986684480348171,0.951134868594452,1.02356279420037,51
"eqtl-a-ENSG00000176170","ebi-a-GCST90091033","ebi-a-GCST90091033","eqtl-a-ENSG00000176170","Weighted mode",51,-0.00502622842376477,0.0806540502409567,0.950557760764607,-0.16310816689604,0.15305571004851,0.994986381925973,0.849499295742799,1.16538990106224,51
"eqtl-a-ENSG00000176170","ebi-a-GCST90091033","ebi-a-GCST90091033","eqtl-a-ENSG00000176170","Simple mode",51,0.00887292300222331,0.0316126644722975,0.780116895907423,-0.0530878993634797,0.0708337453679263,1.00891240406795,0.94829665414649,1.07340275285304,51
