"id.exposure","id.outcome","outcome","exposure","method","nsnp","b","se","pval","lo_ci","up_ci","or","or_lci95","or_uci95","n_snps"
"eqtl-a-ENSG00000160752","ebi-a-GCST90091033","ebi-a-GCST90091033","eqtl-a-ENSG00000160752","Inverse variance weighted (fixed effects)",60,0.0142298556868831,0.0222563142403404,0.522587051413948,-0.029392520224184,0.0578522315979502,1.01433158202765,0.971035238682506,1.05955841488788,60
"eqtl-a-ENSG00000160752","ebi-a-GCST90091033","ebi-a-GCST90091033","eqtl-a-ENSG00000160752","MR Egger",60,-0.427331816082953,0.116931856431241,0.000555893798958397,-0.656518254688186,-0.19814537747772,0.652247090242501,0.518654015619663,0.820250598506463,60
"eqtl-a-ENSG00000160752","ebi-a-GCST90091033","ebi-a-GCST90091033","eqtl-a-ENSG00000160752","Weighted median",60,-0.0220255572891328,0.0314187299714864,0.483282604629682,-0.0836062680332461,0.0395551534549806,0.97821523420216,0.919793336848588,1.04034787608242,60
"eqtl-a-ENSG00000160752","ebi-a-GCST90091033","ebi-a-GCST90091033","eqtl-a-ENSG00000160752","Weighted mode",60,-0.0382051574293344,0.0731514168454784,0.603434401869592,-0.181581934446472,0.105171619587803,0.962515453437761,0.833949913279615,1.1109012464108,60
"eqtl-a-ENSG00000160752","ebi-a-GCST90091033","ebi-a-GCST90091033","eqtl-a-ENSG00000160752","Simple mode",60,-0.0328252633004469,0.0726029532094196,0.652840281799391,-0.175127051590909,0.109476524990016,0.967707638855371,0.839350373194234,1.11569387970276,60
