"id.exposure","id.outcome","outcome","exposure","method","nsnp","b","se","pval","lo_ci","up_ci","or","or_lci95","or_uci95","n_snps"
"eqtl-a-ENSG00000169710","ebi-a-GCST90091033","ebi-a-GCST90091033","eqtl-a-ENSG00000169710","Inverse variance weighted (fixed effects)",29,0.0684660627880914,0.0133939138679748,3.19222936259935e-07,0.0422139916068609,0.0947181339693219,1.07086428218623,1.04311767329609,1.09934894232851,29
"eqtl-a-ENSG00000169710","ebi-a-GCST90091033","ebi-a-GCST90091033","eqtl-a-ENSG00000169710","MR Egger",29,0.0376674187346431,0.0337304740939938,0.273954586390648,-0.0284443104895848,0.103779147958871,1.03838582777152,0.971956420416188,1.10935542444901,29
"eqtl-a-ENSG00000169710","ebi-a-GCST90091033","ebi-a-GCST90091033","eqtl-a-ENSG00000169710","Weighted median",29,0.0679610727450663,0.0169208407892154,5.9090844256969e-05,0.034796224798204,0.101125920691929,1.07032364290651,1.03540869668473,1.10641595365456,29
"eqtl-a-ENSG00000169710","ebi-a-GCST90091033","ebi-a-GCST90091033","eqtl-a-ENSG00000169710","Weighted mode",29,0.0688060285106578,0.0320707422663286,0.0407328127782863,0.00594737366865378,0.131664683352662,1.07122840122618,1.00596509440863,1.14072575079574,29
"eqtl-a-ENSG00000169710","ebi-a-GCST90091033","ebi-a-GCST90091033","eqtl-a-ENSG00000169710","Simple mode",29,0.0688060285106578,0.0221848015225759,0.00436339022394305,0.025323817526409,0.112288239494907,1.07122840122618,1.02564718929249,1.11883530669566,29
