"id.exposure","id.outcome","outcome","exposure","method","nsnp","b","se","pval","lo_ci","up_ci","or","or_lci95","or_uci95","n_snps"
"eqtl-a-ENSG00000112237","ebi-a-GCST90091033","ebi-a-GCST90091033","eqtl-a-ENSG00000112237","Inverse variance weighted (multiplicative random effects)",35,-0.18075892642891,0.0468566355929846,0.000114458180339264,-0.27259793219116,-0.0889199206666604,0.83463654325672,0.761398860065194,0.914918836731486,35
"eqtl-a-ENSG00000112237","ebi-a-GCST90091033","ebi-a-GCST90091033","eqtl-a-ENSG00000112237","MR Egger",35,0.388168395573513,0.166449538552919,0.0259484127631904,0.0619273000097912,0.714409491137235,1.4742780252798,1.0638849974876,2.04297992824008,35
"eqtl-a-ENSG00000112237","ebi-a-GCST90091033","ebi-a-GCST90091033","eqtl-a-ENSG00000112237","Weighted median",35,-0.211353313010588,0.0580680145682845,0.000272898178527677,-0.325166621564426,-0.0975400044567506,0.809488013703941,0.722406975033182,0.907066054145245,35
"eqtl-a-ENSG00000112237","ebi-a-GCST90091033","ebi-a-GCST90091033","eqtl-a-ENSG00000112237","Weighted mode",35,-0.219403654179989,0.138294549733128,0.12188490942673,-0.49046097165692,0.0516536632969427,0.802997519420707,0.612344055860398,1.05301098300007,35
"eqtl-a-ENSG00000112237","ebi-a-GCST90091033","ebi-a-GCST90091033","eqtl-a-ENSG00000112237","Simple mode",35,-0.296069699403126,0.129437344354439,0.0285204904021603,-0.549766894337826,-0.0423725044684266,0.743735588287014,0.577084316324516,0.958512663812506,35
