"id.exposure","id.outcome","outcome","exposure","method","nsnp","b","se","pval","lo_ci","up_ci","or","or_lci95","or_uci95","n_snps"
"eqtl-a-ENSG00000100031","ebi-a-GCST90091033","ebi-a-GCST90091033","eqtl-a-ENSG00000100031","Inverse variance weighted (fixed effects)",32,-0.131978289506142,0.0273934651002675,1.45095249688966e-06,-0.185669481102666,-0.0782870979096174,0.876360021081696,0.83054806145071,0.924698909306754,34
"eqtl-a-ENSG00000100031","ebi-a-GCST90091033","ebi-a-GCST90091033","eqtl-a-ENSG00000100031","MR Egger",32,-0.159253041695141,0.0580293080011868,0.0101377510711504,-0.272990485377467,-0.0455155980128145,0.852780542630927,0.761100029173972,0.955504698481186,34
"eqtl-a-ENSG00000100031","ebi-a-GCST90091033","ebi-a-GCST90091033","eqtl-a-ENSG00000100031","Weighted median",32,-0.119775816174424,0.0393094309746052,0.00231138101110111,-0.19682230088465,-0.0427293314641973,0.887119292222904,0.821336571127858,0.958170701632567,34
"eqtl-a-ENSG00000100031","ebi-a-GCST90091033","ebi-a-GCST90091033","eqtl-a-ENSG00000100031","Weighted mode",32,-0.126640469590172,0.117991779913387,0.291421073654863,-0.357904358220412,0.104623419040067,0.881050380064986,0.699139938796917,1.11029241663469,34
"eqtl-a-ENSG00000100031","ebi-a-GCST90091033","ebi-a-GCST90091033","eqtl-a-ENSG00000100031","Simple mode",32,-0.20983142047788,0.0793635560801039,0.0127420616929244,-0.365383990394884,-0.0542788505608765,0.810720905393677,0.693930137204501,0.947167951359124,34
