"id.exposure","id.outcome","outcome","exposure","method","nsnp","b","se","pval","lo_ci","up_ci","or","or_lci95","or_uci95","n_snps"
"eqtl-a-ENSG00000066322","ebi-a-GCST90091033","ebi-a-GCST90091033","eqtl-a-ENSG00000066322","Inverse variance weighted (fixed effects)",36,-0.0357201593772487,0.0339304705816302,0.292457525435342,-0.102223881717244,0.0307835629627465,0.96491027679797,0.902827402491724,1.03126227637831,37
"eqtl-a-ENSG00000066322","ebi-a-GCST90091033","ebi-a-GCST90091033","eqtl-a-ENSG00000066322","MR Egger",36,-0.286668230288607,0.129252883024396,0.0333470937353561,-0.540003881016423,-0.0333325795607903,0.750760767206151,0.58274599072284,0.96721682954322,37
"eqtl-a-ENSG00000066322","ebi-a-GCST90091033","ebi-a-GCST90091033","eqtl-a-ENSG00000066322","Weighted median",36,-0.0672352802603315,0.0466317752967747,0.149349201766397,-0.15863355984201,0.024162999321347,0.934975194249023,0.853308988366162,1.02445729012511,37
"eqtl-a-ENSG00000066322","ebi-a-GCST90091033","ebi-a-GCST90091033","eqtl-a-ENSG00000066322","Weighted mode",36,-0.0752545130795675,0.0949898102774637,0.433559211524866,-0.261434541223396,0.110925515064261,0.927507393522427,0.769946273515939,1.11731168086621,37
"eqtl-a-ENSG00000066322","ebi-a-GCST90091033","ebi-a-GCST90091033","eqtl-a-ENSG00000066322","Simple mode",36,0.0185087481312137,0.084790182682299,0.828471892390744,-0.147680009926092,0.18469750618852,1.01868109668649,0.8627071284967,1.2028545290389,37
