"id.exposure","id.outcome","outcome","exposure","method","nsnp","b","se","pval","lo_ci","up_ci","or","or_lci95","or_uci95","n_snps"
"eqtl-a-ENSG00000108846","ebi-a-GCST90091033","ebi-a-GCST90091033","eqtl-a-ENSG00000108846","Inverse variance weighted (multiplicative random effects)",109,0.00737508153703002,0.00932050087171135,0.428783395448323,-0.0108931001715242,0.0256432632455843,1.00740234443168,0.989166014801003,1.02597488023344,113
"eqtl-a-ENSG00000108846","ebi-a-GCST90091033","ebi-a-GCST90091033","eqtl-a-ENSG00000108846","MR Egger",109,-0.0219713537991456,0.013271933504716,0.100758339967951,-0.0479843434683889,0.00404163587009766,0.978268258318845,0.953148709963592,1.00404981429471,113
"eqtl-a-ENSG00000108846","ebi-a-GCST90091033","ebi-a-GCST90091033","eqtl-a-ENSG00000108846","Weighted median",109,-0.00600578378332294,0.01143313386533,0.599377176442836,-0.0284147261593697,0.0164031585927239,0.994012214886038,0.971985175521232,1.01653842900721,113
"eqtl-a-ENSG00000108846","ebi-a-GCST90091033","ebi-a-GCST90091033","eqtl-a-ENSG00000108846","Weighted mode",109,-0.00482824879706278,0.0691204468805361,0.944440089527083,-0.140304324682914,0.130647827088788,0.995183388459437,0.869093708482556,1.13956638622414,113
"eqtl-a-ENSG00000108846","ebi-a-GCST90091033","ebi-a-GCST90091033","eqtl-a-ENSG00000108846","Simple mode",109,0.0486872815343781,0.0226659115051258,0.0339457161620478,0.00426209498433145,0.0931124680844247,1.04989197879004,1.00427119062874,1.09758517162837,113
