"id.exposure","id.outcome","outcome","exposure","method","nsnp","b","se","pval","lo_ci","up_ci","or","or_lci95","or_uci95","n_snps"
"eqtl-a-ENSG00000113161","ebi-a-GCST90091033","ebi-a-GCST90091033","eqtl-a-ENSG00000113161","Inverse variance weighted (fixed effects)",72,-0.00727454268273686,0.0160540381405238,0.650456193516451,-0.0387404574381634,0.0241913720726897,0.99275185275918,0.962000356784959,1.02448635720942,75
"eqtl-a-ENSG00000113161","ebi-a-GCST90091033","ebi-a-GCST90091033","eqtl-a-ENSG00000113161","MR Egger",72,-0.152740602689391,0.0600234810665343,0.0131455183241573,-0.270386625579799,-0.0350945797989839,0.858352347226354,0.763084409344628,0.965514093810096,75
"eqtl-a-ENSG00000113161","ebi-a-GCST90091033","ebi-a-GCST90091033","eqtl-a-ENSG00000113161","Weighted median",72,-0.0164749713976408,0.0208499362096559,0.429429129371935,-0.0573408463685663,0.0243909035732846,0.983659998717542,0.944272162771674,1.02469079490481,75
"eqtl-a-ENSG00000113161","ebi-a-GCST90091033","ebi-a-GCST90091033","eqtl-a-ENSG00000113161","Weighted mode",72,-0.0163733979435808,0.046956459045043,0.728351557608831,-0.108408057671865,0.0756612617847035,0.983759917535696,0.897261387325532,1.07859715019557,75
"eqtl-a-ENSG00000113161","ebi-a-GCST90091033","ebi-a-GCST90091033","eqtl-a-ENSG00000113161","Simple mode",72,-0.0163733979435808,0.042999868487982,0.704505030954782,-0.100653140180026,0.0679063442928639,0.983759917535696,0.904246625318083,1.07026506735306,75
