"id.exposure","id.outcome","outcome","exposure","method","nsnp","b","se","pval","lo_ci","up_ci","or","or_lci95","or_uci95","n_snps"
"eqtl-a-ENSG00000119927","ebi-a-GCST90091033","ebi-a-GCST90091033","eqtl-a-ENSG00000119927","Inverse variance weighted (fixed effects)",6,0.0407774590634312,0.0619985211274396,0.510720227237426,-0.0807396423463503,0.162294560473213,1.04162027659882,0.922433822888996,1.17620665428739,6
"eqtl-a-ENSG00000119927","ebi-a-GCST90091033","ebi-a-GCST90091033","eqtl-a-ENSG00000119927","MR Egger",6,0.0209539978248576,0.594994143300611,0.973593960177146,-1.14523452304434,1.18714251869406,1.02117507428239,0.318149295699079,3.27770184134549,6
"eqtl-a-ENSG00000119927","ebi-a-GCST90091033","ebi-a-GCST90091033","eqtl-a-ENSG00000119927","Weighted median",6,0.0547028618224216,0.0718284377477785,0.446312708440559,-0.0860808761632243,0.195486599808068,1.05622672275966,0.917520022720223,1.21590250048613,6
"eqtl-a-ENSG00000119927","ebi-a-GCST90091033","ebi-a-GCST90091033","eqtl-a-ENSG00000119927","Weighted mode",6,0.0652076803840674,0.11332497362282,0.589942543847536,-0.15690926791666,0.287324628684795,1.06738067539572,0.854781611415782,1.33285682681123,6
"eqtl-a-ENSG00000119927","ebi-a-GCST90091033","ebi-a-GCST90091033","eqtl-a-ENSG00000119927","Simple mode",6,0.0453296977513235,0.10247906669391,0.676727829270946,-0.155529272968741,0.246188668471388,1.04637278980013,0.85596202001273,1.27914088433249,6
