"id.exposure","id.outcome","outcome","exposure","method","nsnp","b","se","pval","lo_ci","up_ci","or","or_lci95","or_uci95","n_snps"
"eqtl-a-ENSG00000108846","ebi-a-GCST90091033","ebi-a-GCST90091033","eqtl-a-ENSG00000108846","Inverse variance weighted (multiplicative random effects)",109,0.00737508153703002,0.00932050087171135,0.428783395448323,-0.0108931001715242,0.0256432632455843,1.00740234443168,0.989166014801003,1.02597488023344,113
"eqtl-a-ENSG00000108846","ebi-a-GCST90091033","ebi-a-GCST90091033","eqtl-a-ENSG00000108846","MR Egger",109,-0.0219713537991456,0.013271933504716,0.100758339967951,-0.0479843434683889,0.00404163587009766,0.978268258318845,0.953148709963592,1.00404981429471,113
"eqtl-a-ENSG00000108846","ebi-a-GCST90091033","ebi-a-GCST90091033","eqtl-a-ENSG00000108846","Weighted median",109,-0.00600578378332294,0.0115045953942877,0.601647031309866,-0.0285547907561268,0.016543223189481,0.994012214886038,0.971849044343371,1.01668082002409,113
"eqtl-a-ENSG00000108846","ebi-a-GCST90091033","ebi-a-GCST90091033","eqtl-a-ENSG00000108846","Weighted mode",109,-0.00482824879706278,0.0719460181162761,0.946618749620889,-0.145842444304964,0.136185946710838,0.995183388459437,0.86429386687859,1.14589494918252,113
"eqtl-a-ENSG00000108846","ebi-a-GCST90091033","ebi-a-GCST90091033","eqtl-a-ENSG00000108846","Simple mode",109,0.0486872815343781,0.0226482801885558,0.0338098017264895,0.0042966523648087,0.0930779107039474,1.04989197879004,1.00430589621004,1.09754724261536,113
