"id.exposure","id.outcome","outcome","exposure","method","nsnp","b","se","pval","lo_ci","up_ci","or","or_lci95","or_uci95","n_snps"
"eqtl-a-ENSG00000166311","ebi-a-GCST90091033","ebi-a-GCST90091033","eqtl-a-ENSG00000166311","Inverse variance weighted (fixed effects)",7,-0.135223229810659,0.0765299322525741,0.0772395217931556,-0.285221897025704,0.0147754374043859,0.873520894018187,0.75184740310564,1.01488513378441,7
"eqtl-a-ENSG00000166311","ebi-a-GCST90091033","ebi-a-GCST90091033","eqtl-a-ENSG00000166311","MR Egger",7,-0.32806502867634,0.209359460960081,0.177898320194129,-0.7384095721581,0.0822795148054192,0.720316176974722,0.477873334516517,1.08575925320551,7
"eqtl-a-ENSG00000166311","ebi-a-GCST90091033","ebi-a-GCST90091033","eqtl-a-ENSG00000166311","Weighted median",7,-0.119181518255768,0.100813829612959,0.237128678642208,-0.316776624297168,0.0784135877856323,0.887646662063749,0.728493464692027,1.08156989027487,7
"eqtl-a-ENSG00000166311","ebi-a-GCST90091033","ebi-a-GCST90091033","eqtl-a-ENSG00000166311","Weighted mode",7,-0.134518086949845,0.159709698504226,0.43192423204866,-0.447549096018128,0.178512922118439,0.874137068260279,0.639192833657007,1.19543833076937,7
"eqtl-a-ENSG00000166311","ebi-a-GCST90091033","ebi-a-GCST90091033","eqtl-a-ENSG00000166311","Simple mode",7,-0.0566850308546556,0.137234916193118,0.693924415849678,-0.325665466593167,0.212295404883856,0.944891634212662,0.722046695774189,1.23651310314187,7
