"id.exposure","id.outcome","outcome","exposure","method","nsnp","b","se","pval","lo_ci","up_ci","or","or_lci95","or_uci95","n_snps"
"eqtl-a-ENSG00000233276","ebi-a-GCST90091033","ebi-a-GCST90091033","eqtl-a-ENSG00000233276","Inverse variance weighted (fixed effects)",58,0.0237135764210042,0.0189520571346641,0.21084684291278,-0.0134324555629374,0.0608596084049459,1.02399697900343,0.986657357282865,1.06274970258752,59
"eqtl-a-ENSG00000233276","ebi-a-GCST90091033","ebi-a-GCST90091033","eqtl-a-ENSG00000233276","MR Egger",58,-0.0178541442021804,0.0734648469346823,0.808870343612847,-0.161845244194158,0.126136955789797,0.982304296686975,0.850572825438449,1.13443752543152,59
"eqtl-a-ENSG00000233276","ebi-a-GCST90091033","ebi-a-GCST90091033","eqtl-a-ENSG00000233276","Weighted median",58,0.0486992615427491,0.0252642195865585,0.0539051360370563,-0.000818608846905496,0.0982171319324037,1.04990455658008,0.999181726121908,1.10320229955158,59
"eqtl-a-ENSG00000233276","ebi-a-GCST90091033","ebi-a-GCST90091033","eqtl-a-ENSG00000233276","Weighted mode",58,0.0492325758624531,0.050337571569401,0.332183372139173,-0.0494290644135729,0.147894216138479,1.05046463505008,0.951772670294439,1.15939024509869,59
"eqtl-a-ENSG00000233276","ebi-a-GCST90091033","ebi-a-GCST90091033","eqtl-a-ENSG00000233276","Simple mode",58,0.0468733598470606,0.046565769047333,0.318378555865545,-0.044395547485712,0.138142267179833,1.04798928315252,0.956575511592819,1.14813888113627,59
