"id.exposure","id.outcome","outcome","exposure","method","nsnp","b","se","pval","lo_ci","up_ci","or","or_lci95","or_uci95","n_snps"
"eqtl-a-ENSG00000090661","ebi-a-GCST90091033","ebi-a-GCST90091033","eqtl-a-ENSG00000090661","Inverse variance weighted (fixed effects)",32,-0.0321417913598781,0.0187977283731056,0.0872887388284519,-0.0689853389711651,0.00470175625140891,0.968369265949224,0.933340363707879,1.00471282685095,34
"eqtl-a-ENSG00000090661","ebi-a-GCST90091033","ebi-a-GCST90091033","eqtl-a-ENSG00000090661","MR Egger",32,0.0194660718534539,0.0364042347863222,0.596784758762915,-0.0518862283277375,0.0908183720346454,1.01965677120942,0.949436879719884,1.09507009184219,34
"eqtl-a-ENSG00000090661","ebi-a-GCST90091033","ebi-a-GCST90091033","eqtl-a-ENSG00000090661","Weighted median",32,-0.0142798702381556,0.0256564301737917,0.577814039855848,-0.0645664733787874,0.0360067329024762,0.985821603523906,0.937473795140104,1.03666282621714,34
"eqtl-a-ENSG00000090661","ebi-a-GCST90091033","ebi-a-GCST90091033","eqtl-a-ENSG00000090661","Weighted mode",32,-0.00731314504327774,0.0890899830089236,0.935105124699837,-0.181929511740768,0.167303221654212,0.992713530933893,0.833660101594077,1.18211265312429,34
"eqtl-a-ENSG00000090661","ebi-a-GCST90091033","ebi-a-GCST90091033","eqtl-a-ENSG00000090661","Simple mode",32,-0.0380637003377562,0.0549985299154618,0.494035109739797,-0.145860818972061,0.0697334182965489,0.962651617704877,0.864277985912416,1.07222230830223,34
