"id.exposure","id.outcome","outcome","exposure","method","nsnp","b","se","pval","lo_ci","up_ci","or","or_lci95","or_uci95","n_snps"
"eqtl-a-ENSG00000172531","ebi-a-GCST90091033","ebi-a-GCST90091033","eqtl-a-ENSG00000172531","Inverse variance weighted (fixed effects)",16,0.0495773792825059,0.0621849841258274,0.425302111168875,-0.0723051896041159,0.171459948169128,1.05082690130062,0.930246950786234,1.18703659879109,16
"eqtl-a-ENSG00000172531","ebi-a-GCST90091033","ebi-a-GCST90091033","eqtl-a-ENSG00000172531","MR Egger",16,-0.0334956915293485,0.141622310776431,0.816459103155484,-0.311075420651154,0.244084037592457,0.967059077768082,0.732658616195591,1.27645159590124,16
"eqtl-a-ENSG00000172531","ebi-a-GCST90091033","ebi-a-GCST90091033","eqtl-a-ENSG00000172531","Weighted median",16,0.0504555743614538,0.078130889985144,0.518420115973578,-0.102680970009428,0.203592118732336,1.05175013764565,0.902414824955546,1.22579807140483,16
"eqtl-a-ENSG00000172531","ebi-a-GCST90091033","ebi-a-GCST90091033","eqtl-a-ENSG00000172531","Weighted mode",16,0.0507894142692733,0.136911510665733,0.715850293412353,-0.217557146635564,0.319135975174111,1.05210131242946,0.804481630187651,1.37593840565086,16
"eqtl-a-ENSG00000172531","ebi-a-GCST90091033","ebi-a-GCST90091033","eqtl-a-ENSG00000172531","Simple mode",16,0.0507894142692733,0.130847651150085,0.703353203399478,-0.205671981984894,0.30725081052344,1.05210131242946,0.814100071980536,1.35968194785059,16
