"id.exposure","id.outcome","outcome","exposure","method","nsnp","b","se","pval","lo_ci","up_ci","or","or_lci95","or_uci95","n_snps"
"eqtl-a-ENSG00000131473","ebi-a-GCST90091033","ebi-a-GCST90091033","eqtl-a-ENSG00000131473","Inverse variance weighted (multiplicative random effects)",32,0.0985391344934615,0.0248058047576479,7.11454163447945e-05,0.0499197571684715,0.147158511818451,1.10355759071667,1.05118674279098,1.15853759037611,32
"eqtl-a-ENSG00000131473","ebi-a-GCST90091033","ebi-a-GCST90091033","eqtl-a-ENSG00000131473","MR Egger",32,-0.130549245123187,0.0540640442259495,0.0220528167901201,-0.236514771806048,-0.0245837184403261,0.877613273710804,0.789374221732942,0.975716000077296,32
"eqtl-a-ENSG00000131473","ebi-a-GCST90091033","ebi-a-GCST90091033","eqtl-a-ENSG00000131473","Weighted median",32,0.0668649030701026,0.0252193493949508,0.00801746587211674,0.0174349782559989,0.116294827884206,1.06915102939586,1.01758785466264,1.12332701144236,32
"eqtl-a-ENSG00000131473","ebi-a-GCST90091033","ebi-a-GCST90091033","eqtl-a-ENSG00000131473","Weighted mode",32,0.0551782344328429,0.0699726815049927,0.436353682450134,-0.0819682213169428,0.192324690182629,1.05672894337556,0.921301235971128,1.21206399836266,32
"eqtl-a-ENSG00000131473","ebi-a-GCST90091033","ebi-a-GCST90091033","eqtl-a-ENSG00000131473","Simple mode",32,0.0643782497455446,0.0502081639450801,0.209269277373851,-0.0340297515868125,0.162786251077902,1.06649572421413,0.966542748029255,1.17678512625144,32
