"id.exposure","id.outcome","outcome","exposure","method","nsnp","b","se","pval","lo_ci","up_ci","or","or_lci95","or_uci95","n_snps"
"eqtl-a-ENSG00000072310","ebi-a-GCST90091033","ebi-a-GCST90091033","eqtl-a-ENSG00000072310","Inverse variance weighted (fixed effects)",102,-0.0913056104085324,0.00641226115850922,5.23060968949962e-46,-0.103873642279211,-0.0787375785378543,0.912738725816185,0.901339181390613,0.92428244417294,106
"eqtl-a-ENSG00000072310","ebi-a-GCST90091033","ebi-a-GCST90091033","eqtl-a-ENSG00000072310","MR Egger",102,-0.0894178703285172,0.012518763239557,1.50329780739842e-10,-0.113954646278049,-0.0648810943789855,0.914463366616115,0.892298424019331,0.937178892590717,106
"eqtl-a-ENSG00000072310","ebi-a-GCST90091033","ebi-a-GCST90091033","eqtl-a-ENSG00000072310","Weighted median",102,-0.0863856263507348,0.00850201280811197,2.97214644228271e-24,-0.103049571454634,-0.0697216812468353,0.917240450923197,0.902082254843569,0.932653358706945,106
"eqtl-a-ENSG00000072310","ebi-a-GCST90091033","ebi-a-GCST90091033","eqtl-a-ENSG00000072310","Weighted mode",102,-0.0835146465558431,0.0185312456364033,1.77527953795146e-05,-0.119835888003194,-0.0471934051084927,0.919877613533734,0.887066002945291,0.953902890056654,106
"eqtl-a-ENSG00000072310","ebi-a-GCST90091033","ebi-a-GCST90091033","eqtl-a-ENSG00000072310","Simple mode",102,-0.0901325685800487,0.0116437436494596,7.77465526811881e-12,-0.112954306132989,-0.0673108310271079,0.913810034742289,0.893191472555931,0.934904558824494,106
