"id.exposure","id.outcome","outcome","exposure","method","nsnp","b","se","pval","lo_ci","up_ci","or","or_lci95","or_uci95","n_snps"
"eqtl-a-ENSG00000131408","ebi-a-GCST90091033","ebi-a-GCST90091033","eqtl-a-ENSG00000131408","Inverse variance weighted (fixed effects)",4,0.0918434367385719,0.103787302190865,0.376199898371129,-0.111579675555523,0.295266549032666,1.09619318506493,0.894420125143875,1.34348441543565,4
"eqtl-a-ENSG00000131408","ebi-a-GCST90091033","ebi-a-GCST90091033","eqtl-a-ENSG00000131408","MR Egger",4,0.173397077366579,0.214031814085947,0.502925075045567,-0.246105278241878,0.592899432975036,1.18933827064318,0.781839909861421,1.80922654903512,4
"eqtl-a-ENSG00000131408","ebi-a-GCST90091033","ebi-a-GCST90091033","eqtl-a-ENSG00000131408","Weighted median",4,0.069621163650534,0.11875587922875,0.55770453029884,-0.163140359637816,0.302382686938884,1.07210195312191,0.849471948471526,1.35307893327844,4
"eqtl-a-ENSG00000131408","ebi-a-GCST90091033","ebi-a-GCST90091033","eqtl-a-ENSG00000131408","Weighted mode",4,0.057177776649479,0.174317872955137,0.764464094561551,-0.28448525434259,0.398840807641548,1.05884403140858,0.752401450036212,1.49009638776695,4
"eqtl-a-ENSG00000131408","ebi-a-GCST90091033","ebi-a-GCST90091033","eqtl-a-ENSG00000131408","Simple mode",4,0.0490455439844352,0.173650774071879,0.795973084300047,-0.291309973196447,0.389401061165317,1.05026818304856,0.747284004102189,1.47609643759121,4
