"id.exposure","id.outcome","outcome","exposure","method","nsnp","b","se","pval","lo_ci","up_ci","or","or_lci95","or_uci95","n_snps"
"eqtl-a-ENSG00000122971","ebi-a-GCST90091033","ebi-a-GCST90091033","eqtl-a-ENSG00000122971","Inverse variance weighted (fixed effects)",22,0.383129018042049,0.0523865689166031,2.60277994059997e-13,0.280451342965507,0.485806693118591,1.46686727020359,1.32372713245867,1.6254857482584,22
"eqtl-a-ENSG00000122971","ebi-a-GCST90091033","ebi-a-GCST90091033","eqtl-a-ENSG00000122971","MR Egger",22,0.638384889779549,0.183113441577441,0.00232788402842744,0.279482544287764,0.997287235271334,1.89342032588476,1.32244532836836,2.71091776239763,22
"eqtl-a-ENSG00000122971","ebi-a-GCST90091033","ebi-a-GCST90091033","eqtl-a-ENSG00000122971","Weighted median",22,0.428299320979525,0.0711121875751711,1.71353158821551e-09,0.28891943333219,0.56767920862686,1.53464536378117,1.33498416896964,1.76416803084098,22
"eqtl-a-ENSG00000122971","ebi-a-GCST90091033","ebi-a-GCST90091033","eqtl-a-ENSG00000122971","Weighted mode",22,0.471473397156556,0.117309364951492,0.000620789518565159,0.241547041851632,0.70139975246148,1.60235335767846,1.27321734801036,2.0165734364802,22
"eqtl-a-ENSG00000122971","ebi-a-GCST90091033","ebi-a-GCST90091033","eqtl-a-ENSG00000122971","Simple mode",22,0.472870899246984,0.119142695496483,0.000699743603799503,0.239351216073877,0.706390582420092,1.60459421528232,1.27042465179619,2.02666296822656,22
