"id.exposure","id.outcome","outcome","exposure","method","nsnp","b","se","pval","lo_ci","up_ci","or","or_lci95","or_uci95","n_snps"
"eqtl-a-ENSG00000125629","ebi-a-GCST90091033","ebi-a-GCST90091033","eqtl-a-ENSG00000125629","Inverse variance weighted (multiplicative random effects)",83,0.00647626307971138,0.0191909350928174,0.735766621258012,-0.0311379697022106,0.0440904958616334,1.00649727941606,0.969341824046777,1.04507692574611,84
"eqtl-a-ENSG00000125629","ebi-a-GCST90091033","ebi-a-GCST90091033","eqtl-a-ENSG00000125629","MR Egger",83,-0.0403177166552043,0.0616197121101893,0.514772688359391,-0.161092352391175,0.0804569190807667,0.960484228833128,0.851213455879004,1.08378215530501,84
"eqtl-a-ENSG00000125629","ebi-a-GCST90091033","ebi-a-GCST90091033","eqtl-a-ENSG00000125629","Weighted median",83,0.0767237843074407,0.0226370594403243,0.000700713176999746,0.0323551478044051,0.121092420810476,1.07974379301965,1.03288426675354,1.12872922561675,84
"eqtl-a-ENSG00000125629","ebi-a-GCST90091033","ebi-a-GCST90091033","eqtl-a-ENSG00000125629","Weighted mode",83,0.0966616913254126,0.0666235197171943,0.150632433955909,-0.0339204073202882,0.227243789971113,1.1014876677468,0.966648439715388,1.25513582017006,84
"eqtl-a-ENSG00000125629","ebi-a-GCST90091033","ebi-a-GCST90091033","eqtl-a-ENSG00000125629","Simple mode",83,0.0934708585998928,0.0407884192560341,0.0244933257908321,0.0135255568580659,0.17341616034172,1.09797860624121,1.01361744099626,1.18936096697239,84
