"id.exposure","id.outcome","outcome","exposure","method","nsnp","b","se","pval","lo_ci","up_ci","or","or_lci95","or_uci95","n_snps"
"eqtl-a-ENSG00000170522","ebi-a-GCST90091033","ebi-a-GCST90091033","eqtl-a-ENSG00000170522","Inverse variance weighted (fixed effects)",25,-0.0288918771451613,0.0288905685233656,0.317288587837883,-0.0855173914509579,0.0277336371606354,0.971521502466382,0.918037176916782,1.0281217945056,25
"eqtl-a-ENSG00000170522","ebi-a-GCST90091033","ebi-a-GCST90091033","eqtl-a-ENSG00000170522","MR Egger",25,-0.00654158784545201,0.0427021992426636,0.879583822862372,-0.0902378983610727,0.0771547226701687,0.993479761761508,0.913713788400324,1.08020919631484,25
"eqtl-a-ENSG00000170522","ebi-a-GCST90091033","ebi-a-GCST90091033","eqtl-a-ENSG00000170522","Weighted median",25,-0.0175833641461985,0.0401230269316271,0.661215046175565,-0.0962244969321877,0.0610577686397907,0.982570321114853,0.908260091575164,1.0629603181853,25
"eqtl-a-ENSG00000170522","ebi-a-GCST90091033","ebi-a-GCST90091033","eqtl-a-ENSG00000170522","Weighted mode",25,-0.0330131876886233,0.286212529566409,0.909131314955274,-0.593989745638784,0.527963370261538,0.967525800075912,0.552120065916493,1.69547573363167,25
"eqtl-a-ENSG00000170522","ebi-a-GCST90091033","ebi-a-GCST90091033","eqtl-a-ENSG00000170522","Simple mode",25,-0.0599721112651161,0.292792694084179,0.839433803831298,-0.633845791670108,0.513901569139875,0.941790798571896,0.530547497397536,1.67180113491345,25
