"id.exposure","id.outcome","outcome","exposure","method","nsnp","b","se","pval","lo_ci","up_ci","or","or_lci95","or_uci95","n_snps"
"eqtl-a-ENSG00000079459","ebi-a-GCST90091033","ebi-a-GCST90091033","eqtl-a-ENSG00000079459","Inverse variance weighted (fixed effects)",95,-0.0114699268500406,0.00483086285243652,0.017582168038014,-0.0209384180408162,-0.00200143565926502,0.988595601984665,0.97927926864857,0.998000565877546,107
"eqtl-a-ENSG00000079459","ebi-a-GCST90091033","ebi-a-GCST90091033","eqtl-a-ENSG00000079459","MR Egger",95,-0.0487565783199971,0.0105160533883601,1.15472204544405e-05,-0.0693680429611828,-0.0281451136788113,0.952412939441377,0.932983238967534,0.972247270185879,107
"eqtl-a-ENSG00000079459","ebi-a-GCST90091033","ebi-a-GCST90091033","eqtl-a-ENSG00000079459","Weighted median",95,-0.0232835634227572,0.00731222248878163,0.00145155741823755,-0.0376155195007692,-0.00895160734474519,0.976985407164699,0.963083156409092,0.991088339008729,107
"eqtl-a-ENSG00000079459","ebi-a-GCST90091033","ebi-a-GCST90091033","eqtl-a-ENSG00000079459","Weighted mode",95,-0.0267337875882426,0.0211178251753233,0.20866496747875,-0.0681247249318763,0.0146571497553911,0.973620396861607,0.934143955269812,1.01476509250778,107
"eqtl-a-ENSG00000079459","ebi-a-GCST90091033","ebi-a-GCST90091033","eqtl-a-ENSG00000079459","Simple mode",95,-0.014985584461274,0.0163774449926532,0.362525791806558,-0.0470853766468743,0.0171142077243262,0.985126140624735,0.954005944284694,1.01726149481158,107
