"id.exposure","id.outcome","outcome","exposure","method","nsnp","b","se","pval","lo_ci","up_ci","or","or_lci95","or_uci95","n_snps"
"eqtl-a-ENSG00000100300","ebi-a-GCST90091033","ebi-a-GCST90091033","eqtl-a-ENSG00000100300","Inverse variance weighted (fixed effects)",49,-0.0830854957126128,0.0199746713908058,3.1888560367685e-05,-0.122235851638592,-0.0439351397866335,0.920272464506504,0.884939629426213,0.957016027723833,53
"eqtl-a-ENSG00000100300","ebi-a-GCST90091033","ebi-a-GCST90091033","eqtl-a-ENSG00000100300","MR Egger",49,-0.0482541832653903,0.0367831536363975,0.195940662519544,-0.120349164392729,0.0238407978619489,0.952891547207116,0.886610809739975,1.02412726166182,53
"eqtl-a-ENSG00000100300","ebi-a-GCST90091033","ebi-a-GCST90091033","eqtl-a-ENSG00000100300","Weighted median",49,-0.0583135548507591,0.0303032597687722,0.054312889482097,-0.117707943997553,0.00108083429603444,0.943354107801761,0.888955639536249,1.00108141860792,53
"eqtl-a-ENSG00000100300","ebi-a-GCST90091033","ebi-a-GCST90091033","eqtl-a-ENSG00000100300","Weighted mode",49,-0.0583898330814799,0.123813586814672,0.63935276556492,-0.301064463238237,0.184284797075277,0.943282153163796,0.740030066474596,1.20235820243916,53
"eqtl-a-ENSG00000100300","ebi-a-GCST90091033","ebi-a-GCST90091033","eqtl-a-ENSG00000100300","Simple mode",49,-0.17532136039458,0.0606805642683936,0.00577974992971669,-0.294255266360631,-0.0563874544285282,0.839187295871551,0.745086271705037,0.945172853528293,53
