"id.exposure","id.outcome","outcome","exposure","method","nsnp","b","se","pval","lo_ci","up_ci","or","or_lci95","or_uci95","n_snps"
"eqtl-a-ENSG00000066322","ebi-a-GCST90091033","ebi-a-GCST90091033","eqtl-a-ENSG00000066322","Inverse variance weighted (fixed effects)",36,-0.0357201593772487,0.0339304705816302,0.292457525435342,-0.102223881717244,0.0307835629627465,0.96491027679797,0.902827402491724,1.03126227637831,37
"eqtl-a-ENSG00000066322","ebi-a-GCST90091033","ebi-a-GCST90091033","eqtl-a-ENSG00000066322","MR Egger",36,-0.286668230288607,0.129252883024396,0.0333470937353561,-0.540003881016423,-0.0333325795607903,0.750760767206151,0.58274599072284,0.96721682954322,37
"eqtl-a-ENSG00000066322","ebi-a-GCST90091033","ebi-a-GCST90091033","eqtl-a-ENSG00000066322","Weighted median",36,-0.0672352802603315,0.0460823904575411,0.144558701625896,-0.157556765557112,0.0230862050364491,0.934975194249023,0.854228321485581,1.02335475407877,37
"eqtl-a-ENSG00000066322","ebi-a-GCST90091033","ebi-a-GCST90091033","eqtl-a-ENSG00000066322","Weighted mode",36,-0.0752545130795675,0.100845148822753,0.460506700673863,-0.272911004772163,0.122401978613028,0.927507393522427,0.761160524269048,1.13020833005612,37
"eqtl-a-ENSG00000066322","ebi-a-GCST90091033","ebi-a-GCST90091033","eqtl-a-ENSG00000066322","Simple mode",36,0.0185087481312137,0.0825310565373475,0.823855912258415,-0.143252122681987,0.180269618944415,1.01868109668649,0.866535568080679,1.19754019912289,37
