"id.exposure","id.outcome","outcome","exposure","method","nsnp","b","se","pval","lo_ci","up_ci","or","or_lci95","or_uci95","n_snps"
"eqtl-a-ENSG00000116133","ebi-a-GCST90091033","ebi-a-GCST90091033","eqtl-a-ENSG00000116133","Inverse variance weighted (fixed effects)",40,0.00913314657494129,0.0158278577211541,0.563919282198444,-0.0218894545585207,0.0401557477084033,1.00917498102117,0.978348381027279,1.04097289070966,41
"eqtl-a-ENSG00000116133","ebi-a-GCST90091033","ebi-a-GCST90091033","eqtl-a-ENSG00000116133","MR Egger",40,-0.0759553091217481,0.0299518723175478,0.0154485113093299,-0.134660978864142,-0.0172496393793544,0.926857627715199,0.87401217006492,0.982898283887781,41
"eqtl-a-ENSG00000116133","ebi-a-GCST90091033","ebi-a-GCST90091033","eqtl-a-ENSG00000116133","Weighted median",40,-0.00115845265079705,0.0207193116766138,0.955412122778628,-0.0417683035369601,0.039451398235366,0.99884221809644,0.95909197304877,1.04023994015961,41
"eqtl-a-ENSG00000116133","ebi-a-GCST90091033","ebi-a-GCST90091033","eqtl-a-ENSG00000116133","Weighted mode",40,-0.0064976670042709,0.134140118105492,0.961613277466557,-0.269412298491036,0.256416964482494,0.993523397186586,0.763828265476408,1.29229145525469,41
"eqtl-a-ENSG00000116133","ebi-a-GCST90091033","ebi-a-GCST90091033","eqtl-a-ENSG00000116133","Simple mode",40,-0.00181304082990186,0.1388063195285,0.989645190643001,-0.273873427105762,0.270247345445959,0.998188601735794,0.760428318783012,1.31028850454947,41
