"id.exposure","id.outcome","outcome","exposure","method","nsnp","b","se","pval","lo_ci","up_ci","or","or_lci95","or_uci95","n_snps"
"eqtl-a-ENSG00000106546","ebi-a-GCST90091033","ebi-a-GCST90091033","eqtl-a-ENSG00000106546","Inverse variance weighted (fixed effects)",58,0.024430902601492,0.0147844214777451,0.0984375408343162,-0.00454656349488842,0.0534083686978724,1.02473178236055,0.995463756478856,1.05486032911348,58
"eqtl-a-ENSG00000106546","ebi-a-GCST90091033","ebi-a-GCST90091033","eqtl-a-ENSG00000106546","MR Egger",58,0.0668164073463919,0.028906430196664,0.0245104743283963,0.0101598041609306,0.123473010531853,1.06909918140015,1.01021159020132,1.13141946772031,58
"eqtl-a-ENSG00000106546","ebi-a-GCST90091033","ebi-a-GCST90091033","eqtl-a-ENSG00000106546","Weighted median",58,0.0220845863978392,0.0220072398397366,0.315612638069588,-0.0210496036880446,0.065218776483723,1.02233025604699,0.979170392902091,1.06739251922378,58
"eqtl-a-ENSG00000106546","ebi-a-GCST90091033","ebi-a-GCST90091033","eqtl-a-ENSG00000106546","Weighted mode",58,0.0346621512699551,0.0604511732337311,0.568635513528686,-0.0838221482681579,0.153146450808068,1.03526988509327,0.919594793078568,1.16549565422503,58
"eqtl-a-ENSG00000106546","ebi-a-GCST90091033","ebi-a-GCST90091033","eqtl-a-ENSG00000106546","Simple mode",58,0.0444008552514155,0.0418983411502895,0.293738289640139,-0.0377198934031519,0.126521603905983,1.04540132552072,0.962982640907428,1.13487396862175,58
