"id.exposure","id.outcome","outcome","exposure","method","nsnp","b","se","pval","lo_ci","up_ci","or","or_lci95","or_uci95","n_snps"
"eqtl-a-ENSG00000079435","ebi-a-GCST90091033","ebi-a-GCST90091033","eqtl-a-ENSG00000079435","Inverse variance weighted (fixed effects)",38,0.0524307372520219,0.0317963929807809,0.099157394939001,-0.00989019299030857,0.114751667494352,1.05382956841889,0.990158554129878,1.12159487451973,38
"eqtl-a-ENSG00000079435","ebi-a-GCST90091033","ebi-a-GCST90091033","eqtl-a-ENSG00000079435","MR Egger",38,-0.0681390165006035,0.162388380399333,0.677267447012578,-0.386420242083296,0.250142209082089,0.934130604982673,0.679484917514934,1.28420802974794,38
"eqtl-a-ENSG00000079435","ebi-a-GCST90091033","ebi-a-GCST90091033","eqtl-a-ENSG00000079435","Weighted median",38,0.0626018359300614,0.0409087983311508,0.125947920336905,-0.0175794087989941,0.142783080659117,1.06460286822102,0.982574207529311,1.15347956249971,38
"eqtl-a-ENSG00000079435","ebi-a-GCST90091033","ebi-a-GCST90091033","eqtl-a-ENSG00000079435","Weighted mode",38,0.0831329660138735,0.0823953147639404,0.319550369147183,-0.0783618509234496,0.244627782951197,1.08668629128686,0.924629787859946,1.27714584926358,38
"eqtl-a-ENSG00000079435","ebi-a-GCST90091033","ebi-a-GCST90091033","eqtl-a-ENSG00000079435","Simple mode",38,0.0712357515098497,0.0828903942392567,0.395655558186179,-0.0912294211990935,0.233700924218793,1.07383435409981,0.912808269307327,1.26326662325265,38
