"id.exposure","id.outcome","outcome","exposure","method","nsnp","b","se","pval","lo_ci","up_ci","or","or_lci95","or_uci95","n_snps"
"eqtl-a-ENSG00000103056","ebi-a-GCST90091033","ebi-a-GCST90091033","eqtl-a-ENSG00000103056","Inverse variance weighted (fixed effects)",68,-0.0117716829034226,0.0194520006938269,0.545068928103439,-0.0498976042633233,0.026354238456478,0.988297332282027,0.951326831325321,1.02670458230959,70
"eqtl-a-ENSG00000103056","ebi-a-GCST90091033","ebi-a-GCST90091033","eqtl-a-ENSG00000103056","MR Egger",68,0.0277304615700469,0.0575172292909318,0.631312596309811,-0.0850033078401795,0.140464230980273,1.02811852961689,0.918509246114643,1.15080791555762,70
"eqtl-a-ENSG00000103056","ebi-a-GCST90091033","ebi-a-GCST90091033","eqtl-a-ENSG00000103056","Weighted median",68,-0.011838235004432,0.0278416177764684,0.670691430695389,-0.0664078058463101,0.0427313358374461,0.988231561206767,0.935749182483575,1.0436574638229,70
"eqtl-a-ENSG00000103056","ebi-a-GCST90091033","ebi-a-GCST90091033","eqtl-a-ENSG00000103056","Weighted mode",68,0.0127169040287173,0.0703839777636438,0.857164992189434,-0.125235692388025,0.150669500445459,1.01279810770746,0.882288929292025,1.16261235171443,70
"eqtl-a-ENSG00000103056","ebi-a-GCST90091033","ebi-a-GCST90091033","eqtl-a-ENSG00000103056","Simple mode",68,0.0746267733745355,0.0578374258093143,0.201387017065972,-0.0387345812117204,0.187988127960791,1.07748193088463,0.962006009733503,1.20681918785984,70
