"id.exposure","id.outcome","outcome","exposure","method","nsnp","b","se","pval","lo_ci","up_ci","or","or_lci95","or_uci95","n_snps"
"eqtl-a-ENSG00000121769","ebi-a-GCST90091033","ebi-a-GCST90091033","eqtl-a-ENSG00000121769","Inverse variance weighted (fixed effects)",18,0.0532234270600211,0.0430032277759188,0.215841706695995,-0.0310628993807798,0.137509753500822,1.0546652595553,0.969414595580542,1.14741289721013,18
"eqtl-a-ENSG00000121769","ebi-a-GCST90091033","ebi-a-GCST90091033","eqtl-a-ENSG00000121769","MR Egger",18,-0.377143526551214,0.210976823345601,0.0927939832815434,-0.790658100308593,0.036371047206165,0.685817633792065,0.453546218140158,1.03704056611668,18
"eqtl-a-ENSG00000121769","ebi-a-GCST90091033","ebi-a-GCST90091033","eqtl-a-ENSG00000121769","Weighted median",18,-0.00880864180907741,0.0572421457612997,0.877701317743225,-0.121003247501225,0.10338596388307,0.991230040612991,0.886031082201179,1.10891932930017,18
"eqtl-a-ENSG00000121769","ebi-a-GCST90091033","ebi-a-GCST90091033","eqtl-a-ENSG00000121769","Weighted mode",18,-0.0123185821170634,0.0946379814408963,0.897963459960352,-0.19780902574122,0.173171861507093,0.987756981020467,0.820526537623335,1.18907044296299,18
"eqtl-a-ENSG00000121769","ebi-a-GCST90091033","ebi-a-GCST90091033","eqtl-a-ENSG00000121769","Simple mode",18,-0.011401805133983,0.0873301888565041,0.897656132012536,-0.182568975292731,0.159765365024765,0.988662949107434,0.833127176755547,1.17323555659811,18
