"id.exposure","id.outcome","outcome","exposure","method","nsnp","b","se","pval","lo_ci","up_ci","or","or_lci95","or_uci95","n_snps"
"eqtl-a-ENSG00000084754","ebi-a-GCST90091033","ebi-a-GCST90091033","eqtl-a-ENSG00000084754","Inverse variance weighted (fixed effects)",47,-0.0188398958995624,0.012780403807021,0.140448293679209,-0.0438894873613236,0.00620969556219882,0.981336465658081,0.957059718823854,1.00622901569169,47
"eqtl-a-ENSG00000084754","ebi-a-GCST90091033","ebi-a-GCST90091033","eqtl-a-ENSG00000084754","MR Egger",47,-0.120922077647062,0.0240515480132313,8.39030748684283e-06,-0.168063111752996,-0.0737810435411292,0.886103004133811,0.845300484605776,0.928875054769606,47
"eqtl-a-ENSG00000084754","ebi-a-GCST90091033","ebi-a-GCST90091033","eqtl-a-ENSG00000084754","Weighted median",47,-0.0483324315793383,0.0176069776524248,0.00604975161344934,-0.0828421077780909,-0.0138227553805858,0.952816987967278,0.920496474980456,0.986272340237165,47
"eqtl-a-ENSG00000084754","ebi-a-GCST90091033","ebi-a-GCST90091033","eqtl-a-ENSG00000084754","Weighted mode",47,-0.0474604428867398,0.03241083392566,0.149902560643575,-0.110985677381033,0.0160647916075537,0.953648195956216,0.894951566887524,1.01619452414998,47
"eqtl-a-ENSG00000084754","ebi-a-GCST90091033","ebi-a-GCST90091033","eqtl-a-ENSG00000084754","Simple mode",47,-0.0422294835507127,0.0210122901641893,0.0503442000174124,-0.0834135722725236,-0.00104539482890173,0.958649760976972,0.919970594203161,0.998955151405912,47
