"id.exposure","id.outcome","outcome","exposure","method","nsnp","b","se","pval","lo_ci","up_ci","or","or_lci95","or_uci95","n_snps"
"eqtl-a-ENSG00000169710","ebi-a-GCST90091033","ebi-a-GCST90091033","eqtl-a-ENSG00000169710","Inverse variance weighted (fixed effects)",29,0.0684660627880914,0.0133939138679748,3.19222936259935e-07,0.0422139916068609,0.0947181339693219,1.07086428218623,1.04311767329609,1.09934894232851,29
"eqtl-a-ENSG00000169710","ebi-a-GCST90091033","ebi-a-GCST90091033","eqtl-a-ENSG00000169710","MR Egger",29,0.0376674187346431,0.0337304740939938,0.273954586390648,-0.0284443104895848,0.103779147958871,1.03838582777152,0.971956420416188,1.10935542444901,29
"eqtl-a-ENSG00000169710","ebi-a-GCST90091033","ebi-a-GCST90091033","eqtl-a-ENSG00000169710","Weighted median",29,0.0679610727450663,0.016968030553893,6.19539579411196e-05,0.0347037328594361,0.101218412630696,1.07032364290651,1.03531293415565,1.1065182929439,29
"eqtl-a-ENSG00000169710","ebi-a-GCST90091033","ebi-a-GCST90091033","eqtl-a-ENSG00000169710","Weighted mode",29,0.0688060285106578,0.0308305597853108,0.033813628783905,0.00837813133144859,0.129233925689867,1.07122840122618,1.00841332609387,1.13795629024321,29
"eqtl-a-ENSG00000169710","ebi-a-GCST90091033","ebi-a-GCST90091033","eqtl-a-ENSG00000169710","Simple mode",29,0.0688060285106578,0.0230822116063878,0.00588871489555414,0.0235648937621377,0.114047163259178,1.07122840122618,1.02384473972787,1.1208049844536,29
