"id.exposure","id.outcome","outcome","exposure","method","nsnp","b","se","pval","lo_ci","up_ci","or","or_lci95","or_uci95","n_snps"
"eqtl-a-ENSG00000198431","ebi-a-GCST90091033","ebi-a-GCST90091033","eqtl-a-ENSG00000198431","Inverse variance weighted (fixed effects)",52,-0.0377780198305307,0.0146294918162603,0.00981387254453621,-0.0664518237904009,-0.00910421587066053,0.962926667793658,0.935707993634909,0.990937102018582,54
"eqtl-a-ENSG00000198431","ebi-a-GCST90091033","ebi-a-GCST90091033","eqtl-a-ENSG00000198431","MR Egger",52,0.0841254412026238,0.0435887818984221,0.0592921546414387,-0.00130857131828348,0.169559453723531,1.08776533584282,0.998692284487829,1.18478278468733,54
"eqtl-a-ENSG00000198431","ebi-a-GCST90091033","ebi-a-GCST90091033","eqtl-a-ENSG00000198431","Weighted median",52,-0.02048270243223,0.0207222753354043,0.322937758511458,-0.0610983620896224,0.0201329572251623,0.979725643198658,0.940730702987311,1.0203369921838,54
"eqtl-a-ENSG00000198431","ebi-a-GCST90091033","ebi-a-GCST90091033","eqtl-a-ENSG00000198431","Weighted mode",52,-0.012957620872625,0.0519572017941045,0.80406062877047,-0.11479373638907,0.0888784946438197,0.987125967670985,0.891550019269081,1.0929478492404,54
"eqtl-a-ENSG00000198431","ebi-a-GCST90091033","ebi-a-GCST90091033","eqtl-a-ENSG00000198431","Simple mode",52,-0.0176342661477515,0.0402306471077047,0.662998828112048,-0.0964863344788527,0.0612178021833498,0.982520307591746,0.908022306112992,1.063130441104,54
