"id.exposure","id.outcome","outcome","exposure","method","nsnp","b","se","pval","lo_ci","up_ci","or","or_lci95","or_uci95","n_snps"
"eqtl-a-ENSG00000109819","ebi-a-GCST90091033","ebi-a-GCST90091033","eqtl-a-ENSG00000109819","Inverse variance weighted (fixed effects)",48,0.0195877636505483,0.0102901931176307,0.05697050652406,-0.000581014860007938,0.0397565421611045,1.01978086262463,0.999419153896441,1.04055741149342,48
"eqtl-a-ENSG00000109819","ebi-a-GCST90091033","ebi-a-GCST90091033","eqtl-a-ENSG00000109819","MR Egger",48,0.0276287909711095,0.0195572416945169,0.164470347071642,-0.0107034027501436,0.0659609846923627,1.02801400550381,0.989353674842078,1.06818504078501,48
"eqtl-a-ENSG00000109819","ebi-a-GCST90091033","ebi-a-GCST90091033","eqtl-a-ENSG00000109819","Weighted median",48,0.0280587833908828,0.0151065094675959,0.0632547115720358,-0.00154997516560511,0.0576675419473707,1.02845613878376,0.998451225425526,1.05936274348426,48
"eqtl-a-ENSG00000109819","ebi-a-GCST90091033","ebi-a-GCST90091033","eqtl-a-ENSG00000109819","Weighted mode",48,0.0354012232076735,0.0476810477830721,0.461503991901243,-0.0580536304471478,0.128856076862495,1.03603530682933,0.943599340425217,1.13752639601597,48
"eqtl-a-ENSG00000109819","ebi-a-GCST90091033","ebi-a-GCST90091033","eqtl-a-ENSG00000109819","Simple mode",48,0.0419933765221576,0.0275718889835487,0.134446772316224,-0.0120475258855978,0.096034278929913,1.04288757118517,0.988024754994609,1.10079679748351,48
