"id.exposure","id.outcome","outcome","exposure","method","nsnp","b","se","pval","lo_ci","up_ci","or","or_lci95","or_uci95","n_snps"
"eqtl-a-ENSG00000108786","ebi-a-GCST90091033","ebi-a-GCST90091033","eqtl-a-ENSG00000108786","Inverse variance weighted (fixed effects)",39,-0.0921312583728694,0.0186228227910364,7.52796943161143e-07,-0.128631991043301,-0.055630525702438,0.911985435964152,0.879297495364894,0.945888552844764,43
"eqtl-a-ENSG00000108786","ebi-a-GCST90091033","ebi-a-GCST90091033","eqtl-a-ENSG00000108786","MR Egger",39,0.00422806390219092,0.0560798862957667,0.940307737145533,-0.105688513237512,0.114144641041894,1.00423701477488,0.899704850585076,1.12091424336341,43
"eqtl-a-ENSG00000108786","ebi-a-GCST90091033","ebi-a-GCST90091033","eqtl-a-ENSG00000108786","Weighted median",39,-0.0847094546320322,0.0235771793858318,0.000327071000800365,-0.130920726228263,-0.0384981830358019,0.918779192663714,0.877287317509091,0.962233453081964,43
"eqtl-a-ENSG00000108786","ebi-a-GCST90091033","ebi-a-GCST90091033","eqtl-a-ENSG00000108786","Weighted mode",39,-0.0848837760734482,0.0442960849288667,0.0628738632553061,-0.171704102534027,0.00193655038713059,0.918619043709609,0.842228349535752,1.00193842671184,43
"eqtl-a-ENSG00000108786","ebi-a-GCST90091033","ebi-a-GCST90091033","eqtl-a-ENSG00000108786","Simple mode",39,-0.0866063373424835,0.0357003612292951,0.0201261133362851,-0.156579045351902,-0.016633629333065,0.917038028212882,0.855063926202603,0.983503945632843,43
