"id.exposure","id.outcome","outcome","exposure","method","nsnp","b","se","pval","lo_ci","up_ci","or","or_lci95","or_uci95","n_snps"
"eqtl-a-ENSG00000073756","ebi-a-GCST90091033","ebi-a-GCST90091033","eqtl-a-ENSG00000073756","Inverse variance weighted (fixed effects)",58,0.0696944970614164,0.0130521926053265,9.31121503723864e-08,0.0441121995549765,0.0952767945678564,1.07218057689778,1.04509960802137,1.09996327685289,59
"eqtl-a-ENSG00000073756","ebi-a-GCST90091033","ebi-a-GCST90091033","eqtl-a-ENSG00000073756","MR Egger",58,0.0905254294662589,0.0202174356955183,3.7598678278482e-05,0.050899255503043,0.130151603429475,1.09474934617925,1.05221688288276,1.13900104670097,59
"eqtl-a-ENSG00000073756","ebi-a-GCST90091033","ebi-a-GCST90091033","eqtl-a-ENSG00000073756","Weighted median",58,0.0892743400172773,0.0182511002346918,1.00095940572605e-06,0.0535021835572814,0.125046496477273,1.0933805732302,1.05495929532913,1.13320114170303,59
"eqtl-a-ENSG00000073756","ebi-a-GCST90091033","ebi-a-GCST90091033","eqtl-a-ENSG00000073756","Weighted mode",58,0.0897493325471306,0.04161040973156,0.0352445519412492,0.00819292947327294,0.171305735620988,1.09390004419741,1.00822658336515,1.18685355696649,59
"eqtl-a-ENSG00000073756","ebi-a-GCST90091033","ebi-a-GCST90091033","eqtl-a-ENSG00000073756","Simple mode",58,0.0999211191494752,0.0264601540432756,0.000381972588805275,0.048059217224655,0.151783021074295,1.10508374469186,1.04923278613846,1.16390766559693,59
