"id.exposure","id.outcome","outcome","exposure","method","nsnp","b","se","pval","lo_ci","up_ci","or","or_lci95","or_uci95","n_snps"
"eqtl-a-ENSG00000105974","ebi-a-GCST90091033","ebi-a-GCST90091033","eqtl-a-ENSG00000105974","Inverse variance weighted (fixed effects)",34,-0.0405457890047825,0.0395306400185072,0.305042418946999,-0.118025843441057,0.0369342654314917,0.960265193917179,0.888673085947334,1.03762481077709,34
"eqtl-a-ENSG00000105974","ebi-a-GCST90091033","ebi-a-GCST90091033","eqtl-a-ENSG00000105974","MR Egger",34,-0.0214237941714366,0.11985358241958,0.85926114883125,-0.256336815713814,0.21348922737094,0.978804065201891,0.773881269518707,1.23799016178746,34
"eqtl-a-ENSG00000105974","ebi-a-GCST90091033","ebi-a-GCST90091033","eqtl-a-ENSG00000105974","Weighted median",34,-0.0159124929540754,0.0538456161974894,0.7675961593017,-0.121449900701155,0.0896249147930039,0.984213441897956,0.885635421951113,1.09376395207699,34
"eqtl-a-ENSG00000105974","ebi-a-GCST90091033","ebi-a-GCST90091033","eqtl-a-ENSG00000105974","Weighted mode",34,-0.000409054351481974,0.110599378918446,0.997071280603553,-0.217183837031636,0.216365728328672,0.999591029299843,0.804782006969664,1.24155636831277,34
"eqtl-a-ENSG00000105974","ebi-a-GCST90091033","ebi-a-GCST90091033","eqtl-a-ENSG00000105974","Simple mode",34,-0.00524577280873184,0.0980906680106369,0.957672852457363,-0.19750348210958,0.187011936492116,0.994767962229989,0.82077728258631,1.2056416760964,34
