"id.exposure","id.outcome","outcome","exposure","method","nsnp","b","se","pval","lo_ci","up_ci","or","or_lci95","or_uci95","n_snps"
"eqtl-a-ENSG00000176170","ebi-a-GCST90091033","ebi-a-GCST90091033","eqtl-a-ENSG00000176170","Inverse variance weighted (fixed effects)",51,0.00399425022822079,0.0129974711470469,0.75860757883531,-0.0214807932199912,0.0294692936764328,1.00400223787701,0.978748275891437,1.02990781030388,51
"eqtl-a-ENSG00000176170","ebi-a-GCST90091033","ebi-a-GCST90091033","eqtl-a-ENSG00000176170","MR Egger",51,0.0256061263640553,0.0210750790209044,0.23019011789002,-0.0157010285169173,0.0669132812450279,1.02593677943334,0.98442159004668,1.06920275422255,51
"eqtl-a-ENSG00000176170","ebi-a-GCST90091033","ebi-a-GCST90091033","eqtl-a-ENSG00000176170","Weighted median",51,-0.0134049660881894,0.0191050494122228,0.482900460128681,-0.050850862936146,0.0240409307597673,0.986684480348171,0.950420402871703,1.02433224372958,51
"eqtl-a-ENSG00000176170","ebi-a-GCST90091033","ebi-a-GCST90091033","eqtl-a-ENSG00000176170","Weighted mode",51,-0.00502622842376477,0.0789601290642606,0.949498528021271,-0.159788081389716,0.149735624542186,0.994986381925973,0.852324393229758,1.16152712286772,51
"eqtl-a-ENSG00000176170","ebi-a-GCST90091033","ebi-a-GCST90091033","eqtl-a-ENSG00000176170","Simple mode",51,0.00887292300222331,0.0335914868834553,0.792756207420308,-0.056966391289349,0.0747122372937956,1.00891240406795,0.94462581648877,1.0775740206485,51
