"id.exposure","id.outcome","outcome","exposure","method","nsnp","b","se","pval","lo_ci","up_ci","or","or_lci95","or_uci95","n_snps"
"eqtl-a-ENSG00000198911","ebi-a-GCST90091033","ebi-a-GCST90091033","eqtl-a-ENSG00000198911","Inverse variance weighted (fixed effects)",16,0.0771266204569438,0.060591855066392,0.20305793305548,-0.0416334154731846,0.195886656387072,1.08017884047221,0.959221351833628,1.21638902759357,16
"eqtl-a-ENSG00000198911","ebi-a-GCST90091033","ebi-a-GCST90091033","eqtl-a-ENSG00000198911","MR Egger",16,0.482488722361082,0.319846117855798,0.153658865379322,-0.144409668636282,1.10938711335845,1.62010137162073,0.865533093656637,3.0324992464917,16
"eqtl-a-ENSG00000198911","ebi-a-GCST90091033","ebi-a-GCST90091033","eqtl-a-ENSG00000198911","Weighted median",16,0.145631958668791,0.0828062481668439,0.0786272254890321,-0.0166682877382235,0.307932205075805,1.15677037038933,0.983469859545309,1.36060874344368,16
"eqtl-a-ENSG00000198911","ebi-a-GCST90091033","ebi-a-GCST90091033","eqtl-a-ENSG00000198911","Weighted mode",16,0.181637326814245,0.15868228281146,0.270286853641876,-0.129379947496217,0.492654601124707,1.19917920486269,0.878640065024484,1.63665512491175,16
"eqtl-a-ENSG00000198911","ebi-a-GCST90091033","ebi-a-GCST90091033","eqtl-a-ENSG00000198911","Simple mode",16,0.183834358590774,0.159669144380922,0.267612421553061,-0.129117164395834,0.496785881577381,1.20181673599044,0.878870987124776,1.64343059227834,16
