"id.exposure","id.outcome","outcome","exposure","method","nsnp","b","se","pval","lo_ci","up_ci","or","or_lci95","or_uci95","n_snps"
"eqtl-a-ENSG00000213639","ebi-a-GCST90091033","ebi-a-GCST90091033","eqtl-a-ENSG00000213639","Inverse variance weighted (fixed effects)",65,-8.19813334416783e-05,0.00545683164154158,0.988013341084834,-0.0107773713508632,0.0106134086839798,0.999918022026936,0.989280496441619,1.01066993069267,67
"eqtl-a-ENSG00000213639","ebi-a-GCST90091033","ebi-a-GCST90091033","eqtl-a-ENSG00000213639","MR Egger",65,-0.0154482065648922,0.0128438501279074,0.233565933334893,-0.0406221528155907,0.00972573968580624,0.984670504898935,0.960191867207374,1.00977318839186,67
"eqtl-a-ENSG00000213639","ebi-a-GCST90091033","ebi-a-GCST90091033","eqtl-a-ENSG00000213639","Weighted median",65,-0.0108208394336024,0.00728827205284509,0.137625423781798,-0.0251058526571788,0.00346417378997393,0.989237495249743,0.975206678346448,1.00347018097464,67
"eqtl-a-ENSG00000213639","ebi-a-GCST90091033","ebi-a-GCST90091033","eqtl-a-ENSG00000213639","Weighted mode",65,-0.00333450984790074,0.0182015450279512,0.855220807745481,-0.0390095381026851,0.0323405184068837,0.996671043455832,0.961741535913093,1.03286915638954,67
"eqtl-a-ENSG00000213639","ebi-a-GCST90091033","ebi-a-GCST90091033","eqtl-a-ENSG00000213639","Simple mode",65,-0.00140934635313633,0.0146351012666951,0.923583982116022,-0.0300941448358586,0.027275452129586,0.998591646309046,0.970354175413558,1.0276508323914,67
