"id.exposure","id.outcome","outcome","exposure","method","nsnp","b","se","pval","lo_ci","up_ci","or","or_lci95","or_uci95","n_snps"
"eqtl-a-ENSG00000160752","ebi-a-GCST90091033","ebi-a-GCST90091033","eqtl-a-ENSG00000160752","Inverse variance weighted (fixed effects)",60,0.0142298556868831,0.0222563142403404,0.522587051413948,-0.029392520224184,0.0578522315979502,1.01433158202765,0.971035238682506,1.05955841488788,60
"eqtl-a-ENSG00000160752","ebi-a-GCST90091033","ebi-a-GCST90091033","eqtl-a-ENSG00000160752","MR Egger",60,-0.427331816082953,0.116931856431241,0.000555893798958397,-0.656518254688186,-0.19814537747772,0.652247090242501,0.518654015619663,0.820250598506463,60
"eqtl-a-ENSG00000160752","ebi-a-GCST90091033","ebi-a-GCST90091033","eqtl-a-ENSG00000160752","Weighted median",60,-0.0220255572891328,0.0290705747953045,0.448655671703159,-0.0790038838879297,0.0349527693096641,0.97821523420216,0.924036335584547,1.03557079692093,60
"eqtl-a-ENSG00000160752","ebi-a-GCST90091033","ebi-a-GCST90091033","eqtl-a-ENSG00000160752","Weighted mode",60,-0.0382051574293344,0.0784129412674907,0.627900584355173,-0.191894522313616,0.115484207454947,0.962515453437761,0.825393924541882,1.12241678859061,60
"eqtl-a-ENSG00000160752","ebi-a-GCST90091033","ebi-a-GCST90091033","eqtl-a-ENSG00000160752","Simple mode",60,-0.0328252633004469,0.0753626062196656,0.664742248401029,-0.180535971490992,0.114885444890098,0.967707638855371,0.834822650341382,1.12174492859782,60
