"id.exposure","id.outcome","outcome","exposure","method","nsnp","b","se","pval","lo_ci","up_ci","or","or_lci95","or_uci95","n_snps"
"eqtl-a-ENSG00000186480","ebi-a-GCST90091033","ebi-a-GCST90091033","eqtl-a-ENSG00000186480","Inverse variance weighted (fixed effects)",42,0.00560680237352136,0.0124180339064851,0.651625739743253,-0.0187325440831894,0.0299461488302321,1.0056225499073,0.981441819565008,1.03039904426558,45
"eqtl-a-ENSG00000186480","ebi-a-GCST90091033","ebi-a-GCST90091033","eqtl-a-ENSG00000186480","MR Egger",42,0.0144371844323154,0.0206372069042374,0.488244052900824,-0.0260117410999899,0.0548861099646207,1.01454190392413,0.974323649910196,1.05642029207941,45
"eqtl-a-ENSG00000186480","ebi-a-GCST90091033","ebi-a-GCST90091033","eqtl-a-ENSG00000186480","Weighted median",42,0.00780646312104508,0.0160720653125845,0.627168368257303,-0.0236947848916206,0.0393077111337108,1.00783701299803,0.976583732384813,1.04009048183546,45
"eqtl-a-ENSG00000186480","ebi-a-GCST90091033","ebi-a-GCST90091033","eqtl-a-ENSG00000186480","Weighted mode",42,0.00959833339705973,0.0723303383899635,0.895078729566417,-0.132169129847269,0.151365796641388,1.00964454513261,0.876192792193839,1.16342215617143,45
"eqtl-a-ENSG00000186480","ebi-a-GCST90091033","ebi-a-GCST90091033","eqtl-a-ENSG00000186480","Simple mode",42,0.021045030799613,0.0312875709029882,0.504954751100623,-0.0402786081702438,0.0823686697694697,1.02126803911851,0.960521792650674,1.08585605834796,45
