"id.exposure","id.outcome","outcome","exposure","method","nsnp","b","se","pval","lo_ci","up_ci","or","or_lci95","or_uci95","n_snps"
"eqtl-a-ENSG00000112237","ebi-a-GCST90091033","ebi-a-GCST90091033","eqtl-a-ENSG00000112237","Inverse variance weighted (multiplicative random effects)",35,-0.18075892642891,0.0468566355929846,0.000114458180339264,-0.27259793219116,-0.0889199206666604,0.83463654325672,0.761398860065194,0.914918836731486,35
"eqtl-a-ENSG00000112237","ebi-a-GCST90091033","ebi-a-GCST90091033","eqtl-a-ENSG00000112237","MR Egger",35,0.388168395573513,0.166449538552919,0.0259484127631904,0.0619273000097912,0.714409491137235,1.4742780252798,1.0638849974876,2.04297992824008,35
"eqtl-a-ENSG00000112237","ebi-a-GCST90091033","ebi-a-GCST90091033","eqtl-a-ENSG00000112237","Weighted median",35,-0.211353313010588,0.0594068704516783,0.000374080524387082,-0.327790779095878,-0.0949158469252988,0.809488013703941,0.720513750475045,0.909449464216779,35
"eqtl-a-ENSG00000112237","ebi-a-GCST90091033","ebi-a-GCST90091033","eqtl-a-ENSG00000112237","Weighted mode",35,-0.219403654179989,0.135845919326329,0.115534088096965,-0.485661656059594,0.046854347699617,0.802997519420707,0.615289951726102,1.04796935881515,35
"eqtl-a-ENSG00000112237","ebi-a-GCST90091033","ebi-a-GCST90091033","eqtl-a-ENSG00000112237","Simple mode",35,-0.296069699403126,0.131262276387567,0.0306460733633202,-0.553343761122757,-0.0387956376834959,0.743735588287014,0.575023849805274,0.961947274833813,35
