"id.exposure","id.outcome","outcome","exposure","method","nsnp","b","se","pval","lo_ci","up_ci","or","or_lci95","or_uci95","n_snps"
"eqtl-a-ENSG00000069667","ebi-a-GCST90091033","ebi-a-GCST90091033","eqtl-a-ENSG00000069667","Inverse variance weighted (fixed effects)",21,-0.0377785595831842,0.0401290707873021,0.34648648007503,-0.116431538326296,0.040874419159928,0.962926148051574,0.890091032012597,1.04172127709778,21
"eqtl-a-ENSG00000069667","ebi-a-GCST90091033","ebi-a-GCST90091033","eqtl-a-ENSG00000069667","MR Egger",21,0.0292890360299021,0.0967999113570398,0.765502858726714,-0.160438790229896,0.2190168622897,1.02972217827715,0.851769958619696,1.24485226757012,21
"eqtl-a-ENSG00000069667","ebi-a-GCST90091033","ebi-a-GCST90091033","eqtl-a-ENSG00000069667","Weighted median",21,-0.0075588757387148,0.0496261023070262,0.878937287380842,-0.104826036260486,0.0897082847830565,0.992469620716908,0.900481160031214,1.09385514296803,21
"eqtl-a-ENSG00000069667","ebi-a-GCST90091033","ebi-a-GCST90091033","eqtl-a-ENSG00000069667","Weighted mode",21,-0.00736158639499562,0.100907474323516,0.942567543034736,-0.205140236069086,0.190417063279095,0.992665443713301,0.814533081484185,1.20975403644383,21
"eqtl-a-ENSG00000069667","ebi-a-GCST90091033","ebi-a-GCST90091033","eqtl-a-ENSG00000069667","Simple mode",21,-0.0161537274733232,0.0742264055675011,0.829924079903434,-0.161637482385625,0.129330027438979,0.983976044276864,0.850749560345697,1.13806565508811,21
