"id.exposure","id.outcome","outcome","exposure","method","nsnp","b","se","pval","lo_ci","up_ci","or","or_lci95","or_uci95","n_snps"
"eqtl-a-ENSG00000100031","ebi-a-GCST90091033","ebi-a-GCST90091033","eqtl-a-ENSG00000100031","Inverse variance weighted (fixed effects)",32,-0.131978289506142,0.0273934651002675,1.45095249688966e-06,-0.185669481102666,-0.0782870979096174,0.876360021081696,0.83054806145071,0.924698909306754,34
"eqtl-a-ENSG00000100031","ebi-a-GCST90091033","ebi-a-GCST90091033","eqtl-a-ENSG00000100031","MR Egger",32,-0.159253041695141,0.0580293080011868,0.0101377510711504,-0.272990485377467,-0.0455155980128145,0.852780542630927,0.761100029173972,0.955504698481186,34
"eqtl-a-ENSG00000100031","ebi-a-GCST90091033","ebi-a-GCST90091033","eqtl-a-ENSG00000100031","Weighted median",32,-0.119775816174424,0.0380844568239408,0.00166083856639741,-0.194421351549348,-0.0451302807994995,0.887119292222904,0.823310927839142,0.955872941829609,34
"eqtl-a-ENSG00000100031","ebi-a-GCST90091033","ebi-a-GCST90091033","eqtl-a-ENSG00000100031","Weighted mode",32,-0.126640469590172,0.115212637533527,0.280149122140351,-0.352457239155884,0.09917629997554,0.881050380064986,0.702958628272374,1.10426096357962,34
"eqtl-a-ENSG00000100031","ebi-a-GCST90091033","ebi-a-GCST90091033","eqtl-a-ENSG00000100031","Simple mode",32,-0.20983142047788,0.0870889922755296,0.0221077645586497,-0.380525845337918,-0.0391369956178421,0.810720905393677,0.683501898410363,0.961618962538317,34
