"id.exposure","id.outcome","outcome","exposure","method","nsnp","b","se","pval","lo_ci","up_ci","or","or_lci95","or_uci95","n_snps"
"eqtl-a-ENSG00000131791","ebi-a-GCST90091033","ebi-a-GCST90091033","eqtl-a-ENSG00000131791","Inverse variance weighted (fixed effects)",43,-0.063424523554838,0.00981153326786888,1.01780521901245e-10,-0.082655128759861,-0.044193918349815,0.938544954664232,0.920668604599443,0.956768404532406,43
"eqtl-a-ENSG00000131791","ebi-a-GCST90091033","ebi-a-GCST90091033","eqtl-a-ENSG00000131791","MR Egger",43,0.0463661203909741,0.0403353931995337,0.257005388478487,-0.0326912502801119,0.12542349106206,1.04745783643532,0.967837332969011,1.13362843293511,43
"eqtl-a-ENSG00000131791","ebi-a-GCST90091033","ebi-a-GCST90091033","eqtl-a-ENSG00000131791","Weighted median",43,-0.0667743118473226,0.0132500081327757,4.66584775914955e-07,-0.092744327787563,-0.0408042959070822,0.935406287633101,0.911426496938434,0.960016990819002,43
"eqtl-a-ENSG00000131791","ebi-a-GCST90091033","ebi-a-GCST90091033","eqtl-a-ENSG00000131791","Weighted mode",43,-0.0705847751811592,0.0242334257826836,0.00571739075685681,-0.118082289715219,-0.0230872606470993,0.931848738531564,0.888622925078395,0.977177210937093,43
"eqtl-a-ENSG00000131791","ebi-a-GCST90091033","ebi-a-GCST90091033","eqtl-a-ENSG00000131791","Simple mode",43,-0.0724134859396513,0.0187756883852869,0.00038849691018371,-0.109213835174814,-0.035613136704489,0.930146213905137,0.896538685492903,0.965013549600933,43
