"id.exposure","id.outcome","outcome","exposure","method","nsnp","b","se","pval","lo_ci","up_ci","or","or_lci95","or_uci95","n_snps"
"eqtl-a-ENSG00000112304","ebi-a-GCST90091033","ebi-a-GCST90091033","eqtl-a-ENSG00000112304","Inverse variance weighted (fixed effects)",42,-0.0365657983519739,0.0169333817276549,0.0308198169283333,-0.0697552265381775,-0.00337637016577034,0.964094655969782,0.932622073103052,0.996629323362356,42
"eqtl-a-ENSG00000112304","ebi-a-GCST90091033","ebi-a-GCST90091033","eqtl-a-ENSG00000112304","MR Egger",42,0.00346040330987266,0.0397780445736912,0.931111274783936,-0.0745045640545622,0.0814253706743075,1.00346639741742,0.928203237679094,1.08483225426329,42
"eqtl-a-ENSG00000112304","ebi-a-GCST90091033","ebi-a-GCST90091033","eqtl-a-ENSG00000112304","Weighted median",42,-0.0310716600002413,0.0225494025928194,0.168222687465343,-0.0752684890821674,0.0131251690816848,0.96940610294537,0.927494430767267,1.01321168219881,42
"eqtl-a-ENSG00000112304","ebi-a-GCST90091033","ebi-a-GCST90091033","eqtl-a-ENSG00000112304","Weighted mode",42,-0.0432010658115595,0.0535617586843683,0.424570905641345,-0.148182112832921,0.0617799812098024,0.957718806197649,0.862274069468936,1.06372827877053,42
"eqtl-a-ENSG00000112304","ebi-a-GCST90091033","ebi-a-GCST90091033","eqtl-a-ENSG00000112304","Simple mode",42,-0.0145706310339216,0.0368127787283011,0.694302111920469,-0.0867236773413919,0.0575824152735486,0.985535006917529,0.916930429284605,1.05927256729579,42
