"id.exposure","id.outcome","outcome","exposure","method","nsnp","b","se","pval","lo_ci","up_ci","or","or_lci95","or_uci95","n_snps"
"eqtl-a-ENSG00000145675","ebi-a-GCST90091033","ebi-a-GCST90091033","eqtl-a-ENSG00000145675","Inverse variance weighted (fixed effects)",44,-0.0741248630716726,0.0272598462703414,0.00654408316927751,-0.127554161761542,-0.0206955643818034,0.928555744280079,0.880245738883291,0.979517119082412,47
"eqtl-a-ENSG00000145675","ebi-a-GCST90091033","ebi-a-GCST90091033","eqtl-a-ENSG00000145675","MR Egger",44,-0.096910965233921,0.0623045303161313,0.127345295009529,-0.219027844653538,0.0252059141856964,0.907636813767273,0.803299350250119,1.02552626919106,47
"eqtl-a-ENSG00000145675","ebi-a-GCST90091033","ebi-a-GCST90091033","eqtl-a-ENSG00000145675","Weighted median",44,-0.0435598689972654,0.0376371022330776,0.247123222077956,-0.117328589374098,0.0302088513795667,0.957375235279831,0.889292932941015,1.03066976827972,47
"eqtl-a-ENSG00000145675","ebi-a-GCST90091033","ebi-a-GCST90091033","eqtl-a-ENSG00000145675","Weighted mode",44,-0.0614009174464485,0.0903979880510101,0.500632895668908,-0.238580974026428,0.115779139133531,0.940446122926573,0.787744898798277,1.12274787367948,47
"eqtl-a-ENSG00000145675","ebi-a-GCST90091033","ebi-a-GCST90091033","eqtl-a-ENSG00000145675","Simple mode",44,-0.0533747358090982,0.0639643897069705,0.408642541894749,-0.17874493963476,0.0719954680165639,0.948024687111716,0.836319184072192,1.07465047375463,47
