"id.exposure","id.outcome","outcome","exposure","method","nsnp","b","se","pval","lo_ci","up_ci","or","or_lci95","or_uci95","n_snps"
"eqtl-a-ENSG00000113161","ebi-a-GCST90091033","ebi-a-GCST90091033","eqtl-a-ENSG00000113161","Inverse variance weighted (fixed effects)",72,-0.00727454268273686,0.0160540381405238,0.650456193516451,-0.0387404574381634,0.0241913720726897,0.99275185275918,0.962000356784959,1.02448635720942,75
"eqtl-a-ENSG00000113161","ebi-a-GCST90091033","ebi-a-GCST90091033","eqtl-a-ENSG00000113161","MR Egger",72,-0.152740602689391,0.0600234810665343,0.0131455183241573,-0.270386625579799,-0.0350945797989839,0.858352347226354,0.763084409344628,0.965514093810096,75
"eqtl-a-ENSG00000113161","ebi-a-GCST90091033","ebi-a-GCST90091033","eqtl-a-ENSG00000113161","Weighted median",72,-0.0164749713976408,0.0207462812617086,0.42712741263432,-0.0571376826705897,0.024187739875308,0.983659998717542,0.944464024085126,1.02448263607951,75
"eqtl-a-ENSG00000113161","ebi-a-GCST90091033","ebi-a-GCST90091033","eqtl-a-ENSG00000113161","Weighted mode",72,-0.0163733979435808,0.0474637537028784,0.731139514456403,-0.109402355201222,0.0766555593140608,0.983759917535696,0.896369685926639,1.07967013001937,75
"eqtl-a-ENSG00000113161","ebi-a-GCST90091033","ebi-a-GCST90091033","eqtl-a-ENSG00000113161","Simple mode",72,-0.0163733979435808,0.0445655406579605,0.714413250207594,-0.103721857633183,0.0709750617460217,0.983759917535696,0.901476001222523,1.07355445296092,75
