"id.exposure","id.outcome","outcome","exposure","method","nsnp","b","se","pval","lo_ci","up_ci","or","or_lci95","or_uci95","n_snps"
"eqtl-a-ENSG00000134824","ebi-a-GCST90091033","ebi-a-GCST90091033","eqtl-a-ENSG00000134824","Inverse variance weighted (fixed effects)",82,0.0261789354340088,0.00611555150351758,1.86293484173999e-05,0.0141924544871143,0.0381654163809032,1.02652461366811,1.01429364551895,1.03890307025174,82
"eqtl-a-ENSG00000134824","ebi-a-GCST90091033","ebi-a-GCST90091033","eqtl-a-ENSG00000134824","MR Egger",82,0.00164836512709459,0.00914401237100993,0.857398699056821,-0.0162738991200849,0.0195706293742741,1.00164972442766,0.983857805359874,1.01976338956728,82
"eqtl-a-ENSG00000134824","ebi-a-GCST90091033","ebi-a-GCST90091033","eqtl-a-ENSG00000134824","Weighted median",82,0.0187264921274785,0.00839830051806506,0.0257610268369295,0.00226582311207093,0.035187161142886,1.01890293253024,1.00226839202913,1.03581355470756,82
"eqtl-a-ENSG00000134824","ebi-a-GCST90091033","ebi-a-GCST90091033","eqtl-a-ENSG00000134824","Weighted mode",82,0.0173749843413851,0.0415045152273175,0.67659539396972,-0.0639738655041572,0.0987238341869273,1.01752680741502,0.938029514138827,1.10376143628992,82
"eqtl-a-ENSG00000134824","ebi-a-GCST90091033","ebi-a-GCST90091033","eqtl-a-ENSG00000134824","Simple mode",82,0.0173749843413851,0.015062501254649,0.252087069466713,-0.012147518117727,0.0468974868004972,1.01752680741502,0.987925965133149,1.04801456824618,82
