"id.exposure","id.outcome","outcome","exposure","method","nsnp","b","se","pval","lo_ci","up_ci","or","or_lci95","or_uci95","n_snps"
"eqtl-a-ENSG00000125505","ebi-a-GCST90091033","ebi-a-GCST90091033","eqtl-a-ENSG00000125505","Inverse variance weighted (fixed effects)",15,-0.0593723457562693,0.0380378821352698,0.118553454982313,-0.133926594741398,0.0151819032288594,0.942355821633163,0.874654266469545,1.01529773375528,15
"eqtl-a-ENSG00000125505","ebi-a-GCST90091033","ebi-a-GCST90091033","eqtl-a-ENSG00000125505","MR Egger",15,-0.124890660093352,0.1100964513449,0.277122054473224,-0.340679704729356,0.0908983845426525,0.882593399988954,0.711286693489185,1.0951577146521,15
"eqtl-a-ENSG00000125505","ebi-a-GCST90091033","ebi-a-GCST90091033","eqtl-a-ENSG00000125505","Weighted median",15,-0.0842013276617,0.0523080136003536,0.107458696077088,-0.186725034318393,0.0183223789949931,0.919246167782565,0.829671836306122,1.01849126366048,15
"eqtl-a-ENSG00000125505","ebi-a-GCST90091033","ebi-a-GCST90091033","eqtl-a-ENSG00000125505","Weighted mode",15,-0.091097433439836,0.169700412089626,0.599824348078534,-0.423710241135502,0.24151537425583,0.912928756776685,0.654613534505214,1.27317702891642,15
"eqtl-a-ENSG00000125505","ebi-a-GCST90091033","ebi-a-GCST90091033","eqtl-a-ENSG00000125505","Simple mode",15,-0.084159065722718,0.140260042427019,0.558079541808597,-0.359068748879675,0.190750617434239,0.919285017728948,0.698326340547688,1.2101576222345,15
