"id.exposure","id.outcome","outcome","exposure","method","nsnp","b","se","pval","lo_ci","up_ci","or","or_lci95","or_uci95","n_snps"
"eqtl-a-ENSG00000185000","ebi-a-GCST90091033","ebi-a-GCST90091033","eqtl-a-ENSG00000185000","Inverse variance weighted (fixed effects)",58,-0.0923800159764743,0.0158857910369089,6.05394687273384e-09,-0.123516166408816,-0.0612438655441327,0.911758600867226,0.8838073531376,0.940593833378004,58
"eqtl-a-ENSG00000185000","ebi-a-GCST90091033","ebi-a-GCST90091033","eqtl-a-ENSG00000185000","MR Egger",58,-0.160598495657971,0.048192992194083,0.00153008550235702,-0.255056760358374,-0.0661402309575682,0.851633937195803,0.774872514671213,0.935999598968056,58
"eqtl-a-ENSG00000185000","ebi-a-GCST90091033","ebi-a-GCST90091033","eqtl-a-ENSG00000185000","Weighted median",58,-0.100879148046924,0.0219072743864288,4.12814370664811e-06,-0.143817405844325,-0.0579408902495238,0.904042281559663,0.86604586853697,0.9437057279983,58
"eqtl-a-ENSG00000185000","ebi-a-GCST90091033","ebi-a-GCST90091033","eqtl-a-ENSG00000185000","Weighted mode",58,-0.10134723268136,0.0562122868895076,0.0766849709776742,-0.211523314984794,0.00882884962207529,0.903619212282624,0.809350410840225,1.0088679388679,58
"eqtl-a-ENSG00000185000","ebi-a-GCST90091033","ebi-a-GCST90091033","eqtl-a-ENSG00000185000","Simple mode",58,-0.0962499215729938,0.0341441147018928,0.00661422904011993,-0.163172386388704,-0.0293274567572839,0.90823699968213,0.849444743080699,0.971098419656981,58
