"id.exposure","id.outcome","outcome","exposure","method","nsnp","b","se","pval","lo_ci","up_ci","or","or_lci95","or_uci95","n_snps"
"eqtl-a-ENSG00000119927","ebi-a-GCST90091033","ebi-a-GCST90091033","eqtl-a-ENSG00000119927","Inverse variance weighted (fixed effects)",6,0.0407774590634312,0.0619985211274396,0.510720227237426,-0.0807396423463503,0.162294560473213,1.04162027659882,0.922433822888996,1.17620665428739,6
"eqtl-a-ENSG00000119927","ebi-a-GCST90091033","ebi-a-GCST90091033","eqtl-a-ENSG00000119927","MR Egger",6,0.0209539978248576,0.594994143300611,0.973593960177146,-1.14523452304434,1.18714251869406,1.02117507428239,0.318149295699079,3.27770184134549,6
"eqtl-a-ENSG00000119927","ebi-a-GCST90091033","ebi-a-GCST90091033","eqtl-a-ENSG00000119927","Weighted median",6,0.0547028618224216,0.075820480513866,0.470615040181051,-0.0939052799847556,0.203311003629599,1.05622672275966,0.910368988321486,1.22545352948429,6
"eqtl-a-ENSG00000119927","ebi-a-GCST90091033","ebi-a-GCST90091033","eqtl-a-ENSG00000119927","Weighted mode",6,0.0652076803840674,0.104604804717961,0.560370407964483,-0.139817736863137,0.270233097631271,1.06738067539572,0.8695167017987,1.31026983593466,6
"eqtl-a-ENSG00000119927","ebi-a-GCST90091033","ebi-a-GCST90091033","eqtl-a-ENSG00000119927","Simple mode",6,0.0453296977513235,0.102770419602453,0.67757659986819,-0.156100324669485,0.246759720172131,1.04637278980013,0.855473360983494,1.27987154851363,6
