"id.exposure","id.outcome","outcome","exposure","method","nsnp","b","se","pval","lo_ci","up_ci","or","or_lci95","or_uci95","n_snps"
"eqtl-a-ENSG00000099194","ebi-a-GCST90091033","ebi-a-GCST90091033","eqtl-a-ENSG00000099194","Inverse variance weighted (fixed effects)",52,-0.025322334065913,0.0223189199260978,0.256556334860214,-0.0690674171210647,0.0184227489892388,0.974995587080404,0.933263760001387,1.01859349475313,52
"eqtl-a-ENSG00000099194","ebi-a-GCST90091033","ebi-a-GCST90091033","eqtl-a-ENSG00000099194","MR Egger",52,0.160114650494696,0.0611025867472183,0.0116003677254201,0.0403535804701482,0.279875720519244,1.17364542230674,1.04117884962357,1.32296538466909,52
"eqtl-a-ENSG00000099194","ebi-a-GCST90091033","ebi-a-GCST90091033","eqtl-a-ENSG00000099194","Weighted median",52,-0.0107431531353739,0.0324367525619477,0.740491075690661,-0.0743191881567914,0.0528328818860436,0.989314348433999,0.92837532013707,1.05425344554924,52
"eqtl-a-ENSG00000099194","ebi-a-GCST90091033","ebi-a-GCST90091033","eqtl-a-ENSG00000099194","Weighted mode",52,0.0304666690988167,0.0794182745612819,0.702852591806791,-0.125193149041296,0.186126487238929,1.03093552746592,0.882326465614313,1.20457461405904,52
"eqtl-a-ENSG00000099194","ebi-a-GCST90091033","ebi-a-GCST90091033","eqtl-a-ENSG00000099194","Simple mode",52,0.0734290377156049,0.0788865136974625,0.356332772067624,-0.0811885291314216,0.228046604562632,1.0761921649077,0.9220198474568,1.25614386610368,52
