"id.exposure","id.outcome","outcome","exposure","method","nsnp","b","se","pval","lo_ci","up_ci","or","or_lci95","or_uci95","n_snps"
"eqtl-a-ENSG00000073756","ebi-a-GCST90091033","ebi-a-GCST90091033","eqtl-a-ENSG00000073756","Inverse variance weighted (fixed effects)",9,0.0355013504404982,0.0351530618853085,0.312539478288971,-0.0333986508547065,0.104401351735703,1.03613904737125,0.9671529263869,1.11004588436506,9
"eqtl-a-ENSG00000073756","ebi-a-GCST90091033","ebi-a-GCST90091033","eqtl-a-ENSG00000073756","MR Egger",9,0.0896366152461824,0.0548727039630155,0.146373553931476,-0.017913884521328,0.197187115013693,1.09377674968577,0.982245615267632,1.21797192021793,9
"eqtl-a-ENSG00000073756","ebi-a-GCST90091033","ebi-a-GCST90091033","eqtl-a-ENSG00000073756","Weighted median",9,0.0333578734004652,0.0483966210568355,0.490659426153379,-0.0614995038709323,0.128215250671863,1.03392048568038,0.940353412275975,1.13679767282626,9
"eqtl-a-ENSG00000073756","ebi-a-GCST90091033","ebi-a-GCST90091033","eqtl-a-ENSG00000073756","Weighted mode",9,0.0916012446837192,0.164725690325238,0.593361624332614,-0.231261108353748,0.414463597721186,1.09592772793203,0.793532241085222,1.5135586465998,9
"eqtl-a-ENSG00000073756","ebi-a-GCST90091033","ebi-a-GCST90091033","eqtl-a-ENSG00000073756","Simple mode",9,-0.0392562113312186,0.0785436444423318,0.63066992155582,-0.193201754438189,0.114689331775752,0.96150432928088,0.824315648020699,1.12152496127632,9
