"id.exposure","id.outcome","outcome","exposure","method","nsnp","b","se","pval","lo_ci","up_ci","or","or_lci95","or_uci95","n_snps","pqtl_file"
"A1BG","ebi-a-GCST90091033","ebi-a-GCST90091033","A1BG","Inverse variance weighted (fixed effects)",11,0.0508829106397288,0.0576173956393254,0.37717297509828,-0.062047184813349,0.163813006092807,1.05219968468218,0.93983853963877,1.17799401679229,11,"A1BG_P04217_OID30771_v1_Inflammation_II_expo_rt.txt"
"A1BG","ebi-a-GCST90091033","ebi-a-GCST90091033","A1BG","MR Egger",11,-0.0946497738290304,0.114835599329175,0.431115139535284,-0.319727548514214,0.130428000856153,0.909691476446666,0.726346904411145,1.13931590717057,11,"A1BG_P04217_OID30771_v1_Inflammation_II_expo_rt.txt"
"A1BG","ebi-a-GCST90091033","ebi-a-GCST90091033","A1BG","Weighted median",11,0.0742504885826416,0.0766428330917688,0.332652071580707,-0.0759694642772253,0.224470441442508,1.0770765670914,0.926844507994229,1.25165971354562,11,"A1BG_P04217_OID30771_v1_Inflammation_II_expo_rt.txt"
"A1BG","ebi-a-GCST90091033","ebi-a-GCST90091033","A1BG","Weighted mode",11,0.0771767386751139,0.318841185648046,0.813630134938649,-0.547751985195056,0.702105462545283,1.08023297846764,0.578248261017242,2.01799705496093,11,"A1BG_P04217_OID30771_v1_Inflammation_II_expo_rt.txt"
"A1BG","ebi-a-GCST90091033","ebi-a-GCST90091033","A1BG","Simple mode",11,0.0739638450537586,0.14502505078579,0.621113031508503,-0.210285254486389,0.358212944593907,1.07676787430784,0.810353056152962,1.43077026283537,11,"A1BG_P04217_OID30771_v1_Inflammation_II_expo_rt.txt"
