"id.exposure","id.outcome","outcome","exposure","method","nsnp","b","se","pval","lo_ci","up_ci","or","or_lci95","or_uci95","n_snps"
"eqtl-a-ENSG00000093010","ebi-a-GCST90091033","ebi-a-GCST90091033","eqtl-a-ENSG00000093010","Inverse variance weighted (multiplicative random effects)",3,-0.00022326214933867,0.0981880056778012,0.998185753267558,-0.192671753277829,0.192225228979152,0.9997767627718,0.824752652066749,1.21194345101368,4
"eqtl-a-ENSG00000093010","ebi-a-GCST90091033","ebi-a-GCST90091033","eqtl-a-ENSG00000093010","MR Egger",3,0.063352436095417,0.395552336403823,0.898896394530962,-0.711930143256076,0.838635015446909,1.06540225928394,0.490696168938596,2.31320732856458,4
"eqtl-a-ENSG00000093010","ebi-a-GCST90091033","ebi-a-GCST90091033","eqtl-a-ENSG00000093010","Weighted median",3,-0.0119641827244364,0.0394335344141409,0.761584110741238,-0.0892539101761526,0.0653255447272798,0.988107103532542,0.914613314461437,1.06750648893231,4
"eqtl-a-ENSG00000093010","ebi-a-GCST90091033","ebi-a-GCST90091033","eqtl-a-ENSG00000093010","Weighted mode",3,-0.0215855150280417,0.389817008082815,0.960875033563274,-0.785626850870359,0.742455820814275,0.978645784968971,0.455833872349162,2.1010890820854,4
"eqtl-a-ENSG00000093010","ebi-a-GCST90091033","ebi-a-GCST90091033","eqtl-a-ENSG00000093010","Simple mode",3,-0.123002678718677,0.0863824063664658,0.290476071252382,-0.29231219519695,0.0463068377595958,0.884261293870405,0.746535434811618,1.04739574221909,4
