"id.exposure","id.outcome","outcome","exposure","method","nsnp","b","se","pval","lo_ci","up_ci","or","or_lci95","or_uci95","n_snps"
"eqtl-a-ENSG00000196139","ebi-a-GCST90091033","ebi-a-GCST90091033","eqtl-a-ENSG00000196139","Inverse variance weighted (fixed effects)",8,-0.0209334538467304,0.0359135342226957,0.559970841795742,-0.0913239809232139,0.0494570732297532,0.97928412999299,0.912721958490034,1.05070048806829,8
"eqtl-a-ENSG00000196139","ebi-a-GCST90091033","ebi-a-GCST90091033","eqtl-a-ENSG00000196139","MR Egger",8,-0.066231417455467,0.0530982794403231,0.258752157036835,-0.1703040451585,0.0378412102475662,0.935914252333881,0.843408343385195,1.03856630609787,8
"eqtl-a-ENSG00000196139","ebi-a-GCST90091033","ebi-a-GCST90091033","eqtl-a-ENSG00000196139","Weighted median",8,-0.0367239392724133,0.0389304815278476,0.345516757222518,-0.113027683066995,0.039579804522168,0.963942205208166,0.893125935308686,1.04037352208391,8
"eqtl-a-ENSG00000196139","ebi-a-GCST90091033","ebi-a-GCST90091033","eqtl-a-ENSG00000196139","Weighted mode",8,-0.0436438002232828,0.191379614903648,0.826126921847679,-0.418747845434433,0.331460244987867,0.957294884974572,0.657870059294253,1.39300076641516,8
"eqtl-a-ENSG00000196139","ebi-a-GCST90091033","ebi-a-GCST90091033","eqtl-a-ENSG00000196139","Simple mode",8,-0.0365282861148476,0.145513741014464,0.809000462903911,-0.321735218503196,0.248678646273501,0.964130821995459,0.724890102407732,1.2823298853635,8
