"id.exposure","id.outcome","outcome","exposure","method","nsnp","b","se","pval","lo_ci","up_ci","or","or_lci95","or_uci95","n_snps"
"eqtl-a-ENSG00000156110","ebi-a-GCST90091033","ebi-a-GCST90091033","eqtl-a-ENSG00000156110","Inverse variance weighted (fixed effects)",4,0.0154005890991449,0.0161215536028265,0.339436389312672,-0.016197655962395,0.0469988341606847,1.0155197893031,0.983932820645338,1.04812078713852,4
"eqtl-a-ENSG00000156110","ebi-a-GCST90091033","ebi-a-GCST90091033","eqtl-a-ENSG00000156110","MR Egger",4,0.0340206713903661,0.02413244135123,0.294012148566021,-0.0132789136580448,0.0813202564387769,1.03460599325143,0.986808862163855,1.08471822894315,4
"eqtl-a-ENSG00000156110","ebi-a-GCST90091033","ebi-a-GCST90091033","eqtl-a-ENSG00000156110","Weighted median",4,0.0176080959555673,0.016085892492583,0.273678890800909,-0.0139202533298953,0.0491364452410299,1.01776403238045,0.986176185394058,1.0503636580855,4
"eqtl-a-ENSG00000156110","ebi-a-GCST90091033","ebi-a-GCST90091033","eqtl-a-ENSG00000156110","Weighted mode",4,0.0187899472310596,0.100630830444847,0.863792456715168,-0.178446480440841,0.21602637490296,1.01896758917274,0.83656882847421,1.24113511338716,4
"eqtl-a-ENSG00000156110","ebi-a-GCST90091033","ebi-a-GCST90091033","eqtl-a-ENSG00000156110","Simple mode",4,0.0177581185039493,0.074475052251018,0.826896180518713,-0.128212983908046,0.163729220915944,1.0179167313881,0.879666004488048,1.17789532248987,4
