"id.exposure","id.outcome","outcome","exposure","method","nsnp","b","se","pval","lo_ci","up_ci","or","or_lci95","or_uci95","n_snps"
"eqtl-a-ENSG00000156110","ebi-a-GCST90091033","ebi-a-GCST90091033","eqtl-a-ENSG00000156110","Inverse variance weighted (fixed effects)",4,0.0154005890991449,0.0161215536028265,0.339436389312672,-0.016197655962395,0.0469988341606847,1.0155197893031,0.983932820645338,1.04812078713852,4
"eqtl-a-ENSG00000156110","ebi-a-GCST90091033","ebi-a-GCST90091033","eqtl-a-ENSG00000156110","MR Egger",4,0.0340206713903661,0.02413244135123,0.294012148566021,-0.0132789136580448,0.0813202564387769,1.03460599325143,0.986808862163855,1.08471822894315,4
"eqtl-a-ENSG00000156110","ebi-a-GCST90091033","ebi-a-GCST90091033","eqtl-a-ENSG00000156110","Weighted median",4,0.0176080959555673,0.0174047232051247,0.311688729353398,-0.0165051615264772,0.0517213534376118,1.01776403238045,0.98363030234372,1.05308226387412,4
"eqtl-a-ENSG00000156110","ebi-a-GCST90091033","ebi-a-GCST90091033","eqtl-a-ENSG00000156110","Weighted mode",4,0.0187899472310596,0.0970232316698052,0.858809641325585,-0.171375586841759,0.208955481303878,1.01896758917274,0.842505080217745,1.23239013290716,4
"eqtl-a-ENSG00000156110","ebi-a-GCST90091033","ebi-a-GCST90091033","eqtl-a-ENSG00000156110","Simple mode",4,0.0177581185039493,0.0777108727187423,0.833936539593536,-0.134555192024786,0.170071429032684,1.0179167313881,0.874104633940595,1.18538951952318,4
