"id.exposure","id.outcome","outcome","exposure","method","nsnp","b","se","pval","lo_ci","up_ci","or","or_lci95","or_uci95","n_snps"
"eqtl-a-ENSG00000085662","ebi-a-GCST90091033","ebi-a-GCST90091033","eqtl-a-ENSG00000085662","Inverse variance weighted (fixed effects)",5,0.0134337994474729,0.0367995153950893,0.715071317419347,-0.0586932507269022,0.085560849621848,1.01352443835145,0.94299598812987,1.0893278445148,5
"eqtl-a-ENSG00000085662","ebi-a-GCST90091033","ebi-a-GCST90091033","eqtl-a-ENSG00000085662","MR Egger",5,0.0106031258803508,0.112581072461144,0.930902332188159,-0.210055776143492,0.231262027904194,1.01065953822567,0.810539035967803,1.2601894009792,5
"eqtl-a-ENSG00000085662","ebi-a-GCST90091033","ebi-a-GCST90091033","eqtl-a-ENSG00000085662","Weighted median",5,0.00312271159570349,0.0398258510510524,0.937502585971239,-0.0749359564643593,0.0811813796557663,1.00312759233862,0.92780290420423,1.08456759722491,5
"eqtl-a-ENSG00000085662","ebi-a-GCST90091033","ebi-a-GCST90091033","eqtl-a-ENSG00000085662","Weighted mode",5,0.00598738050691716,0.20903284244702,0.978521231630631,-0.403716990689242,0.415691751703077,1.00600534069652,0.667833097511277,1.51541867164323,5
"eqtl-a-ENSG00000085662","ebi-a-GCST90091033","ebi-a-GCST90091033","eqtl-a-ENSG00000085662","Simple mode",5,-0.037638150829415,0.188921973782264,0.85180337697635,-0.407925219442652,0.332648917783821,0.963061360804299,0.665028608172956,1.39465757303634,5
