"id.exposure","id.outcome","outcome","exposure","method","nsnp","b","se","pval","lo_ci","up_ci","or","or_lci95","or_uci95","n_snps"
"eqtl-a-ENSG00000093010","ebi-a-GCST90091033","ebi-a-GCST90091033","eqtl-a-ENSG00000093010","Inverse variance weighted (multiplicative random effects)",3,-0.00022326214933867,0.0981880056778012,0.998185753267558,-0.192671753277829,0.192225228979152,0.9997767627718,0.824752652066749,1.21194345101368,4
"eqtl-a-ENSG00000093010","ebi-a-GCST90091033","ebi-a-GCST90091033","eqtl-a-ENSG00000093010","MR Egger",3,0.063352436095417,0.395552336403823,0.898896394530962,-0.711930143256076,0.838635015446909,1.06540225928394,0.490696168938596,2.31320732856458,4
"eqtl-a-ENSG00000093010","ebi-a-GCST90091033","ebi-a-GCST90091033","eqtl-a-ENSG00000093010","Weighted median",3,-0.0119641827244364,0.0402075391718564,0.766038488084595,-0.090770959501275,0.0668425940524022,0.988107103532542,0.913226852881193,1.06912717795267,4
"eqtl-a-ENSG00000093010","ebi-a-GCST90091033","ebi-a-GCST90091033","eqtl-a-ENSG00000093010","Weighted mode",3,-0.0215855150280417,0.408806941633739,0.962689878223577,-0.822847120630169,0.779676090574086,0.978645784968971,0.439179475853969,2.18076578049379,4
"eqtl-a-ENSG00000093010","ebi-a-GCST90091033","ebi-a-GCST90091033","eqtl-a-ENSG00000093010","Simple mode",3,-0.123002678718677,0.0855047347563444,0.286887408513312,-0.290591958841112,0.0445866014037579,0.884261293870405,0.74782075741988,1.04559552282973,4
