"id.exposure","id.outcome","outcome","exposure","method","nsnp","b","se","pval","lo_ci","up_ci","or","or_lci95","or_uci95","n_snps"
"eqtl-a-ENSG00000073756","ebi-a-GCST90091033","ebi-a-GCST90091033","eqtl-a-ENSG00000073756","Inverse variance weighted (fixed effects)",9,0.0355013504404982,0.0351530618853085,0.312539478288971,-0.0333986508547065,0.104401351735703,1.03613904737125,0.9671529263869,1.11004588436506,9
"eqtl-a-ENSG00000073756","ebi-a-GCST90091033","ebi-a-GCST90091033","eqtl-a-ENSG00000073756","MR Egger",9,0.0896366152461824,0.0548727039630155,0.146373553931476,-0.017913884521328,0.197187115013693,1.09377674968577,0.982245615267632,1.21797192021793,9
"eqtl-a-ENSG00000073756","ebi-a-GCST90091033","ebi-a-GCST90091033","eqtl-a-ENSG00000073756","Weighted median",9,0.0333578734004652,0.0469282554211567,0.477191415572879,-0.0586215072250018,0.125337254025932,1.03392048568038,0.943063644391256,1.13353067639416,9
"eqtl-a-ENSG00000073756","ebi-a-GCST90091033","ebi-a-GCST90091033","eqtl-a-ENSG00000073756","Weighted mode",9,0.0916012446837192,0.170224173380771,0.605136988523556,-0.242038135142592,0.42524062451003,1.09592772793203,0.785026239893398,1.52995852089397,9
"eqtl-a-ENSG00000073756","ebi-a-GCST90091033","ebi-a-GCST90091033","eqtl-a-ENSG00000073756","Simple mode",9,-0.0392562113312186,0.085046643054281,0.656670892383482,-0.205947631717609,0.127435209055172,0.96150432928088,0.813875696439241,1.13591126909254,9
