"id.exposure","id.outcome","outcome","exposure","method","nsnp","b","se","pval","lo_ci","up_ci","or","or_lci95","or_uci95","n_snps"
"eqtl-a-ENSG00000134824","ebi-a-GCST90091033","ebi-a-GCST90091033","eqtl-a-ENSG00000134824","Inverse variance weighted (fixed effects)",4,0.0142016317505609,0.0171249762318631,0.40693833902021,-0.0193633216638907,0.0477665851650126,1.01430295400167,0.980822943275627,1.04892579190757,4
"eqtl-a-ENSG00000134824","ebi-a-GCST90091033","ebi-a-GCST90091033","eqtl-a-ENSG00000134824","MR Egger",4,0.0286558702505211,0.0298705670004268,0.43862290100244,-0.0298904410703155,0.0872021815713577,1.02907039979529,0.9705518603469,1.09111726122118,4
"eqtl-a-ENSG00000134824","ebi-a-GCST90091033","ebi-a-GCST90091033","eqtl-a-ENSG00000134824","Weighted median",4,0.0157738991775969,0.0166151939145061,0.34243452736515,-0.016791880894835,0.0483396792500288,1.01589896384575,0.983348316912009,1.04952709736038,4
"eqtl-a-ENSG00000134824","ebi-a-GCST90091033","ebi-a-GCST90091033","eqtl-a-ENSG00000134824","Weighted mode",4,0.0174969422524839,0.162733689648136,0.921164663795145,-0.301461089457863,0.336454973962831,1.01765091042646,0.739736609347163,1.39997583248686,4
"eqtl-a-ENSG00000134824","ebi-a-GCST90091033","ebi-a-GCST90091033","eqtl-a-ENSG00000134824","Simple mode",4,-0.0115666144291489,0.146143928299168,0.941900666472397,-0.298008713895518,0.27487548503722,0.98850002168998,0.742294871439639,1.31636675730495,4
