"id.exposure","id.outcome","outcome","exposure","method","nsnp","b","se","pval","lo_ci","up_ci","or","or_lci95","or_uci95","n_snps","pqtl_file"
"A1BG","ebi-a-GCST90091033","ebi-a-GCST90091033","A1BG","Inverse variance weighted (fixed effects)",11,0.0508829106397288,0.0576173956393254,0.37717297509828,-0.062047184813349,0.163813006092807,1.05219968468218,0.93983853963877,1.17799401679229,11,"A1BG_P04217_OID30771_v1_Inflammation_II_expo_rt.txt"
"A1BG","ebi-a-GCST90091033","ebi-a-GCST90091033","A1BG","MR Egger",11,-0.0946497738290304,0.114835599329175,0.431115139535284,-0.319727548514214,0.130428000856153,0.909691476446666,0.726346904411145,1.13931590717057,11,"A1BG_P04217_OID30771_v1_Inflammation_II_expo_rt.txt"
"A1BG","ebi-a-GCST90091033","ebi-a-GCST90091033","A1BG","Weighted median",11,0.0742504885826416,0.0741133696136587,0.3164159841346,-0.0710117158601296,0.219512693025413,1.0770765670914,0.931450979314275,1.24546965663339,11,"A1BG_P04217_OID30771_v1_Inflammation_II_expo_rt.txt"
"A1BG","ebi-a-GCST90091033","ebi-a-GCST90091033","A1BG","Weighted mode",11,0.0771767386751139,0.336007105220537,0.822964313972543,-0.581397187557138,0.735750664907366,1.08023297846764,0.559116629778002,2.08704807838106,11,"A1BG_P04217_OID30771_v1_Inflammation_II_expo_rt.txt"
"A1BG","ebi-a-GCST90091033","ebi-a-GCST90091033","A1BG","Simple mode",11,0.0739638450537586,0.126174798273341,0.57073395869099,-0.173338759561989,0.321266449669506,1.07676787430784,0.840852719692849,1.37887293218834,11,"A1BG_P04217_OID30771_v1_Inflammation_II_expo_rt.txt"
