"id.exposure","id.outcome","outcome","exposure","method","nsnp","b","se","pval","lo_ci","up_ci","or","or_lci95","or_uci95"
"ukb-e-20513_AFR","finn-b-TRAUMBRAIN_NONCONCUS","finn-b-TRAUMBRAIN_NONCONCUS","Recent thoughts of suicide or self-harm || id:ukb-e-20513_AFR","Inverse variance weighted (fixed effects)",11,0.00138437373286339,0.0344524333972067,0.967947887864967,-0.0661423957256617,0.0689111431913885,1.00138533242052,0.935997572748182,1.07134100897582
"ukb-e-20513_AFR","finn-b-TRAUMBRAIN_NONCONCUS","finn-b-TRAUMBRAIN_NONCONCUS","Recent thoughts of suicide or self-harm || id:ukb-e-20513_AFR","MR Egger",11,0.0276715134000039,0.0927093008851404,0.772116217224283,-0.154038716334871,0.209381743134879,1.02805792569724,0.857238831223314,1.23291556575975
"ukb-e-20513_AFR","finn-b-TRAUMBRAIN_NONCONCUS","finn-b-TRAUMBRAIN_NONCONCUS","Recent thoughts of suicide or self-harm || id:ukb-e-20513_AFR","Weighted median",11,0.0246512252970451,0.0479106894214335,0.606885309772714,-0.0692537259689645,0.118556176563055,1.02495757890219,0.933089900901722,1.12587011983928
"ukb-e-20513_AFR","finn-b-TRAUMBRAIN_NONCONCUS","finn-b-TRAUMBRAIN_NONCONCUS","Recent thoughts of suicide or self-harm || id:ukb-e-20513_AFR","Weighted mode",11,0.0305234769416305,0.0912896371638418,0.745015631495465,-0.148404211899499,0.20945116578276,1.03099409435283,0.862082580468524,1.23300116099403
"ukb-e-20513_AFR","finn-b-TRAUMBRAIN_NONCONCUS","finn-b-TRAUMBRAIN_NONCONCUS","Recent thoughts of suicide or self-harm || id:ukb-e-20513_AFR","Simple mode",11,0.03554606958965,0.0687136044106202,0.616190019416319,-0.0991325950551656,0.170224734234466,1.0361853836639,0.905622618980995,1.18557125983317
