"id.exposure","id.outcome","outcome","exposure","method","nsnp","b","se","pval","lo_ci","up_ci","or","or_lci95","or_uci95"
"ukb-e-20513_CSA","finn-b-TRAUMBRAIN_NONCONCUS","finn-b-TRAUMBRAIN_NONCONCUS","Recent thoughts of suicide or self-harm || id:ukb-e-20513_CSA","Inverse variance weighted (fixed effects)",8,-0.0133531234044516,0.0467498158429832,0.775161957713389,-0.104982762456699,0.0782765156477954,0.986735634045596,0.900340042102968,1.08142164733801
"ukb-e-20513_CSA","finn-b-TRAUMBRAIN_NONCONCUS","finn-b-TRAUMBRAIN_NONCONCUS","Recent thoughts of suicide or self-harm || id:ukb-e-20513_CSA","MR Egger",8,-0.20927379893149,0.149681696728435,0.211575532473108,-0.502649924519223,0.0841023266562434,0.811173106905569,0.604925526925448,1.0877401929311
"ukb-e-20513_CSA","finn-b-TRAUMBRAIN_NONCONCUS","finn-b-TRAUMBRAIN_NONCONCUS","Recent thoughts of suicide or self-harm || id:ukb-e-20513_CSA","Weighted median",8,-0.0280097728162285,0.0594935944914732,0.637781301371771,-0.144617218019516,0.0885976723870588,0.972378863874871,0.865353471437765,1.09264096825038
"ukb-e-20513_CSA","finn-b-TRAUMBRAIN_NONCONCUS","finn-b-TRAUMBRAIN_NONCONCUS","Recent thoughts of suicide or self-harm || id:ukb-e-20513_CSA","Weighted mode",8,-0.0508341896906859,0.144157644860406,0.734745430378376,-0.333383173617081,0.231714794235709,0.950436249596478,0.716495599339893,1.26076010149854
"ukb-e-20513_CSA","finn-b-TRAUMBRAIN_NONCONCUS","finn-b-TRAUMBRAIN_NONCONCUS","Recent thoughts of suicide or self-harm || id:ukb-e-20513_CSA","Simple mode",8,-0.0152897494791754,0.134888375163623,0.912934582051592,-0.279670964799877,0.249091465841526,0.984826545280058,0.75603246182698,1.2828593655152
