gene,coefficient
CCL18,0.0723413270002829
UGT2A3,-0.168576506826497
GSTT1,-0.272235378700336
SELL,0.00164658130237005
