lambda.min,lambda.1se
0.0873582739332529,0.266779545815863
