"id.exposure","id.outcome","outcome","exposure","method","nsnp","b","se","pval","lo_ci","up_ci","or","or_lci95","or_uci95","n_snps"
"eqtl-a-ENSG00000196139","ebi-a-GCST90091033","ebi-a-GCST90091033","eqtl-a-ENSG00000196139","Inverse variance weighted (fixed effects)",8,-0.0209334538467304,0.0359135342226957,0.559970841795742,-0.0913239809232139,0.0494570732297532,0.97928412999299,0.912721958490034,1.05070048806829,8
"eqtl-a-ENSG00000196139","ebi-a-GCST90091033","ebi-a-GCST90091033","eqtl-a-ENSG00000196139","MR Egger",8,-0.066231417455467,0.0530982794403231,0.258752157036835,-0.1703040451585,0.0378412102475662,0.935914252333881,0.843408343385195,1.03856630609787,8
"eqtl-a-ENSG00000196139","ebi-a-GCST90091033","ebi-a-GCST90091033","eqtl-a-ENSG00000196139","Weighted median",8,-0.0367239392724133,0.0394466749769141,0.351865564765965,-0.114039422227165,0.0405915436823385,0.963942205208166,0.892222781779907,1.04142664136858,8
"eqtl-a-ENSG00000196139","ebi-a-GCST90091033","ebi-a-GCST90091033","eqtl-a-ENSG00000196139","Weighted mode",8,-0.0436438002232828,0.196252712091607,0.830362906513949,-0.428299115922832,0.341011515476266,0.957294884974572,0.651616476781868,1.40636943578278,8
"eqtl-a-ENSG00000196139","ebi-a-GCST90091033","ebi-a-GCST90091033","eqtl-a-ENSG00000196139","Simple mode",8,-0.0365282861148476,0.145787088636124,0.809350136676404,-0.32227097984165,0.249214407611955,0.964130821995459,0.724501838333961,1.28301709221221,8
