"id.exposure","id.outcome","outcome","exposure","method","nsnp","b","se","pval","lo_ci","up_ci","or","or_lci95","or_uci95","n_snps"
"eqtl-a-ENSG00000093010","ebi-a-GCST90091033","ebi-a-GCST90091033","eqtl-a-ENSG00000093010","Inverse variance weighted (multiplicative random effects)",3,-0.00022326214933867,0.0981880056778012,0.998185753267558,-0.192671753277829,0.192225228979152,0.9997767627718,0.824752652066749,1.21194345101368,4
"eqtl-a-ENSG00000093010","ebi-a-GCST90091033","ebi-a-GCST90091033","eqtl-a-ENSG00000093010","MR Egger",3,0.063352436095417,0.395552336403823,0.898896394530962,-0.711930143256076,0.838635015446909,1.06540225928394,0.490696168938596,2.31320732856458,4
"eqtl-a-ENSG00000093010","ebi-a-GCST90091033","ebi-a-GCST90091033","eqtl-a-ENSG00000093010","Weighted median",3,-0.0119641827244364,0.0408138383161137,0.769414878243479,-0.0919593058240192,0.0680309403751464,0.988107103532542,0.912142267667799,1.0703984264953,4
"eqtl-a-ENSG00000093010","ebi-a-GCST90091033","ebi-a-GCST90091033","eqtl-a-ENSG00000093010","Weighted mode",3,-0.0215855150280417,0.38858633196872,0.960751313037774,-0.783214725686733,0.740043695630649,0.978645784968971,0.456934727879116,2.09602709971939,4
"eqtl-a-ENSG00000093010","ebi-a-GCST90091033","ebi-a-GCST90091033","eqtl-a-ENSG00000093010","Simple mode",3,-0.123002678718677,0.084546457031295,0.282949166852584,-0.288713734500015,0.0427083770626611,0.884261293870405,0.749226652449075,1.0436335030013,4
