"id.exposure","id.outcome","outcome","exposure","method","nsnp","b","se","pval","lo_ci","up_ci","or","or_lci95","or_uci95","n_snps"
"eqtl-a-ENSG00000085662","ebi-a-GCST90091033","ebi-a-GCST90091033","eqtl-a-ENSG00000085662","Inverse variance weighted (fixed effects)",5,0.0134337994474729,0.0367995153950893,0.715071317419347,-0.0586932507269022,0.085560849621848,1.01352443835145,0.94299598812987,1.0893278445148,5
"eqtl-a-ENSG00000085662","ebi-a-GCST90091033","ebi-a-GCST90091033","eqtl-a-ENSG00000085662","MR Egger",5,0.0106031258803508,0.112581072461144,0.930902332188159,-0.210055776143492,0.231262027904194,1.01065953822567,0.810539035967803,1.2601894009792,5
"eqtl-a-ENSG00000085662","ebi-a-GCST90091033","ebi-a-GCST90091033","eqtl-a-ENSG00000085662","Weighted median",5,0.00312271159570349,0.039524317733469,0.937026777067056,-0.0743449511618957,0.0805903743533027,1.00312759233862,0.928351402707052,1.08392680139959,5
"eqtl-a-ENSG00000085662","ebi-a-GCST90091033","ebi-a-GCST90091033","eqtl-a-ENSG00000085662","Weighted mode",5,0.00598738050691716,0.211478666009612,0.978769557550171,-0.408510804871922,0.420485565885756,1.00600534069652,0.664639291110287,1.52270074767817,5
"eqtl-a-ENSG00000085662","ebi-a-GCST90091033","ebi-a-GCST90091033","eqtl-a-ENSG00000085662","Simple mode",5,-0.037638150829415,0.191335817025636,0.853643019795276,-0.412656352199661,0.337380050540831,0.963061360804299,0.661889700689495,1.40127151655035,5
