"id.exposure","id.outcome","outcome","exposure","method","nsnp","b","se","pval","lo_ci","up_ci","or","or_lci95","or_uci95","n_snps"
"eqtl-a-ENSG00000156110","ebi-a-GCST90091033","ebi-a-GCST90091033","eqtl-a-ENSG00000156110","Inverse variance weighted (fixed effects)",4,0.0154005890991449,0.0161215536028265,0.339436389312672,-0.016197655962395,0.0469988341606847,1.0155197893031,0.983932820645338,1.04812078713852,4
"eqtl-a-ENSG00000156110","ebi-a-GCST90091033","ebi-a-GCST90091033","eqtl-a-ENSG00000156110","MR Egger",4,0.0340206713903661,0.02413244135123,0.294012148566021,-0.0132789136580448,0.0813202564387769,1.03460599325143,0.986808862163855,1.08471822894315,4
"eqtl-a-ENSG00000156110","ebi-a-GCST90091033","ebi-a-GCST90091033","eqtl-a-ENSG00000156110","Weighted median",4,0.0176080959555673,0.0164710393160442,0.285054488439148,-0.0146751411038793,0.0498913330150138,1.01776403238045,0.985432013967005,1.05115686412233,4
"eqtl-a-ENSG00000156110","ebi-a-GCST90091033","ebi-a-GCST90091033","eqtl-a-ENSG00000156110","Weighted mode",4,0.0187899472310596,0.0944201176267716,0.854983703355866,-0.166273483317413,0.203853377779532,1.01896758917274,0.846814612849002,1.22611836407888,4
"eqtl-a-ENSG00000156110","ebi-a-GCST90091033","ebi-a-GCST90091033","eqtl-a-ENSG00000156110","Simple mode",4,0.0177581185039493,0.0724144762918829,0.822097434718074,-0.124174255028141,0.15969049203604,1.0179167313881,0.883225920914772,1.17314771623399,4
