"id.exposure","id.outcome","outcome","exposure","method","nsnp","b","se","pval","lo_ci","up_ci","or","or_lci95","or_uci95"
"ukb-e-20523_CSA","finn-b-TRAUMBRAIN_NONCONCUS","finn-b-TRAUMBRAIN_NONCONCUS","Physical violence by partner or ex-partner as an adult || id:ukb-e-20523_CSA","Inverse variance weighted (multiplicative random effects)",5,0.0505150277146124,0.0685306919680055,0.461052181076234,-0.0838051285426783,0.184835183971903,1.05181266957686,0.919610444462689,1.20302014678487
"ukb-e-20523_CSA","finn-b-TRAUMBRAIN_NONCONCUS","finn-b-TRAUMBRAIN_NONCONCUS","Physical violence by partner or ex-partner as an adult || id:ukb-e-20523_CSA","MR Egger",5,0.401544271381869,0.107897671218962,0.0337715001726144,0.190064835792703,0.613023706971035,1.49413025957707,1.20932800285519,1.84600474586973
"ukb-e-20523_CSA","finn-b-TRAUMBRAIN_NONCONCUS","finn-b-TRAUMBRAIN_NONCONCUS","Physical violence by partner or ex-partner as an adult || id:ukb-e-20523_CSA","Weighted median",5,0.101021022388431,0.0504131282377789,0.0450846954625534,0.00221129104238467,0.199830753734478,1.10629989858516,1.00221373774955,1.22119605779678
"ukb-e-20523_CSA","finn-b-TRAUMBRAIN_NONCONCUS","finn-b-TRAUMBRAIN_NONCONCUS","Physical violence by partner or ex-partner as an adult || id:ukb-e-20523_CSA","Weighted mode",5,0.114804722418353,0.14543664299256,0.47404841116269,-0.170251097847065,0.399860542683772,1.12165438222913,0.843453000771654,1.49161666627874
"ukb-e-20523_CSA","finn-b-TRAUMBRAIN_NONCONCUS","finn-b-TRAUMBRAIN_NONCONCUS","Physical violence by partner or ex-partner as an adult || id:ukb-e-20523_CSA","Simple mode",5,0.0714243312054818,0.129770507254458,0.611343125975723,-0.182925863013256,0.32577452542422,1.07403687655068,0.832829896947439,1.38510302814398
