"id.exposure","id.outcome","outcome","exposure","method","nsnp","b","se","pval","lo_ci","up_ci","or","or_lci95","or_uci95","n_snps","pqtl_file"
"FABP3","ebi-a-GCST90091033","ebi-a-GCST90091033","FABP3","Inverse variance weighted (fixed effects)",5,0.0596924954432808,0.13345219695898,0.654662103660799,-0.20187381059632,0.321258801482882,1.06151007716679,0.817198043169831,1.37886238635115,5,"FABP3_P05413_OID30351_v1_Cardiometabolic_II_expo_rt.txt"
"FABP3","ebi-a-GCST90091033","ebi-a-GCST90091033","FABP3","MR Egger",5,0.0986237851564052,0.397019293296122,0.819850714731375,-0.679534029703994,0.876781600016804,1.10365101155233,0.506853115844475,2.40315293962646,5,"FABP3_P05413_OID30351_v1_Cardiometabolic_II_expo_rt.txt"
"FABP3","ebi-a-GCST90091033","ebi-a-GCST90091033","FABP3","Weighted median",5,0.114022848698766,0.164460156041252,0.488111297985237,-0.208319057142088,0.43636475453962,1.1207777329044,0.811947937591933,1.54707299374364,5,"FABP3_P05413_OID30351_v1_Cardiometabolic_II_expo_rt.txt"
"FABP3","ebi-a-GCST90091033","ebi-a-GCST90091033","FABP3","Weighted mode",5,0.197039550462463,0.384318197527467,0.635175885540482,-0.556224116691373,0.950303217616299,1.21779220399831,0.573369959696643,2.58649381091347,5,"FABP3_P05413_OID30351_v1_Cardiometabolic_II_expo_rt.txt"
"FABP3","ebi-a-GCST90091033","ebi-a-GCST90091033","FABP3","Simple mode",5,0.261816428086665,0.386635765064028,0.535442817197778,-0.495989671438829,1.01962252761216,1.29928800775036,0.60896793080294,2.77214815705983,5,"FABP3_P05413_OID30351_v1_Cardiometabolic_II_expo_rt.txt"
