"id.exposure","id.outcome","outcome","exposure","method","nsnp","b","se","pval","lo_ci","up_ci","or","or_lci95","or_uci95","n_snps","pqtl_file"
"GC","ebi-a-GCST90091033","ebi-a-GCST90091033","GC","Inverse variance weighted (fixed effects)",59,0.0144098750701493,0.0104649673523918,0.168523621637762,-0.00610146094053858,0.0349212110808372,1.01451419781017,0.993917115172588,1.03553811665642,60,"GC_P02774_OID30780_v1_Inflammation_II_expo_rt.txt"
"GC","ebi-a-GCST90091033","ebi-a-GCST90091033","GC","MR Egger",59,0.00103831417790665,0.0173728085936109,0.952550560429317,-0.0330123906655708,0.0350890190213841,1.00103885341269,0.967526571216585,1.03571190275607,60,"GC_P02774_OID30780_v1_Inflammation_II_expo_rt.txt"
"GC","ebi-a-GCST90091033","ebi-a-GCST90091033","GC","Weighted median",59,0.00380244646188004,0.0155906777459161,0.807314222524764,-0.0267552819201156,0.0343601748438757,1.00380968493315,0.973599469766587,1.0349573051916,60,"GC_P02774_OID30780_v1_Inflammation_II_expo_rt.txt"
"GC","ebi-a-GCST90091033","ebi-a-GCST90091033","GC","Weighted mode",59,0.00577752226430928,0.183066187698397,0.974931499693403,-0.353032205624548,0.364587250153167,1.0057942443346,0.702554566804289,1.43991955890085,60,"GC_P02774_OID30780_v1_Inflammation_II_expo_rt.txt"
"GC","ebi-a-GCST90091033","ebi-a-GCST90091033","GC","Simple mode",59,-0.0205487062264286,0.0314209075781714,0.515708156280975,-0.0821336850796445,0.0410362726267873,0.979660979722974,0.921148806613158,1.04188989694346,60,"GC_P02774_OID30780_v1_Inflammation_II_expo_rt.txt"
