"id.exposure","id.outcome","outcome","exposure","method","nsnp","b","se","pval","lo_ci","up_ci","or","or_lci95","or_uci95","n_snps","pqtl_file"
"GGT1","ebi-a-GCST90091033","ebi-a-GCST90091033","GGT1","Inverse variance weighted (fixed effects)",21,0.16161277701812,0.0412696769229219,9.00237165577349e-05,0.0807242102491935,0.242501343787047,1.17540500935591,1.08407187942224,1.27443296172877,21,"GGT1_P19440_OID21075_v1_Neurology_expo_rt.txt"
"GGT1","ebi-a-GCST90091033","ebi-a-GCST90091033","GGT1","MR Egger",21,0.111492392066519,0.070315423006881,0.129332285075459,-0.026325837026968,0.249310621160006,1.11794523872017,0.974017666876729,1.28314054177753,21,"GGT1_P19440_OID21075_v1_Neurology_expo_rt.txt"
"GGT1","ebi-a-GCST90091033","ebi-a-GCST90091033","GGT1","Weighted median",21,0.149325942270335,0.056683844554795,0.00842947906423455,0.0382256069429365,0.260426277597733,1.161051363259,1.0389656042934,1.29748305675855,21,"GGT1_P19440_OID21075_v1_Neurology_expo_rt.txt"
"GGT1","ebi-a-GCST90091033","ebi-a-GCST90091033","GGT1","Weighted mode",21,0.152237785059106,0.271870902102801,0.5817226275148,-0.380629183062384,0.685104753180596,1.16443708925717,0.683431270528838,1.98397965283108,21,"GGT1_P19440_OID21075_v1_Neurology_expo_rt.txt"
"GGT1","ebi-a-GCST90091033","ebi-a-GCST90091033","GGT1","Simple mode",21,0.219518325403829,0.0871381404253376,0.0203796013588984,0.048727570170167,0.39030908063749,1.24547667160956,1.04993427835768,1.47743737060385,21,"GGT1_P19440_OID21075_v1_Neurology_expo_rt.txt"
