"id.exposure","id.outcome","outcome","exposure","method","nsnp","b","se","pval","lo_ci","up_ci","or","or_lci95","or_uci95","n_snps","pqtl_file"
"SMPD1","ebi-a-GCST90091033","ebi-a-GCST90091033","SMPD1","Inverse variance weighted (fixed effects)",25,0.0567693858777754,0.0464186237212954,0.221334504647686,-0.0342111166159636,0.147749888371514,1.05841169756406,0.966367466871,1.15922292496834,25,"SMPD1_P17405_OID21028_v1_Neurology_expo_rt.txt"
"SMPD1","ebi-a-GCST90091033","ebi-a-GCST90091033","SMPD1","MR Egger",25,0.0259889046030415,0.113260708332203,0.82053899559561,-0.196002083728075,0.247979892934158,1.02632956087638,0.822010521829999,1.28143416605383,25,"SMPD1_P17405_OID21028_v1_Neurology_expo_rt.txt"
"SMPD1","ebi-a-GCST90091033","ebi-a-GCST90091033","SMPD1","Weighted median",25,0.0552097240952368,0.0703093093610219,0.432312516783481,-0.0825965222523662,0.19301597044284,1.05676221993716,0.920722563352071,1.21290216394912,25,"SMPD1_P17405_OID21028_v1_Neurology_expo_rt.txt"
"SMPD1","ebi-a-GCST90091033","ebi-a-GCST90091033","SMPD1","Weighted mode",25,0.0505967077743599,0.365124016006933,0.890942950091708,-0.66504636359923,0.766239779147949,1.0518985852073,0.514249684687627,2.15166030531112,25,"SMPD1_P17405_OID21028_v1_Neurology_expo_rt.txt"
"SMPD1","ebi-a-GCST90091033","ebi-a-GCST90091033","SMPD1","Simple mode",25,0.219699993882304,0.361862032357816,0.549461191890393,-0.489549589539015,0.928949577303624,1.24570295601522,0.612902389671994,2.53184826943735,25,"SMPD1_P17405_OID21028_v1_Neurology_expo_rt.txt"
