"id.exposure","id.outcome","outcome","exposure","method","nsnp","b","se","pval","lo_ci","up_ci","or","or_lci95","or_uci95","n_snps"
"eqtl-a-ENSG00000134824","ebi-a-GCST90091033","ebi-a-GCST90091033","eqtl-a-ENSG00000134824","Inverse variance weighted (fixed effects)",4,0.0142016317505609,0.0171249762318631,0.40693833902021,-0.0193633216638907,0.0477665851650126,1.01430295400167,0.980822943275627,1.04892579190757,4
"eqtl-a-ENSG00000134824","ebi-a-GCST90091033","ebi-a-GCST90091033","eqtl-a-ENSG00000134824","MR Egger",4,0.0286558702505211,0.0298705670004268,0.43862290100244,-0.0298904410703155,0.0872021815713577,1.02907039979529,0.9705518603469,1.09111726122118,4
"eqtl-a-ENSG00000134824","ebi-a-GCST90091033","ebi-a-GCST90091033","eqtl-a-ENSG00000134824","Weighted median",4,0.0157738991775969,0.0171103706357759,0.356585358443966,-0.0177624272685239,0.0493102256237177,1.01589896384575,0.982394394756681,1.05054620654517,4
"eqtl-a-ENSG00000134824","ebi-a-GCST90091033","ebi-a-GCST90091033","eqtl-a-ENSG00000134824","Weighted mode",4,0.0174969422524839,0.164343408094076,0.921932951252806,-0.304616137611904,0.339610022116872,1.01765091042646,0.73740638264508,1.40439979889658,4
"eqtl-a-ENSG00000134824","ebi-a-GCST90091033","ebi-a-GCST90091033","eqtl-a-ENSG00000134824","Simple mode",4,-0.0115666144291489,0.163052414218634,0.947911323794182,-0.331149346297671,0.308016117439373,0.98850002168998,0.718097915766745,1.36072292012958,4
