"id.exposure","id.outcome","outcome","exposure","method","nsnp","b","se","pval","lo_ci","up_ci","or","or_lci95","or_uci95","n_snps"
"eqtl-a-ENSG00000073756","ebi-a-GCST90091033","ebi-a-GCST90091033","eqtl-a-ENSG00000073756","Inverse variance weighted (fixed effects)",9,0.0355013504404982,0.0351530618853085,0.312539478288971,-0.0333986508547065,0.104401351735703,1.03613904737125,0.9671529263869,1.11004588436506,9
"eqtl-a-ENSG00000073756","ebi-a-GCST90091033","ebi-a-GCST90091033","eqtl-a-ENSG00000073756","MR Egger",9,0.0896366152461824,0.0548727039630155,0.146373553931476,-0.017913884521328,0.197187115013693,1.09377674968577,0.982245615267632,1.21797192021793,9
"eqtl-a-ENSG00000073756","ebi-a-GCST90091033","ebi-a-GCST90091033","eqtl-a-ENSG00000073756","Weighted median",9,0.0333578734004652,0.0454210875000114,0.462696579605603,-0.0556674580995572,0.122383204900488,1.03392048568038,0.945853619558188,1.130187112049,9
"eqtl-a-ENSG00000073756","ebi-a-GCST90091033","ebi-a-GCST90091033","eqtl-a-ENSG00000073756","Weighted mode",9,0.0916012446837192,0.158645044878054,0.579553633065095,-0.219343043277267,0.402545532644705,1.09592772793203,0.803046191300251,1.49562702352846,9
"eqtl-a-ENSG00000073756","ebi-a-GCST90091033","ebi-a-GCST90091033","eqtl-a-ENSG00000073756","Simple mode",9,-0.0392562113312186,0.0815371008239276,0.643088634196628,-0.199068928946117,0.120556506283679,0.96150432928088,0.819493404569366,1.12812448528696,9
