"id.exposure","id.outcome","outcome","exposure","method","nsnp","b","se","pval","lo_ci","up_ci","or","or_lci95","or_uci95","n_snps"
"eqtl-a-ENSG00000093010","ebi-a-GCST90091033","ebi-a-GCST90091033","eqtl-a-ENSG00000093010","Inverse variance weighted (multiplicative random effects)",3,-0.00022326214933867,0.0981880056778012,0.998185753267558,-0.192671753277829,0.192225228979152,0.9997767627718,0.824752652066749,1.21194345101368,4
"eqtl-a-ENSG00000093010","ebi-a-GCST90091033","ebi-a-GCST90091033","eqtl-a-ENSG00000093010","MR Egger",3,0.063352436095417,0.395552336403823,0.898896394530962,-0.711930143256076,0.838635015446909,1.06540225928394,0.490696168938596,2.31320732856458,4
"eqtl-a-ENSG00000093010","ebi-a-GCST90091033","ebi-a-GCST90091033","eqtl-a-ENSG00000093010","Weighted median",3,-0.0119641827244364,0.0411310481282429,0.771143405783991,-0.0925810370557925,0.0686526716069197,0.988107103532542,0.911575336589811,1.07106413355148,4
"eqtl-a-ENSG00000093010","ebi-a-GCST90091033","ebi-a-GCST90091033","eqtl-a-ENSG00000093010","Weighted mode",3,-0.0215855150280417,0.395511688688325,0.961437521229816,-0.796788424857159,0.753617394801075,0.978645784968971,0.450774337569741,2.12467190923298,4
"eqtl-a-ENSG00000093010","ebi-a-GCST90091033","ebi-a-GCST90091033","eqtl-a-ENSG00000093010","Simple mode",3,-0.123002678718677,0.0843148564671642,0.281994268102338,-0.288259797394319,0.0422544399569647,0.884261293870405,0.749566831431288,1.04315986653825,4
