"id.exposure","id.outcome","outcome","exposure","method","nsnp","b","se","pval","lo_ci","up_ci","or","or_lci95","or_uci95","n_snps"
"eqtl-a-ENSG00000156110","ebi-a-GCST90091033","ebi-a-GCST90091033","eqtl-a-ENSG00000156110","Inverse variance weighted (fixed effects)",4,0.0154005890991449,0.0161215536028265,0.339436389312672,-0.016197655962395,0.0469988341606847,1.0155197893031,0.983932820645338,1.04812078713852,4
"eqtl-a-ENSG00000156110","ebi-a-GCST90091033","ebi-a-GCST90091033","eqtl-a-ENSG00000156110","MR Egger",4,0.0340206713903661,0.02413244135123,0.294012148566021,-0.0132789136580448,0.0813202564387769,1.03460599325143,0.986808862163855,1.08471822894315,4
"eqtl-a-ENSG00000156110","ebi-a-GCST90091033","ebi-a-GCST90091033","eqtl-a-ENSG00000156110","Weighted median",4,0.0176080959555673,0.0166008953077025,0.288839231990202,-0.0149296588475296,0.0501458507586641,1.01776403238045,0.985181235949371,1.05142443624509,4
"eqtl-a-ENSG00000156110","ebi-a-GCST90091033","ebi-a-GCST90091033","eqtl-a-ENSG00000156110","Weighted mode",4,0.0187899472310596,0.0992275866923983,0.861896332871232,-0.175696122686041,0.21327601714816,1.01896758917274,0.838872859040799,1.23772623776591,4
"eqtl-a-ENSG00000156110","ebi-a-GCST90091033","ebi-a-GCST90091033","eqtl-a-ENSG00000156110","Simple mode",4,0.0177581185039493,0.0842770247878958,0.846613251857231,-0.147424850080326,0.182941087088225,1.0179167313881,0.862927284800878,1.20074366669136,4
