"id.exposure","id.outcome","outcome","exposure","method","nsnp","b","se","pval","lo_ci","up_ci","or","or_lci95","or_uci95","n_snps"
"eqtl-a-ENSG00000085662","ebi-a-GCST90091033","ebi-a-GCST90091033","eqtl-a-ENSG00000085662","Inverse variance weighted (fixed effects)",5,0.0134337994474729,0.0367995153950893,0.715071317419347,-0.0586932507269022,0.085560849621848,1.01352443835145,0.94299598812987,1.0893278445148,5
"eqtl-a-ENSG00000085662","ebi-a-GCST90091033","ebi-a-GCST90091033","eqtl-a-ENSG00000085662","MR Egger",5,0.0106031258803508,0.112581072461144,0.930902332188159,-0.210055776143492,0.231262027904194,1.01065953822567,0.810539035967803,1.2601894009792,5
"eqtl-a-ENSG00000085662","ebi-a-GCST90091033","ebi-a-GCST90091033","eqtl-a-ENSG00000085662","Weighted median",5,0.00312271159570349,0.0403210863478679,0.93826865437049,-0.0759066176461175,0.0821520408375245,1.00312759233862,0.926902758879534,1.08562085598653,5
"eqtl-a-ENSG00000085662","ebi-a-GCST90091033","ebi-a-GCST90091033","eqtl-a-ENSG00000085662","Weighted mode",5,0.00598738050691716,0.223061935025762,0.979871682380817,-0.431214012143576,0.443188773157411,1.00600534069652,0.649719847957329,1.55766635218506,5
"eqtl-a-ENSG00000085662","ebi-a-GCST90091033","ebi-a-GCST90091033","eqtl-a-ENSG00000085662","Simple mode",5,-0.037638150829415,0.195086482246842,0.856413278091624,-0.420007656033225,0.344731354374395,0.963061360804299,0.65704178946203,1.41161064569977,5
