"id.exposure","id.outcome","outcome","exposure","method","nsnp","b","se","pval","lo_ci","up_ci","or","or_lci95","or_uci95","n_snps"
"eqtl-a-ENSG00000134824","ebi-a-GCST90091033","ebi-a-GCST90091033","eqtl-a-ENSG00000134824","Inverse variance weighted (fixed effects)",4,0.0142016317505609,0.0171249762318631,0.40693833902021,-0.0193633216638907,0.0477665851650126,1.01430295400167,0.980822943275627,1.04892579190757,4
"eqtl-a-ENSG00000134824","ebi-a-GCST90091033","ebi-a-GCST90091033","eqtl-a-ENSG00000134824","MR Egger",4,0.0286558702505211,0.0298705670004268,0.43862290100244,-0.0298904410703155,0.0872021815713577,1.02907039979529,0.9705518603469,1.09111726122118,4
"eqtl-a-ENSG00000134824","ebi-a-GCST90091033","ebi-a-GCST90091033","eqtl-a-ENSG00000134824","Weighted median",4,0.0157738991775969,0.017494324274896,0.367238517526623,-0.0185149764011993,0.0500627747563931,1.01589896384575,0.981655372816999,1.0513370917344,4
"eqtl-a-ENSG00000134824","ebi-a-GCST90091033","ebi-a-GCST90091033","eqtl-a-ENSG00000134824","Weighted mode",4,0.0174969422524839,0.164153981434116,0.921843317899007,-0.304244861358384,0.339238745863351,1.01765091042646,0.737680214954722,1.40387847538431,4
"eqtl-a-ENSG00000134824","ebi-a-GCST90091033","ebi-a-GCST90091033","eqtl-a-ENSG00000134824","Simple mode",4,-0.0115666144291489,0.146584700190807,0.942074884839297,-0.298872626803131,0.275739397944833,0.98850002168998,0.741653870243419,1.31750447491144,4
