"id.exposure","id.outcome","outcome","exposure","method","nsnp","b","se","pval","lo_ci","up_ci","or","or_lci95","or_uci95","n_snps"
"eqtl-a-ENSG00000073756","ebi-a-GCST90091033","ebi-a-GCST90091033","eqtl-a-ENSG00000073756","Inverse variance weighted (fixed effects)",9,0.0355013504404982,0.0351530618853085,0.312539478288971,-0.0333986508547065,0.104401351735703,1.03613904737125,0.9671529263869,1.11004588436506,9
"eqtl-a-ENSG00000073756","ebi-a-GCST90091033","ebi-a-GCST90091033","eqtl-a-ENSG00000073756","MR Egger",9,0.0896366152461824,0.0548727039630155,0.146373553931476,-0.017913884521328,0.197187115013693,1.09377674968577,0.982245615267632,1.21797192021793,9
"eqtl-a-ENSG00000073756","ebi-a-GCST90091033","ebi-a-GCST90091033","eqtl-a-ENSG00000073756","Weighted median",9,0.0333578734004652,0.0467879435912621,0.475871287934857,-0.0583464960384086,0.125062242839339,1.03392048568038,0.943323033108898,1.13321898563899,9
"eqtl-a-ENSG00000073756","ebi-a-GCST90091033","ebi-a-GCST90091033","eqtl-a-ENSG00000073756","Weighted mode",9,0.0916012446837192,0.176908284929026,0.618615446046547,-0.255138993777172,0.438341483144611,1.09592772793203,0.7748087968751,1.55013416173677,9
"eqtl-a-ENSG00000073756","ebi-a-GCST90091033","ebi-a-GCST90091033","eqtl-a-ENSG00000073756","Simple mode",9,-0.0392562113312186,0.0843190088197275,0.653936658328503,-0.204521468617884,0.126009045955447,0.96150432928088,0.815037244006528,1.13429242899539,9
