"id.exposure","id.outcome","outcome","exposure","method","nsnp","b","se","pval","lo_ci","up_ci","or","or_lci95","or_uci95","n_snps","pqtl_file"
"COMT","ebi-a-GCST90091033","ebi-a-GCST90091033","COMT","Inverse variance weighted (fixed effects)",44,-0.0546293946172832,0.0220328401634983,0.0131584020662966,-0.0978137613377398,-0.0114450278968266,0.946835985451094,0.906817772557358,0.988620217286753,44,"COMT_P21964_OID20086_v1_Cardiometabolic_expo_rt.txt"
"COMT","ebi-a-GCST90091033","ebi-a-GCST90091033","COMT","MR Egger",44,0.00643841270241113,0.0525315833028709,0.903037989674943,-0.0965234905712158,0.109400315976038,1.00645918383526,0.907988568179107,1.11560885701208,44,"COMT_P21964_OID20086_v1_Cardiometabolic_expo_rt.txt"
"COMT","ebi-a-GCST90091033","ebi-a-GCST90091033","COMT","Weighted median",44,-0.0643115737136519,0.033302716384139,0.0534680952441689,-0.129584897826564,0.000961750399260636,0.937712787354782,0.87846000590512,1.00096221302948,44,"COMT_P21964_OID20086_v1_Cardiometabolic_expo_rt.txt"
"COMT","ebi-a-GCST90091033","ebi-a-GCST90091033","COMT","Weighted mode",44,-0.0536902078104335,0.153493155140479,0.728204565242824,-0.354536791885772,0.247156376264905,0.947725659036331,0.701498307671066,1.2803793180596,44,"COMT_P21964_OID20086_v1_Cardiometabolic_expo_rt.txt"
"COMT","ebi-a-GCST90091033","ebi-a-GCST90091033","COMT","Simple mode",44,-0.0264070547086981,0.0847919456307229,0.756976017703828,-0.192599268144915,0.139785158727519,0.973938562632236,0.824812436539072,1.15002669911514,44,"COMT_P21964_OID20086_v1_Cardiometabolic_expo_rt.txt"
