"id.exposure","id.outcome","outcome","exposure","method","nsnp","b","se","pval","lo_ci","up_ci","or","or_lci95","or_uci95","n_snps"
"eqtl-a-ENSG00000196139","ebi-a-GCST90091033","ebi-a-GCST90091033","eqtl-a-ENSG00000196139","Inverse variance weighted (fixed effects)",8,-0.0209334538467304,0.0359135342226957,0.559970841795742,-0.0913239809232139,0.0494570732297532,0.97928412999299,0.912721958490034,1.05070048806829,8
"eqtl-a-ENSG00000196139","ebi-a-GCST90091033","ebi-a-GCST90091033","eqtl-a-ENSG00000196139","MR Egger",8,-0.066231417455467,0.0530982794403231,0.258752157036835,-0.1703040451585,0.0378412102475662,0.935914252333881,0.843408343385195,1.03856630609787,8
"eqtl-a-ENSG00000196139","ebi-a-GCST90091033","ebi-a-GCST90091033","eqtl-a-ENSG00000196139","Weighted median",8,-0.0367239392724133,0.0394150850469246,0.351479723331198,-0.113977505964385,0.040529627419559,0.963942205208166,0.89227802659038,1.04136216211917,8
"eqtl-a-ENSG00000196139","ebi-a-GCST90091033","ebi-a-GCST90091033","eqtl-a-ENSG00000196139","Weighted mode",8,-0.0436438002232828,0.200788709935131,0.834126170769201,-0.437189671696139,0.349902071249574,0.957294884974572,0.645848920532362,1.41892858788569,8
"eqtl-a-ENSG00000196139","ebi-a-GCST90091033","ebi-a-GCST90091033","eqtl-a-ENSG00000196139","Simple mode",8,-0.0365282861148476,0.140896406866206,0.802896443562238,-0.312685243572611,0.239628671342916,0.964130821995459,0.731480114405744,1.27077718671383,8
