"Exposure","Outcome","Method","n_SNPs","beta","se","pval","or","or_lci","or_uci"
"ukb e 20523 CSA","finn-b-TRAUMBRAIN_NONCONCUS","Inverse variance weighted (multiplicative random effects)",5,0.0505150277146124,0.0685306919680055,0.461052181076234,1.05181266957686,0.919610444462689,1.20302014678487
"ukb e 20523 CSA","finn-b-TRAUMBRAIN_NONCONCUS","MR Egger",5,0.401544271381869,0.107897671218962,0.0337715001726144,1.49413025957707,1.20932800285519,1.84600474586973
"ukb e 20523 CSA","finn-b-TRAUMBRAIN_NONCONCUS","Weighted median",5,0.101021022388431,0.0516370373514066,0.0504218761930073,1.10629989858516,0.999812446769981,1.22412905496774
"ukb e 20523 CSA","finn-b-TRAUMBRAIN_NONCONCUS","Weighted mode",5,0.114804722418353,0.138094889561099,0.452524264081142,1.12165438222913,0.855677897928153,1.4703062404908
"ukb e 20523 CSA","finn-b-TRAUMBRAIN_NONCONCUS","Simple mode",5,0.0714243312054818,0.135771706398594,0.626662449862662,1.07403687655068,0.823091246927688,1.40149128847689
