"id.exposure","id.outcome","outcome","exposure","method","nsnp","b","se","pval","lo_ci","up_ci","or","or_lci95","or_uci95","n_snps"
"eqtl-a-ENSG00000085662","ebi-a-GCST90091033","ebi-a-GCST90091033","eqtl-a-ENSG00000085662","Inverse variance weighted (fixed effects)",5,0.0134337994474729,0.0367995153950893,0.715071317419347,-0.0586932507269022,0.085560849621848,1.01352443835145,0.94299598812987,1.0893278445148,5
"eqtl-a-ENSG00000085662","ebi-a-GCST90091033","ebi-a-GCST90091033","eqtl-a-ENSG00000085662","MR Egger",5,0.0106031258803508,0.112581072461144,0.930902332188159,-0.210055776143492,0.231262027904194,1.01065953822567,0.810539035967803,1.2601894009792,5
"eqtl-a-ENSG00000085662","ebi-a-GCST90091033","ebi-a-GCST90091033","eqtl-a-ENSG00000085662","Weighted median",5,0.00312271159570349,0.0382599012807742,0.93495017590701,-0.0718666949146139,0.0781121181060209,1.00312759233862,0.930654948579975,1.08124387889031,5
"eqtl-a-ENSG00000085662","ebi-a-GCST90091033","ebi-a-GCST90091033","eqtl-a-ENSG00000085662","Weighted mode",5,0.00598738050691716,0.196687824214701,0.977173631892746,-0.379520754953897,0.391495515967732,1.00600534069652,0.684189224950702,1.47919129475161,5
"eqtl-a-ENSG00000085662","ebi-a-GCST90091033","ebi-a-GCST90091033","eqtl-a-ENSG00000085662","Simple mode",5,-0.037638150829415,0.187171624914822,0.850440454239526,-0.404494535662466,0.329218234003636,0.963061360804299,0.667314029069035,1.38988114181888,5
