"id.exposure","id.outcome","outcome","exposure","method","nsnp","b","se","pval","lo_ci","up_ci","or","or_lci95","or_uci95","n_snps"
"eqtl-a-ENSG00000093010","ebi-a-GCST90091033","ebi-a-GCST90091033","eqtl-a-ENSG00000093010","Inverse variance weighted (multiplicative random effects)",3,-0.00022326214933867,0.0981880056778012,0.998185753267558,-0.192671753277829,0.192225228979152,0.9997767627718,0.824752652066749,1.21194345101368,4
"eqtl-a-ENSG00000093010","ebi-a-GCST90091033","ebi-a-GCST90091033","eqtl-a-ENSG00000093010","MR Egger",3,0.063352436095417,0.395552336403823,0.898896394530962,-0.711930143256076,0.838635015446909,1.06540225928394,0.490696168938596,2.31320732856458,4
"eqtl-a-ENSG00000093010","ebi-a-GCST90091033","ebi-a-GCST90091033","eqtl-a-ENSG00000093010","Weighted median",3,-0.0119641827244364,0.0396064085018838,0.762593410228664,-0.0895927433881288,0.0656643779392559,0.988107103532542,0.914303465590891,1.06786825687079,4
"eqtl-a-ENSG00000093010","ebi-a-GCST90091033","ebi-a-GCST90091033","eqtl-a-ENSG00000093010","Weighted mode",3,-0.0215855150280417,0.362650724054851,0.95794917184237,-0.732380934175551,0.689209904119467,0.978645784968971,0.480762961357069,1.99214092893941,4
"eqtl-a-ENSG00000093010","ebi-a-GCST90091033","ebi-a-GCST90091033","eqtl-a-ENSG00000093010","Simple mode",3,-0.123002678718677,0.0865820857934867,0.291290052556943,-0.292703566873911,0.0466982094365568,0.884261293870405,0.746243319153211,1.04780574347337,4
