"id.exposure","id.outcome","outcome","exposure","method","nsnp","b","se","pval","lo_ci","up_ci","or","or_lci95","or_uci95","n_snps"
"eqtl-a-ENSG00000196139","ebi-a-GCST90091033","ebi-a-GCST90091033","eqtl-a-ENSG00000196139","Inverse variance weighted (fixed effects)",8,-0.0209334538467304,0.0359135342226957,0.559970841795742,-0.0913239809232139,0.0494570732297532,0.97928412999299,0.912721958490034,1.05070048806829,8
"eqtl-a-ENSG00000196139","ebi-a-GCST90091033","ebi-a-GCST90091033","eqtl-a-ENSG00000196139","MR Egger",8,-0.066231417455467,0.0530982794403231,0.258752157036835,-0.1703040451585,0.0378412102475662,0.935914252333881,0.843408343385195,1.03856630609787,8
"eqtl-a-ENSG00000196139","ebi-a-GCST90091033","ebi-a-GCST90091033","eqtl-a-ENSG00000196139","Weighted median",8,-0.0367239392724133,0.0403000327208586,0.362156678622203,-0.115712003405296,0.0422641248604695,0.963942205208166,0.890731714061911,1.04316996948982,8
"eqtl-a-ENSG00000196139","ebi-a-GCST90091033","ebi-a-GCST90091033","eqtl-a-ENSG00000196139","Weighted mode",8,-0.0436438002232828,0.183671006026319,0.818981302781764,-0.403638972034869,0.316351371588303,0.957294884974572,0.667885202983464,1.37211229220955,8
"eqtl-a-ENSG00000196139","ebi-a-GCST90091033","ebi-a-GCST90091033","eqtl-a-ENSG00000196139","Simple mode",8,-0.0365282861148476,0.150020255820474,0.814608227338308,-0.330567987522976,0.257511415293281,0.964130821995459,0.718515509665343,1.29370657893604,8
