"id.exposure","id.outcome","outcome","exposure","method","nsnp","b","se","pval","lo_ci","up_ci","or","or_lci95","or_uci95","n_snps","pqtl_file"
"COMT","ebi-a-GCST90091033","ebi-a-GCST90091033","COMT","Inverse variance weighted (fixed effects)",44,-0.0546293946172832,0.0220328401634983,0.0131584020662966,-0.0978137613377398,-0.0114450278968266,0.946835985451094,0.906817772557358,0.988620217286753,44,"COMT_P21964_OID20086_v1_Cardiometabolic_expo_rt.txt"
"COMT","ebi-a-GCST90091033","ebi-a-GCST90091033","COMT","MR Egger",44,0.00643841270241113,0.0525315833028709,0.903037989674943,-0.0965234905712158,0.109400315976038,1.00645918383526,0.907988568179107,1.11560885701208,44,"COMT_P21964_OID20086_v1_Cardiometabolic_expo_rt.txt"
"COMT","ebi-a-GCST90091033","ebi-a-GCST90091033","COMT","Weighted median",44,-0.0643115737136519,0.0346508537802652,0.0634552483213628,-0.132227247122972,0.00360409969566786,0.937712787354782,0.87614187173546,1.00361060227261,44,"COMT_P21964_OID20086_v1_Cardiometabolic_expo_rt.txt"
"COMT","ebi-a-GCST90091033","ebi-a-GCST90091033","COMT","Weighted mode",44,-0.0536902078104335,0.163334736694475,0.743968396381294,-0.373826291731605,0.266445876110737,0.947725659036331,0.688096429487332,1.30531693859397,44,"COMT_P21964_OID20086_v1_Cardiometabolic_expo_rt.txt"
"COMT","ebi-a-GCST90091033","ebi-a-GCST90091033","COMT","Simple mode",44,-0.0264070547086981,0.0874707863025491,0.76418692170063,-0.197849795861694,0.145035686444298,0.973938562632236,0.820493085339475,1.15608082594588,44,"COMT_P21964_OID20086_v1_Cardiometabolic_expo_rt.txt"
