"id.exposure","id.outcome","outcome","exposure","method","nsnp","b","se","pval","lo_ci","up_ci","or","or_lci95","or_uci95","n_snps"
"eqtl-a-ENSG00000109819","ebi-a-GCST90091033","ebi-a-GCST90091033","eqtl-a-ENSG00000109819","Inverse variance weighted (fixed effects)",48,0.0195877636505483,0.0102901931176307,0.05697050652406,-0.000581014860007938,0.0397565421611045,1.01978086262463,0.999419153896441,1.04055741149342,48
"eqtl-a-ENSG00000109819","ebi-a-GCST90091033","ebi-a-GCST90091033","eqtl-a-ENSG00000109819","MR Egger",48,0.0276287909711095,0.0195572416945169,0.164470347071642,-0.0107034027501436,0.0659609846923627,1.02801400550381,0.989353674842078,1.06818504078501,48
"eqtl-a-ENSG00000109819","ebi-a-GCST90091033","ebi-a-GCST90091033","eqtl-a-ENSG00000109819","Weighted median",48,0.0280587833908828,0.0149804060017805,0.0610639333056859,-0.00130281237260705,0.0574203791543726,1.02845613878376,0.998698035919004,1.05910094078506,48
"eqtl-a-ENSG00000109819","ebi-a-GCST90091033","ebi-a-GCST90091033","eqtl-a-ENSG00000109819","Weighted mode",48,0.0354012232076735,0.0527611976937068,0.505523352688534,-0.0680107242719918,0.138813170687339,1.03603530682933,0.934250454367508,1.14890942999179,48
"eqtl-a-ENSG00000109819","ebi-a-GCST90091033","ebi-a-GCST90091033","eqtl-a-ENSG00000109819","Simple mode",48,0.0419933765221576,0.0267212977034907,0.12276762214279,-0.0103803669766841,0.0943671200209993,1.04288757118517,0.989673323097787,1.09896312323358,48
