"id.exposure","id.outcome","outcome","exposure","method","nsnp","b","se","pval","lo_ci","up_ci","or","or_lci95","or_uci95","n_snps"
"eqtl-a-ENSG00000122971","ebi-a-GCST90091033","ebi-a-GCST90091033","eqtl-a-ENSG00000122971","Inverse variance weighted (fixed effects)",22,0.383129018042049,0.0523865689166031,2.60277994059997e-13,0.280451342965507,0.485806693118591,1.46686727020359,1.32372713245867,1.6254857482584,22
"eqtl-a-ENSG00000122971","ebi-a-GCST90091033","ebi-a-GCST90091033","eqtl-a-ENSG00000122971","MR Egger",22,0.638384889779549,0.183113441577441,0.00232788402842744,0.279482544287764,0.997287235271334,1.89342032588476,1.32244532836836,2.71091776239763,22
"eqtl-a-ENSG00000122971","ebi-a-GCST90091033","ebi-a-GCST90091033","eqtl-a-ENSG00000122971","Weighted median",22,0.428299320979525,0.06757081061868,2.31974121503349e-10,0.295860532166912,0.560738109792138,1.53464536378117,1.34428265956785,1.75196516581725,22
"eqtl-a-ENSG00000122971","ebi-a-GCST90091033","ebi-a-GCST90091033","eqtl-a-ENSG00000122971","Weighted mode",22,0.471473397156556,0.129964005632777,0.0015765501605553,0.216743946116313,0.726202848196799,1.60235335767846,1.24202603582833,2.0672161523177,22
"eqtl-a-ENSG00000122971","ebi-a-GCST90091033","ebi-a-GCST90091033","eqtl-a-ENSG00000122971","Simple mode",22,0.472870899246984,0.126443351190516,0.00120828605058557,0.225041930913572,0.720699867580397,1.60459421528232,1.25237522832837,2.05587154510723,22
