"id.exposure","id.outcome","outcome","exposure","method","nsnp","b","se","pval","lo_ci","up_ci","or","or_lci95","or_uci95","n_snps"
"eqtl-a-ENSG00000069667","ebi-a-GCST90091033","ebi-a-GCST90091033","eqtl-a-ENSG00000069667","Inverse variance weighted (fixed effects)",21,-0.0377785595831842,0.0401290707873021,0.34648648007503,-0.116431538326296,0.040874419159928,0.962926148051574,0.890091032012597,1.04172127709778,21
"eqtl-a-ENSG00000069667","ebi-a-GCST90091033","ebi-a-GCST90091033","eqtl-a-ENSG00000069667","MR Egger",21,0.0292890360299021,0.0967999113570398,0.765502858726714,-0.160438790229896,0.2190168622897,1.02972217827715,0.851769958619696,1.24485226757012,21
"eqtl-a-ENSG00000069667","ebi-a-GCST90091033","ebi-a-GCST90091033","eqtl-a-ENSG00000069667","Weighted median",21,-0.0075588757387148,0.0509119919057004,0.881972289411409,-0.107346379873888,0.0922286283964579,0.992469620716908,0.898214495676901,1.09661551086822,21
"eqtl-a-ENSG00000069667","ebi-a-GCST90091033","ebi-a-GCST90091033","eqtl-a-ENSG00000069667","Weighted mode",21,-0.00736158639499562,0.0918932139523749,0.936945785097226,-0.18747228574165,0.172749112951659,0.992665443713301,0.829052094425944,1.18856787138911,21
"eqtl-a-ENSG00000069667","ebi-a-GCST90091033","ebi-a-GCST90091033","eqtl-a-ENSG00000069667","Simple mode",21,-0.0161537274733232,0.0767435961930296,0.835415257945234,-0.166571176011661,0.134263721065015,0.983976044276864,0.846562559844404,1.14369439618107,21
