"id.exposure","id.outcome","outcome","exposure","method","nsnp","b","se","pval","lo_ci","up_ci","or","or_lci95","or_uci95","n_snps"
"eqtl-a-ENSG00000099194","ebi-a-GCST90091033","ebi-a-GCST90091033","eqtl-a-ENSG00000099194","Inverse variance weighted (fixed effects)",52,-0.025322334065913,0.0223189199260978,0.256556334860214,-0.0690674171210647,0.0184227489892388,0.974995587080404,0.933263760001387,1.01859349475313,52
"eqtl-a-ENSG00000099194","ebi-a-GCST90091033","ebi-a-GCST90091033","eqtl-a-ENSG00000099194","MR Egger",52,0.160114650494696,0.0611025867472183,0.0116003677254201,0.0403535804701482,0.279875720519244,1.17364542230674,1.04117884962357,1.32296538466909,52
"eqtl-a-ENSG00000099194","ebi-a-GCST90091033","ebi-a-GCST90091033","eqtl-a-ENSG00000099194","Weighted median",52,-0.0107431531353739,0.034330004320232,0.754327982558641,-0.0780299616030286,0.0565436553322808,0.989314348433999,0.924936713541741,1.05817280867749,52
"eqtl-a-ENSG00000099194","ebi-a-GCST90091033","ebi-a-GCST90091033","eqtl-a-ENSG00000099194","Weighted mode",52,0.0304666690988167,0.087897056429576,0.730304699561703,-0.141811561503152,0.202744899700786,1.03093552746592,0.867784765136498,1.22475999175241,52
"eqtl-a-ENSG00000099194","ebi-a-GCST90091033","ebi-a-GCST90091033","eqtl-a-ENSG00000099194","Simple mode",52,0.0734290377156049,0.075301365520286,0.334095803397135,-0.0741616387041557,0.221019714135366,1.0761921649077,0.92852159668319,1.24734802070941,52
