"id.exposure","id.outcome","outcome","exposure","method","nsnp","b","se","pval","lo_ci","up_ci","or","or_lci95","or_uci95","n_snps"
"eqtl-a-ENSG00000112304","ebi-a-GCST90091033","ebi-a-GCST90091033","eqtl-a-ENSG00000112304","Inverse variance weighted (fixed effects)",42,-0.0365657983519739,0.0169333817276549,0.0308198169283333,-0.0697552265381775,-0.00337637016577034,0.964094655969782,0.932622073103052,0.996629323362356,42
"eqtl-a-ENSG00000112304","ebi-a-GCST90091033","ebi-a-GCST90091033","eqtl-a-ENSG00000112304","MR Egger",42,0.00346040330987266,0.0397780445736912,0.931111274783936,-0.0745045640545622,0.0814253706743075,1.00346639741742,0.928203237679094,1.08483225426329,42
"eqtl-a-ENSG00000112304","ebi-a-GCST90091033","ebi-a-GCST90091033","eqtl-a-ENSG00000112304","Weighted median",42,-0.0310716600002413,0.0238347165274576,0.19235964528299,-0.0777877043940581,0.0156443843935755,0.96940610294537,0.925160813272229,1.01576739843088,42
"eqtl-a-ENSG00000112304","ebi-a-GCST90091033","ebi-a-GCST90091033","eqtl-a-ENSG00000112304","Weighted mode",42,-0.0432010658115595,0.0534283381765407,0.423424198065582,-0.147920608637579,0.0615184770144603,0.957718806197649,0.862499587241273,1.06345014573099,42
"eqtl-a-ENSG00000112304","ebi-a-GCST90091033","ebi-a-GCST90091033","eqtl-a-ENSG00000112304","Simple mode",42,-0.0145706310339216,0.0360362510804948,0.688069725367165,-0.0852016831516914,0.0560604210838481,0.985535006917529,0.918327054628562,1.05766158686547,42
