"id.exposure","id.outcome","outcome","exposure","method","nsnp","b","se","pval","lo_ci","up_ci","or","or_lci95","or_uci95","n_snps"
"eqtl-a-ENSG00000108786","ebi-a-GCST90091033","ebi-a-GCST90091033","eqtl-a-ENSG00000108786","Inverse variance weighted (fixed effects)",39,-0.0921312583728694,0.0186228227910364,7.52796943161143e-07,-0.128631991043301,-0.055630525702438,0.911985435964152,0.879297495364894,0.945888552844764,43
"eqtl-a-ENSG00000108786","ebi-a-GCST90091033","ebi-a-GCST90091033","eqtl-a-ENSG00000108786","MR Egger",39,0.00422806390219092,0.0560798862957667,0.940307737145533,-0.105688513237512,0.114144641041894,1.00423701477488,0.899704850585076,1.12091424336341,43
"eqtl-a-ENSG00000108786","ebi-a-GCST90091033","ebi-a-GCST90091033","eqtl-a-ENSG00000108786","Weighted median",39,-0.0847094546320322,0.0241386147566329,0.000449300846453703,-0.132021139555033,-0.0373977697090317,0.918779192663714,0.876322469816489,0.963292890399764,43
"eqtl-a-ENSG00000108786","ebi-a-GCST90091033","ebi-a-GCST90091033","eqtl-a-ENSG00000108786","Weighted mode",39,-0.0848837760734482,0.0440349593794455,0.0613983020336877,-0.171192296457161,0.00142474431026492,0.918619043709609,0.842659517450921,1.00142575974063,43
"eqtl-a-ENSG00000108786","ebi-a-GCST90091033","ebi-a-GCST90091033","eqtl-a-ENSG00000108786","Simple mode",39,-0.0866063373424835,0.0349793937340648,0.0178596520512086,-0.155165949061251,-0.0180467256237164,0.917038028212882,0.856273067980665,0.982115141343625,43
