"id.exposure","id.outcome","outcome","exposure","method","nsnp","b","se","pval","lo_ci","up_ci","or","or_lci95","or_uci95","n_snps"
"eqtl-a-ENSG00000131473","ebi-a-GCST90091033","ebi-a-GCST90091033","eqtl-a-ENSG00000131473","Inverse variance weighted (multiplicative random effects)",32,0.0985391344934615,0.0248058047576479,7.11454163447945e-05,0.0499197571684715,0.147158511818451,1.10355759071667,1.05118674279098,1.15853759037611,32
"eqtl-a-ENSG00000131473","ebi-a-GCST90091033","ebi-a-GCST90091033","eqtl-a-ENSG00000131473","MR Egger",32,-0.130549245123187,0.0540640442259495,0.0220528167901201,-0.236514771806048,-0.0245837184403261,0.877613273710804,0.789374221732942,0.975716000077296,32
"eqtl-a-ENSG00000131473","ebi-a-GCST90091033","ebi-a-GCST90091033","eqtl-a-ENSG00000131473","Weighted median",32,0.0668649030701026,0.0263468062609991,0.0111527785635619,0.0152251627985443,0.118504643341661,1.06915102939586,1.01534165604836,1.12581210162008,32
"eqtl-a-ENSG00000131473","ebi-a-GCST90091033","ebi-a-GCST90091033","eqtl-a-ENSG00000131473","Weighted mode",32,0.0551782344328429,0.0680471179242404,0.423615050247301,-0.0781941166986683,0.188550585564354,1.05672894337556,0.924784892928473,1.20749816341776,32
"eqtl-a-ENSG00000131473","ebi-a-GCST90091033","ebi-a-GCST90091033","eqtl-a-ENSG00000131473","Simple mode",32,0.0643782497455446,0.0486037850787741,0.195002127753161,-0.0308851690088526,0.159641668499942,1.06649572421413,0.969586905309048,1.17309044041233,32
