"id.exposure","id.outcome","outcome","exposure","method","nsnp","b","se","pval","lo_ci","up_ci","or","or_lci95","or_uci95","n_snps"
"eqtl-a-ENSG00000185000","ebi-a-GCST90091033","ebi-a-GCST90091033","eqtl-a-ENSG00000185000","Inverse variance weighted (fixed effects)",58,-0.0923800159764743,0.0158857910369089,6.05394687273384e-09,-0.123516166408816,-0.0612438655441327,0.911758600867226,0.8838073531376,0.940593833378004,58
"eqtl-a-ENSG00000185000","ebi-a-GCST90091033","ebi-a-GCST90091033","eqtl-a-ENSG00000185000","MR Egger",58,-0.160598495657971,0.048192992194083,0.00153008550235702,-0.255056760358374,-0.0661402309575682,0.851633937195803,0.774872514671213,0.935999598968056,58
"eqtl-a-ENSG00000185000","ebi-a-GCST90091033","ebi-a-GCST90091033","eqtl-a-ENSG00000185000","Weighted median",58,-0.100879148046924,0.0213118441785727,2.20704768588109e-06,-0.142650362636927,-0.0591079334569217,0.904042281559663,0.867057171487478,0.942605025047537,58
"eqtl-a-ENSG00000185000","ebi-a-GCST90091033","ebi-a-GCST90091033","eqtl-a-ENSG00000185000","Weighted mode",58,-0.10134723268136,0.0591094496155235,0.0918572267421581,-0.217201753927786,0.0145072885650665,0.903619212282624,0.804767587903195,1.01461302999754,58
"eqtl-a-ENSG00000185000","ebi-a-GCST90091033","ebi-a-GCST90091033","eqtl-a-ENSG00000185000","Simple mode",58,-0.0962499215729938,0.0344296190501849,0.00704863183930042,-0.163731974911356,-0.0287678682346314,0.90823699968213,0.848969536524311,0.971641987259899,58
