"id.exposure","id.outcome","outcome","exposure","method","nsnp","b","se","pval","lo_ci","up_ci","or","or_lci95","or_uci95","n_snps"
"eqtl-a-ENSG00000125629","ebi-a-GCST90091033","ebi-a-GCST90091033","eqtl-a-ENSG00000125629","Inverse variance weighted (multiplicative random effects)",83,0.00647626307971138,0.0191909350928174,0.735766621258012,-0.0311379697022106,0.0440904958616334,1.00649727941606,0.969341824046777,1.04507692574611,84
"eqtl-a-ENSG00000125629","ebi-a-GCST90091033","ebi-a-GCST90091033","eqtl-a-ENSG00000125629","MR Egger",83,-0.0403177166552043,0.0616197121101893,0.514772688359391,-0.161092352391175,0.0804569190807667,0.960484228833128,0.851213455879004,1.08378215530501,84
"eqtl-a-ENSG00000125629","ebi-a-GCST90091033","ebi-a-GCST90091033","eqtl-a-ENSG00000125629","Weighted median",83,0.0767237843074407,0.0212543629157876,0.000306445131676079,0.0350652329924971,0.118382335622384,1.07974379301965,1.03568726757582,1.12567441452987,84
"eqtl-a-ENSG00000125629","ebi-a-GCST90091033","ebi-a-GCST90091033","eqtl-a-ENSG00000125629","Weighted mode",83,0.0966616913254126,0.0633510121617764,0.130904833858878,-0.0275062925116691,0.220829675162494,1.1014876677468,0.972868560747422,1.24711099849518,84
"eqtl-a-ENSG00000125629","ebi-a-GCST90091033","ebi-a-GCST90091033","eqtl-a-ENSG00000125629","Simple mode",83,0.0934708585998928,0.0436787489711569,0.0353297193782183,0.00786051061642531,0.17908120658336,1.09797860624121,1.00789148553637,1.19611787286984,84
