"id.exposure","id.outcome","outcome","exposure","method","nsnp","b","se","pval","lo_ci","up_ci","or","or_lci95","or_uci95","n_snps"
"eqtl-a-ENSG00000073756","ebi-a-GCST90091033","ebi-a-GCST90091033","eqtl-a-ENSG00000073756","Inverse variance weighted (fixed effects)",58,0.0696944970614164,0.0130521926053265,9.31121503723864e-08,0.0441121995549765,0.0952767945678564,1.07218057689778,1.04509960802137,1.09996327685289,59
"eqtl-a-ENSG00000073756","ebi-a-GCST90091033","ebi-a-GCST90091033","eqtl-a-ENSG00000073756","MR Egger",58,0.0905254294662589,0.0202174356955183,3.7598678278482e-05,0.050899255503043,0.130151603429475,1.09474934617925,1.05221688288276,1.13900104670097,59
"eqtl-a-ENSG00000073756","ebi-a-GCST90091033","ebi-a-GCST90091033","eqtl-a-ENSG00000073756","Weighted median",58,0.0892743400172773,0.0185835478245407,1.55569647870582e-06,0.0528505862811775,0.125698093753377,1.0933805732302,1.05427211063404,1.13393977309921,59
"eqtl-a-ENSG00000073756","ebi-a-GCST90091033","ebi-a-GCST90091033","eqtl-a-ENSG00000073756","Weighted mode",58,0.0897493325471306,0.0449898751791271,0.0508452999555579,0.00156917719604152,0.17792948789822,1.09390004419741,1.0015704089988,1.19474107456038,59
"eqtl-a-ENSG00000073756","ebi-a-GCST90091033","ebi-a-GCST90091033","eqtl-a-ENSG00000073756","Simple mode",58,0.0999211191494752,0.0262603066802961,0.000348304907248338,0.0484509180560948,0.151391320242856,1.10508374469186,1.04964385199532,1.16345185127385,59
