"id.exposure","id.outcome","outcome","exposure","method","nsnp","b","se","pval","lo_ci","up_ci","or","or_lci95","or_uci95","n_snps"
"eqtl-a-ENSG00000116133","ebi-a-GCST90091033","ebi-a-GCST90091033","eqtl-a-ENSG00000116133","Inverse variance weighted (fixed effects)",40,0.00913314657494129,0.0158278577211541,0.563919282198444,-0.0218894545585207,0.0401557477084033,1.00917498102117,0.978348381027279,1.04097289070966,41
"eqtl-a-ENSG00000116133","ebi-a-GCST90091033","ebi-a-GCST90091033","eqtl-a-ENSG00000116133","MR Egger",40,-0.0759553091217481,0.0299518723175478,0.0154485113093299,-0.134660978864142,-0.0172496393793544,0.926857627715199,0.87401217006492,0.982898283887781,41
"eqtl-a-ENSG00000116133","ebi-a-GCST90091033","ebi-a-GCST90091033","eqtl-a-ENSG00000116133","Weighted median",40,-0.00115845265079705,0.0205741547222939,0.955097872810678,-0.0414837959064931,0.039166890604899,0.99884221809644,0.959364880853758,1.03994402605603,41
"eqtl-a-ENSG00000116133","ebi-a-GCST90091033","ebi-a-GCST90091033","eqtl-a-ENSG00000116133","Weighted mode",40,-0.0064976670042709,0.132850430412817,0.961240929371373,-0.266884510613392,0.25388917660485,0.993523397186586,0.765761503685133,1.28902894178792,41
"eqtl-a-ENSG00000116133","ebi-a-GCST90091033","ebi-a-GCST90091033","eqtl-a-ENSG00000116133","Simple mode",40,-0.00181304082990186,0.124863440763644,0.988488999792428,-0.246545384726645,0.242919303066841,0.998188601735794,0.781495892754674,1.27496573414243,41
