"id.exposure","id.outcome","outcome","exposure","method","nsnp","b","se","pval","lo_ci","up_ci","or","or_lci95","or_uci95","n_snps"
"eqtl-a-ENSG00000198431","ebi-a-GCST90091033","ebi-a-GCST90091033","eqtl-a-ENSG00000198431","Inverse variance weighted (fixed effects)",52,-0.0377780198305307,0.0146294918162603,0.00981387254453621,-0.0664518237904009,-0.00910421587066053,0.962926667793658,0.935707993634909,0.990937102018582,54
"eqtl-a-ENSG00000198431","ebi-a-GCST90091033","ebi-a-GCST90091033","eqtl-a-ENSG00000198431","MR Egger",52,0.0841254412026238,0.0435887818984221,0.0592921546414387,-0.00130857131828348,0.169559453723531,1.08776533584282,0.998692284487829,1.18478278468733,54
"eqtl-a-ENSG00000198431","ebi-a-GCST90091033","ebi-a-GCST90091033","eqtl-a-ENSG00000198431","Weighted median",52,-0.02048270243223,0.0204874499702566,0.317422664165314,-0.0606381043739331,0.019672699509473,0.979725643198658,0.941163781207897,1.01986748226661,54
"eqtl-a-ENSG00000198431","ebi-a-GCST90091033","ebi-a-GCST90091033","eqtl-a-ENSG00000198431","Weighted mode",52,-0.012957620872625,0.0504538230553801,0.798349929093865,-0.11184711406117,0.0859318723159199,0.987125967670985,0.894180954745298,1.08973208485293,54
"eqtl-a-ENSG00000198431","ebi-a-GCST90091033","ebi-a-GCST90091033","eqtl-a-ENSG00000198431","Simple mode",52,-0.0176342661477515,0.0390033526186099,0.653098430141406,-0.0940808372802268,0.0588123049847238,0.982520307591746,0.910209180432147,1.06057615719922,54
