"id.exposure","id.outcome","outcome","exposure","method","nsnp","b","se","pval","lo_ci","up_ci","or","or_lci95","or_uci95","n_snps"
"eqtl-a-ENSG00000166311","ebi-a-GCST90091033","ebi-a-GCST90091033","eqtl-a-ENSG00000166311","Inverse variance weighted (fixed effects)",7,-0.135223229810659,0.0765299322525741,0.0772395217931556,-0.285221897025704,0.0147754374043859,0.873520894018187,0.75184740310564,1.01488513378441,7
"eqtl-a-ENSG00000166311","ebi-a-GCST90091033","ebi-a-GCST90091033","eqtl-a-ENSG00000166311","MR Egger",7,-0.32806502867634,0.209359460960081,0.177898320194129,-0.7384095721581,0.0822795148054192,0.720316176974722,0.477873334516517,1.08575925320551,7
"eqtl-a-ENSG00000166311","ebi-a-GCST90091033","ebi-a-GCST90091033","eqtl-a-ENSG00000166311","Weighted median",7,-0.119181518255768,0.0951130427001149,0.210187051296515,-0.305603081947993,0.0672400454364572,0.887646662063749,0.736678962612919,1.0695521884842,7
"eqtl-a-ENSG00000166311","ebi-a-GCST90091033","ebi-a-GCST90091033","eqtl-a-ENSG00000166311","Weighted mode",7,-0.134518086949845,0.148256779600633,0.39920457479559,-0.425101374967085,0.156065201067396,0.874137068260279,0.653703512598643,1.16890241429041,7
"eqtl-a-ENSG00000166311","ebi-a-GCST90091033","ebi-a-GCST90091033","eqtl-a-ENSG00000166311","Simple mode",7,-0.0566850308546556,0.134999262405853,0.689185446806302,-0.321283585170127,0.207913523460816,0.944891634212662,0.725217560880806,1.23110670309846,7
