"id.exposure","id.outcome","outcome","exposure","method","nsnp","b","se","pval","lo_ci","up_ci","or","or_lci95","or_uci95","n_snps"
"eqtl-a-ENSG00000134824","ebi-a-GCST90091033","ebi-a-GCST90091033","eqtl-a-ENSG00000134824","Inverse variance weighted (fixed effects)",82,0.0261789354340088,0.00611555150351758,1.86293484173999e-05,0.0141924544871143,0.0381654163809032,1.02652461366811,1.01429364551895,1.03890307025174,82
"eqtl-a-ENSG00000134824","ebi-a-GCST90091033","ebi-a-GCST90091033","eqtl-a-ENSG00000134824","MR Egger",82,0.00164836512709459,0.00914401237100993,0.857398699056821,-0.0162738991200849,0.0195706293742741,1.00164972442766,0.983857805359874,1.01976338956728,82
"eqtl-a-ENSG00000134824","ebi-a-GCST90091033","ebi-a-GCST90091033","eqtl-a-ENSG00000134824","Weighted median",82,0.0187264921274785,0.00844164714265262,0.0265312664959393,0.00218086372787932,0.0352721205270776,1.01890293253024,1.00218324354088,1.03590156052771,82
"eqtl-a-ENSG00000134824","ebi-a-GCST90091033","ebi-a-GCST90091033","eqtl-a-ENSG00000134824","Weighted mode",82,0.0173749843413851,0.0421415981743709,0.681208663525232,-0.0652225480803819,0.0999725167631521,1.01752680741502,0.936858944015893,1.10514054481893,82
"eqtl-a-ENSG00000134824","ebi-a-GCST90091033","ebi-a-GCST90091033","eqtl-a-ENSG00000134824","Simple mode",82,0.0173749843413851,0.0146261590824029,0.238329121931767,-0.0112922874601246,0.0460422561428948,1.01752680741502,0.988771231103138,1.0471186572177,82
