"id.exposure","id.outcome","outcome","exposure","method","nsnp","b","se","pval","lo_ci","up_ci","or","or_lci95","or_uci95","n_snps"
"eqtl-a-ENSG00000145675","ebi-a-GCST90091033","ebi-a-GCST90091033","eqtl-a-ENSG00000145675","Inverse variance weighted (fixed effects)",44,-0.0741248630716726,0.0272598462703414,0.00654408316927751,-0.127554161761542,-0.0206955643818034,0.928555744280079,0.880245738883291,0.979517119082412,47
"eqtl-a-ENSG00000145675","ebi-a-GCST90091033","ebi-a-GCST90091033","eqtl-a-ENSG00000145675","MR Egger",44,-0.096910965233921,0.0623045303161313,0.127345295009529,-0.219027844653538,0.0252059141856964,0.907636813767273,0.803299350250119,1.02552626919106,47
"eqtl-a-ENSG00000145675","ebi-a-GCST90091033","ebi-a-GCST90091033","eqtl-a-ENSG00000145675","Weighted median",44,-0.0435598689972654,0.0377727813788189,0.24882507143097,-0.11759452049975,0.0304747825052196,0.957375235279831,0.889056473712651,1.03094389189877,47
"eqtl-a-ENSG00000145675","ebi-a-GCST90091033","ebi-a-GCST90091033","eqtl-a-ENSG00000145675","Weighted mode",44,-0.0614009174464485,0.0897257237775497,0.497446293091626,-0.237263336050446,0.114461501157549,0.940446122926573,0.788783545522232,1.12126947265623,47
"eqtl-a-ENSG00000145675","ebi-a-GCST90091033","ebi-a-GCST90091033","eqtl-a-ENSG00000145675","Simple mode",44,-0.0533747358090982,0.064456741603066,0.412202989362009,-0.179709949351108,0.072960477732911,0.948024687111716,0.835512517216872,1.07568802244525,47
