"id.exposure","id.outcome","outcome","exposure","method","nsnp","b","se","pval","lo_ci","up_ci","or","or_lci95","or_uci95","n_snps"
"eqtl-a-ENSG00000108846","ebi-a-GCST90091033","ebi-a-GCST90091033","eqtl-a-ENSG00000108846","Inverse variance weighted (multiplicative random effects)",109,0.00737508153703002,0.00932050087171135,0.428783395448323,-0.0108931001715242,0.0256432632455843,1.00740234443168,0.989166014801003,1.02597488023344,113
"eqtl-a-ENSG00000108846","ebi-a-GCST90091033","ebi-a-GCST90091033","eqtl-a-ENSG00000108846","MR Egger",109,-0.0219713537991456,0.013271933504716,0.100758339967951,-0.0479843434683889,0.00404163587009766,0.978268258318845,0.953148709963592,1.00404981429471,113
"eqtl-a-ENSG00000108846","ebi-a-GCST90091033","ebi-a-GCST90091033","eqtl-a-ENSG00000108846","Weighted median",109,-0.00600578378332294,0.0114759926313139,0.600741440952087,-0.0284987293406982,0.0164871617740523,0.994012214886038,0.971903529103612,1.01662382505591,113
"eqtl-a-ENSG00000108846","ebi-a-GCST90091033","ebi-a-GCST90091033","eqtl-a-ENSG00000108846","Weighted mode",109,-0.00482824879706278,0.0689798791187408,0.944327055381902,-0.140028811869795,0.130372314275669,0.995183388459437,0.869333187923356,1.13925246433008,113
"eqtl-a-ENSG00000108846","ebi-a-GCST90091033","ebi-a-GCST90091033","eqtl-a-ENSG00000108846","Simple mode",109,0.0486872815343781,0.0218763864956327,0.028121176482821,0.00580956400293801,0.0915649990658181,1.04989197879004,1.00582647224721,1.09588800607423,113
