"id.exposure","id.outcome","outcome","exposure","method","nsnp","b","se","pval","lo_ci","up_ci","or","or_lci95","or_uci95","n_snps"
"eqtl-a-ENSG00000079435","ebi-a-GCST90091033","ebi-a-GCST90091033","eqtl-a-ENSG00000079435","Inverse variance weighted (fixed effects)",38,0.0524307372520219,0.0317963929807809,0.099157394939001,-0.00989019299030857,0.114751667494352,1.05382956841889,0.990158554129878,1.12159487451973,38
"eqtl-a-ENSG00000079435","ebi-a-GCST90091033","ebi-a-GCST90091033","eqtl-a-ENSG00000079435","MR Egger",38,-0.0681390165006035,0.162388380399333,0.677267447012578,-0.386420242083296,0.250142209082089,0.934130604982673,0.679484917514934,1.28420802974794,38
"eqtl-a-ENSG00000079435","ebi-a-GCST90091033","ebi-a-GCST90091033","eqtl-a-ENSG00000079435","Weighted median",38,0.0626018359300614,0.0421024903677405,0.137043464107486,-0.0199190451907099,0.145122717050833,1.06460286822102,0.980278028315461,1.15618144473976,38
"eqtl-a-ENSG00000079435","ebi-a-GCST90091033","ebi-a-GCST90091033","eqtl-a-ENSG00000079435","Weighted mode",38,0.0831329660138735,0.086684823740834,0.343771100552728,-0.0867692885181612,0.253035220545908,1.08668629128686,0.916888607962477,1.28792863758552,38
"eqtl-a-ENSG00000079435","ebi-a-GCST90091033","ebi-a-GCST90091033","eqtl-a-ENSG00000079435","Simple mode",38,0.0712357515098497,0.0863628010695805,0.414747030258888,-0.098035338586528,0.240506841606227,1.07383435409981,0.906616864629297,1.27189363559485,38
