"id.exposure","id.outcome","outcome","exposure","method","nsnp","b","se","pval","lo_ci","up_ci","or","or_lci95","or_uci95","n_snps"
"eqtl-a-ENSG00000160752","ebi-a-GCST90091033","ebi-a-GCST90091033","eqtl-a-ENSG00000160752","Inverse variance weighted (fixed effects)",60,0.0142298556868831,0.0222563142403404,0.522587051413948,-0.029392520224184,0.0578522315979502,1.01433158202765,0.971035238682506,1.05955841488788,60
"eqtl-a-ENSG00000160752","ebi-a-GCST90091033","ebi-a-GCST90091033","eqtl-a-ENSG00000160752","MR Egger",60,-0.427331816082953,0.116931856431241,0.000555893798958397,-0.656518254688186,-0.19814537747772,0.652247090242501,0.518654015619663,0.820250598506463,60
"eqtl-a-ENSG00000160752","ebi-a-GCST90091033","ebi-a-GCST90091033","eqtl-a-ENSG00000160752","Weighted median",60,-0.0220255572891328,0.0291155282079788,0.449356467109254,-0.0790919925767713,0.0350408779985057,0.97821523420216,0.923954923541184,1.03566204372581,60
"eqtl-a-ENSG00000160752","ebi-a-GCST90091033","ebi-a-GCST90091033","eqtl-a-ENSG00000160752","Weighted mode",60,-0.0382051574293344,0.0792684112262737,0.63160894986624,-0.193571243432831,0.117160928574162,0.962515453437761,0.824011128722374,1.12430034718455,60
"eqtl-a-ENSG00000160752","ebi-a-GCST90091033","ebi-a-GCST90091033","eqtl-a-ENSG00000160752","Simple mode",60,-0.0328252633004469,0.0752625095285812,0.664324311910568,-0.180339781976466,0.114689255375572,0.967707638855371,0.834986449859216,1.12152487559161,60
