"id.exposure","id.outcome","outcome","exposure","method","nsnp","b","se","pval","lo_ci","up_ci","or","or_lci95","or_uci95","n_snps"
"eqtl-a-ENSG00000233276","ebi-a-GCST90091033","ebi-a-GCST90091033","eqtl-a-ENSG00000233276","Inverse variance weighted (fixed effects)",58,0.0237135764210042,0.0189520571346641,0.21084684291278,-0.0134324555629374,0.0608596084049459,1.02399697900343,0.986657357282865,1.06274970258752,59
"eqtl-a-ENSG00000233276","ebi-a-GCST90091033","ebi-a-GCST90091033","eqtl-a-ENSG00000233276","MR Egger",58,-0.0178541442021804,0.0734648469346823,0.808870343612847,-0.161845244194158,0.126136955789797,0.982304296686975,0.850572825438449,1.13443752543152,59
"eqtl-a-ENSG00000233276","ebi-a-GCST90091033","ebi-a-GCST90091033","eqtl-a-ENSG00000233276","Weighted median",58,0.0486992615427491,0.0262084295171015,0.063147346483651,-0.00266926031076977,0.100067783396268,1.04990455658008,0.997334298996923,1.10524583285289,59
"eqtl-a-ENSG00000233276","ebi-a-GCST90091033","ebi-a-GCST90091033","eqtl-a-ENSG00000233276","Weighted mode",58,0.0492325758624531,0.0492094883634535,0.321311915580452,-0.0472180213299158,0.145683173054822,1.05046463505008,0.953879408860906,1.15682961519071,59
"eqtl-a-ENSG00000233276","ebi-a-GCST90091033","ebi-a-GCST90091033","eqtl-a-ENSG00000233276","Simple mode",58,0.0468733598470606,0.0461313521756487,0.313882722855435,-0.0435440904172107,0.137290810111332,1.04798928315252,0.9573903414208,1.14716170624058,59
