"id.exposure","id.outcome","outcome","exposure","method","nsnp","b","se","pval","lo_ci","up_ci","or","or_lci95","or_uci95","n_snps"
"eqtl-a-ENSG00000131791","ebi-a-GCST90091033","ebi-a-GCST90091033","eqtl-a-ENSG00000131791","Inverse variance weighted (fixed effects)",42,-0.0654924126194952,0.0099771784419011,5.23052838842355e-11,-0.0850476823656213,-0.045937142873369,0.936606153119935,0.918468488607037,0.955101995271004,42
"eqtl-a-ENSG00000131791","ebi-a-GCST90091033","ebi-a-GCST90091033","eqtl-a-ENSG00000131791","MR Egger",42,0.0414946070813407,0.0407124662108814,0.314227830560568,-0.0383018266919869,0.121291040854668,1.04236754043296,0.962422412275768,1.12895343613104,42
"eqtl-a-ENSG00000131791","ebi-a-GCST90091033","ebi-a-GCST90091033","eqtl-a-ENSG00000131791","Weighted median",42,-0.0670674273783208,0.0129959380286089,2.46099980597783e-07,-0.0925394659143943,-0.0415953888422472,0.935132145701994,0.911613232604708,0.959257828483499,42
"eqtl-a-ENSG00000131791","ebi-a-GCST90091033","ebi-a-GCST90091033","eqtl-a-ENSG00000131791","Weighted mode",42,-0.0700308714520465,0.023481380076232,0.00479785776839683,-0.116054376401461,-0.0240073665026318,0.932365035999151,0.890426803775691,0.976278517973148,42
"eqtl-a-ENSG00000131791","ebi-a-GCST90091033","ebi-a-GCST90091033","eqtl-a-ENSG00000131791","Simple mode",42,-0.0718516123727095,0.0211149088559341,0.00150051053100373,-0.11323683373034,-0.0304663910150787,0.93066898532809,0.892939156959954,0.969993032000568,42
