"id.exposure","id.outcome","outcome","exposure","method","nsnp","b","se","pval","lo_ci","up_ci","or","or_lci95","or_uci95","n_snps"
"eqtl-a-ENSG00000186480","ebi-a-GCST90091033","ebi-a-GCST90091033","eqtl-a-ENSG00000186480","Inverse variance weighted (fixed effects)",42,0.00560680237352136,0.0124180339064851,0.651625739743253,-0.0187325440831894,0.0299461488302321,1.0056225499073,0.981441819565008,1.03039904426558,45
"eqtl-a-ENSG00000186480","ebi-a-GCST90091033","ebi-a-GCST90091033","eqtl-a-ENSG00000186480","MR Egger",42,0.0144371844323154,0.0206372069042374,0.488244052900824,-0.0260117410999899,0.0548861099646207,1.01454190392413,0.974323649910196,1.05642029207941,45
"eqtl-a-ENSG00000186480","ebi-a-GCST90091033","ebi-a-GCST90091033","eqtl-a-ENSG00000186480","Weighted median",42,0.00780646312104508,0.0167940987091317,0.642050548984272,-0.025109970348853,0.0407228965909432,1.00783701299803,0.975202662754295,1.04156344477159,45
"eqtl-a-ENSG00000186480","ebi-a-GCST90091033","ebi-a-GCST90091033","eqtl-a-ENSG00000186480","Weighted mode",42,0.00959833339705973,0.0732792164140038,0.896429343621006,-0.134028930774388,0.153225597568507,1.00964454513261,0.874564762401501,1.16558790308092,45
"eqtl-a-ENSG00000186480","ebi-a-GCST90091033","ebi-a-GCST90091033","eqtl-a-ENSG00000186480","Simple mode",42,0.021045030799613,0.0282166439075762,0.460020570845199,-0.0342595912592363,0.0763496528584622,1.02126803911851,0.966320623688135,1.07933990246863,45
