"id.exposure","id.outcome","outcome","exposure","method","nsnp","b","se","pval","lo_ci","up_ci","or","or_lci95","or_uci95","n_snps"
"eqtl-a-ENSG00000126821","ebi-a-GCST90091033","ebi-a-GCST90091033","eqtl-a-ENSG00000126821","Inverse variance weighted (fixed effects)",16,0.103074868879677,0.0560466746605891,0.0659019759076208,-0.00677661345507732,0.212926351214432,1.10857440369275,0.993246296011139,1.23729352272255,16
"eqtl-a-ENSG00000126821","ebi-a-GCST90091033","ebi-a-GCST90091033","eqtl-a-ENSG00000126821","MR Egger",16,0.643268483383827,0.811517137352101,0.441194354252159,-0.94730510582629,2.23384207259394,1.90268963662944,0.387784655192278,9.33566556815417,16
"eqtl-a-ENSG00000126821","ebi-a-GCST90091033","ebi-a-GCST90091033","eqtl-a-ENSG00000126821","Weighted median",16,0.0809937795494799,0.0672161068061177,0.228212658783671,-0.0507497897905109,0.212737348889471,1.08436415131223,0.950516469706304,1.23705969346793,16
"eqtl-a-ENSG00000126821","ebi-a-GCST90091033","ebi-a-GCST90091033","eqtl-a-ENSG00000126821","Weighted mode",16,0.0671612892179308,0.110815681799256,0.553534422773881,-0.150037447108612,0.284360025544473,1.0694679579152,0.860675746003453,1.32891128664699,16
"eqtl-a-ENSG00000126821","ebi-a-GCST90091033","ebi-a-GCST90091033","eqtl-a-ENSG00000126821","Simple mode",16,0.0671612892179308,0.119489681191168,0.582372265559196,-0.167038485916759,0.301361064352621,1.0694679579152,0.846167045196058,1.35169730315164,16
