"id.exposure","id.outcome","outcome","exposure","method","nsnp","b","se","pval","lo_ci","up_ci","or","or_lci95","or_uci95","n_snps"
"eqtl-a-ENSG00000112237","ebi-a-GCST90091033","ebi-a-GCST90091033","eqtl-a-ENSG00000112237","Inverse variance weighted (multiplicative random effects)",35,-0.18075892642891,0.0468566355929846,0.000114458180339264,-0.27259793219116,-0.0889199206666604,0.83463654325672,0.761398860065194,0.914918836731486,35
"eqtl-a-ENSG00000112237","ebi-a-GCST90091033","ebi-a-GCST90091033","eqtl-a-ENSG00000112237","MR Egger",35,0.388168395573513,0.166449538552919,0.0259484127631904,0.0619273000097912,0.714409491137235,1.4742780252798,1.0638849974876,2.04297992824008,35
"eqtl-a-ENSG00000112237","ebi-a-GCST90091033","ebi-a-GCST90091033","eqtl-a-ENSG00000112237","Weighted median",35,-0.211353313010588,0.0594488622590733,0.000377674331027911,-0.327873083038372,-0.0948335429828045,0.809488013703941,0.72045445179305,0.909524318573545,35
"eqtl-a-ENSG00000112237","ebi-a-GCST90091033","ebi-a-GCST90091033","eqtl-a-ENSG00000112237","Weighted mode",35,-0.219403654179989,0.137072497923267,0.118708948240696,-0.488065750109593,0.0492584417496153,0.802997519420707,0.613812513475978,1.05049180660121,35
"eqtl-a-ENSG00000112237","ebi-a-GCST90091033","ebi-a-GCST90091033","eqtl-a-ENSG00000112237","Simple mode",35,-0.296069699403126,0.121256913395113,0.0199754709747096,-0.533733249657547,-0.0584061491487056,0.743735588287014,0.586411657016123,0.943266762634329,35
