"id.exposure","id.outcome","outcome","exposure","method","nsnp","b","se","pval","lo_ci","up_ci","or","or_lci95","or_uci95","n_snps"
"eqtl-a-ENSG00000100031","ebi-a-GCST90091033","ebi-a-GCST90091033","eqtl-a-ENSG00000100031","Inverse variance weighted (fixed effects)",32,-0.131978289506142,0.0273934651002675,1.45095249688966e-06,-0.185669481102666,-0.0782870979096174,0.876360021081696,0.83054806145071,0.924698909306754,34
"eqtl-a-ENSG00000100031","ebi-a-GCST90091033","ebi-a-GCST90091033","eqtl-a-ENSG00000100031","MR Egger",32,-0.159253041695141,0.0580293080011868,0.0101377510711504,-0.272990485377467,-0.0455155980128145,0.852780542630927,0.761100029173972,0.955504698481186,34
"eqtl-a-ENSG00000100031","ebi-a-GCST90091033","ebi-a-GCST90091033","eqtl-a-ENSG00000100031","Weighted median",32,-0.119775816174424,0.0398831451053242,0.00267184209736625,-0.197946780580859,-0.0416048517679881,0.887119292222904,0.820413513906686,0.959248751140851,34
"eqtl-a-ENSG00000100031","ebi-a-GCST90091033","ebi-a-GCST90091033","eqtl-a-ENSG00000100031","Weighted mode",32,-0.126640469590172,0.134045377197942,0.352088201880258,-0.389369408898138,0.136088469717793,0.881050380064986,0.677483955181165,1.14578325623236,34
"eqtl-a-ENSG00000100031","ebi-a-GCST90091033","ebi-a-GCST90091033","eqtl-a-ENSG00000100031","Simple mode",32,-0.20983142047788,0.0810242974027795,0.0145029924191021,-0.368639043387328,-0.0510237975684322,0.810720905393677,0.691675030072596,0.950256056479816,34
