"id.exposure","id.outcome","outcome","exposure","method","nsnp","b","se","pval","lo_ci","up_ci","or","or_lci95","or_uci95","n_snps"
"eqtl-a-ENSG00000103056","ebi-a-GCST90091033","ebi-a-GCST90091033","eqtl-a-ENSG00000103056","Inverse variance weighted (fixed effects)",68,-0.0117716829034226,0.0194520006938269,0.545068928103439,-0.0498976042633233,0.026354238456478,0.988297332282027,0.951326831325321,1.02670458230959,70
"eqtl-a-ENSG00000103056","ebi-a-GCST90091033","ebi-a-GCST90091033","eqtl-a-ENSG00000103056","MR Egger",68,0.0277304615700469,0.0575172292909318,0.631312596309811,-0.0850033078401795,0.140464230980273,1.02811852961689,0.918509246114643,1.15080791555762,70
"eqtl-a-ENSG00000103056","ebi-a-GCST90091033","ebi-a-GCST90091033","eqtl-a-ENSG00000103056","Weighted median",68,-0.011838235004432,0.0270528683352891,0.661678956065719,-0.0648618569415987,0.0411853869327347,0.988231561206767,0.9371969216844,1.04204526921615,70
"eqtl-a-ENSG00000103056","ebi-a-GCST90091033","ebi-a-GCST90091033","eqtl-a-ENSG00000103056","Weighted mode",68,0.0127169040287173,0.0668298952395317,0.849659105639375,-0.118269690640765,0.143703498698199,1.01279810770746,0.888456411922621,1.15454173464297,70
"eqtl-a-ENSG00000103056","ebi-a-GCST90091033","ebi-a-GCST90091033","eqtl-a-ENSG00000103056","Simple mode",68,0.0746267733745355,0.0606037670433967,0.222482464505675,-0.0441566100305221,0.193410156779593,1.07748193088463,0.956804100619408,1.21338036765446,70
