"id.exposure","id.outcome","outcome","exposure","method","nsnp","b","se","pval","lo_ci","up_ci","or","or_lci95","or_uci95","n_snps"
"eqtl-a-ENSG00000066322","ebi-a-GCST90091033","ebi-a-GCST90091033","eqtl-a-ENSG00000066322","Inverse variance weighted (fixed effects)",36,-0.0357201593772487,0.0339304705816302,0.292457525435342,-0.102223881717244,0.0307835629627465,0.96491027679797,0.902827402491724,1.03126227637831,37
"eqtl-a-ENSG00000066322","ebi-a-GCST90091033","ebi-a-GCST90091033","eqtl-a-ENSG00000066322","MR Egger",36,-0.286668230288607,0.129252883024396,0.0333470937353561,-0.540003881016423,-0.0333325795607903,0.750760767206151,0.58274599072284,0.96721682954322,37
"eqtl-a-ENSG00000066322","ebi-a-GCST90091033","ebi-a-GCST90091033","eqtl-a-ENSG00000066322","Weighted median",36,-0.0672352802603315,0.0430646079405068,0.118461155142401,-0.151641911823725,0.0171713513030619,0.934975194249023,0.859295929367396,1.01731962643482,37
"eqtl-a-ENSG00000066322","ebi-a-GCST90091033","ebi-a-GCST90091033","eqtl-a-ENSG00000066322","Weighted mode",36,-0.0752545130795675,0.0977464431903196,0.446527532269977,-0.266837541732594,0.116328515573459,0.927507393522427,0.765797471490596,1.12336485437107,37
"eqtl-a-ENSG00000066322","ebi-a-GCST90091033","ebi-a-GCST90091033","eqtl-a-ENSG00000066322","Simple mode",36,0.0185087481312137,0.0852255046466994,0.829333936701988,-0.148533240976317,0.185550737238745,1.01868109668649,0.861971353924909,1.20388127983752,37
