"id.exposure","id.outcome","outcome","exposure","method","nsnp","b","se","pval","lo_ci","up_ci","or","or_lci95","or_uci95","n_snps"
"eqtl-a-ENSG00000176170","ebi-a-GCST90091033","ebi-a-GCST90091033","eqtl-a-ENSG00000176170","Inverse variance weighted (fixed effects)",51,0.00399425022822079,0.0129974711470469,0.75860757883531,-0.0214807932199912,0.0294692936764328,1.00400223787701,0.978748275891437,1.02990781030388,51
"eqtl-a-ENSG00000176170","ebi-a-GCST90091033","ebi-a-GCST90091033","eqtl-a-ENSG00000176170","MR Egger",51,0.0256061263640553,0.0210750790209044,0.23019011789002,-0.0157010285169173,0.0669132812450279,1.02593677943334,0.98442159004668,1.06920275422255,51
"eqtl-a-ENSG00000176170","ebi-a-GCST90091033","ebi-a-GCST90091033","eqtl-a-ENSG00000176170","Weighted median",51,-0.0134049660881894,0.0178743072235893,0.453280459252828,-0.0484386082464244,0.0216286760700457,0.986684480348171,0.952715826405746,1.02186427135653,51
"eqtl-a-ENSG00000176170","ebi-a-GCST90091033","ebi-a-GCST90091033","eqtl-a-ENSG00000176170","Weighted mode",51,-0.00502622842376477,0.0817916955431723,0.951244566965369,-0.165337951688382,0.155285494840853,0.994986381925973,0.847607205393136,1.16799136901976,51
"eqtl-a-ENSG00000176170","ebi-a-GCST90091033","ebi-a-GCST90091033","eqtl-a-ENSG00000176170","Simple mode",51,0.00887292300222331,0.0328808941515247,0.788385973491337,-0.0555736295347651,0.0733194755392117,1.00891240406795,0.945942371809498,1.07607426141089,51
