"id.exposure","id.outcome","outcome","exposure","method","nsnp","b","se","pval","lo_ci","up_ci","or","or_lci95","or_uci95","n_snps"
"eqtl-a-ENSG00000090661","ebi-a-GCST90091033","ebi-a-GCST90091033","eqtl-a-ENSG00000090661","Inverse variance weighted (fixed effects)",32,-0.0321417913598781,0.0187977283731056,0.0872887388284519,-0.0689853389711651,0.00470175625140891,0.968369265949224,0.933340363707879,1.00471282685095,34
"eqtl-a-ENSG00000090661","ebi-a-GCST90091033","ebi-a-GCST90091033","eqtl-a-ENSG00000090661","MR Egger",32,0.0194660718534539,0.0364042347863222,0.596784758762915,-0.0518862283277375,0.0908183720346454,1.01965677120942,0.949436879719884,1.09507009184219,34
"eqtl-a-ENSG00000090661","ebi-a-GCST90091033","ebi-a-GCST90091033","eqtl-a-ENSG00000090661","Weighted median",32,-0.0142798702381556,0.0255459335051596,0.576169910959459,-0.0643498999082684,0.0357901594319572,0.985821603523906,0.937676849080692,1.0364383368612,34
"eqtl-a-ENSG00000090661","ebi-a-GCST90091033","ebi-a-GCST90091033","eqtl-a-ENSG00000090661","Weighted mode",32,-0.00731314504327774,0.100066945008514,0.942209967738743,-0.203444357259965,0.18881806717341,0.992713530933893,0.815915602839392,1.20782119016938,34
"eqtl-a-ENSG00000090661","ebi-a-GCST90091033","ebi-a-GCST90091033","eqtl-a-ENSG00000090661","Simple mode",32,-0.0380637003377562,0.0553766057459664,0.49696618752811,-0.14660184759985,0.0704744469243379,0.962651617704877,0.863637768421528,1.07301715019197,34
