"id.exposure","id.outcome","outcome","exposure","method","nsnp","b","se","pval","lo_ci","up_ci","or","or_lci95","or_uci95","n_snps"
"eqtl-a-ENSG00000079459","ebi-a-GCST90091033","ebi-a-GCST90091033","eqtl-a-ENSG00000079459","Inverse variance weighted (fixed effects)",94,-0.0111483976798452,0.00486426668228446,0.0219115937896427,-0.0206823603771227,-0.00161443498256761,0.988913515414712,0.979530052716425,0.998386867516561,106
"eqtl-a-ENSG00000079459","ebi-a-GCST90091033","ebi-a-GCST90091033","eqtl-a-ENSG00000079459","MR Egger",94,-0.0484564739283945,0.0105282926315056,1.33314845556996e-05,-0.0690919274861454,-0.0278210203706436,0.952698805639828,0.933240885646244,0.972562420086259,106
"eqtl-a-ENSG00000079459","ebi-a-GCST90091033","ebi-a-GCST90091033","eqtl-a-ENSG00000079459","Weighted median",94,-0.0223972008379937,0.00699979882168277,0.0013757448253681,-0.0361168065284919,-0.00867759514749545,0.977851754367623,0.964527623779604,0.991359946512355,106
"eqtl-a-ENSG00000079459","ebi-a-GCST90091033","ebi-a-GCST90091033","eqtl-a-ENSG00000079459","Weighted mode",94,-0.0260445668959266,0.0220276977093003,0.240078871589113,-0.0692188544061552,0.0171297206143019,0.974291667485815,0.933122439772145,1.01727727559963,106
"eqtl-a-ENSG00000079459","ebi-a-GCST90091033","ebi-a-GCST90091033","eqtl-a-ENSG00000079459","Simple mode",94,-0.0130661901316582,0.0152300924415651,0.393142643852649,-0.0429171713171258,0.0167847910538093,0.987018801953659,0.95799073589179,1.0169264471051,106
