"id.exposure","id.outcome","outcome","exposure","method","nsnp","b","se","pval","lo_ci","up_ci","or","or_lci95","or_uci95","n_snps"
"eqtl-a-ENSG00000105974","ebi-a-GCST90091033","ebi-a-GCST90091033","eqtl-a-ENSG00000105974","Inverse variance weighted (fixed effects)",34,-0.0405457890047825,0.0395306400185072,0.305042418946999,-0.118025843441057,0.0369342654314917,0.960265193917179,0.888673085947334,1.03762481077709,34
"eqtl-a-ENSG00000105974","ebi-a-GCST90091033","ebi-a-GCST90091033","eqtl-a-ENSG00000105974","MR Egger",34,-0.0214237941714366,0.11985358241958,0.85926114883125,-0.256336815713814,0.21348922737094,0.978804065201891,0.773881269518707,1.23799016178746,34
"eqtl-a-ENSG00000105974","ebi-a-GCST90091033","ebi-a-GCST90091033","eqtl-a-ENSG00000105974","Weighted median",34,-0.0159124929540754,0.0522249943121908,0.760601399665336,-0.118273481805969,0.0864484958978187,0.984213441897956,0.888453043643971,1.09029521159567,34
"eqtl-a-ENSG00000105974","ebi-a-GCST90091033","ebi-a-GCST90091033","eqtl-a-ENSG00000105974","Weighted mode",34,-0.000409054351481974,0.107193667905944,0.996978231051458,-0.210508643447132,0.209690534744168,0.999591029299843,0.81017205244378,1.23329633852811,34
"eqtl-a-ENSG00000105974","ebi-a-GCST90091033","ebi-a-GCST90091033","eqtl-a-ENSG00000105974","Simple mode",34,-0.00524577280873184,0.102047530719589,0.959312556170887,-0.205258933019127,0.194767387401663,0.994767962229989,0.814436404629443,1.21502832272023,34
