"id.exposure","id.outcome","outcome","exposure","method","nsnp","b","se","pval","lo_ci","up_ci","or","or_lci95","or_uci95","n_snps"
"eqtl-a-ENSG00000198911","ebi-a-GCST90091033","ebi-a-GCST90091033","eqtl-a-ENSG00000198911","Inverse variance weighted (fixed effects)",16,0.0771266204569438,0.060591855066392,0.20305793305548,-0.0416334154731846,0.195886656387072,1.08017884047221,0.959221351833628,1.21638902759357,16
"eqtl-a-ENSG00000198911","ebi-a-GCST90091033","ebi-a-GCST90091033","eqtl-a-ENSG00000198911","MR Egger",16,0.482488722361082,0.319846117855798,0.153658865379322,-0.144409668636282,1.10938711335845,1.62010137162073,0.865533093656637,3.0324992464917,16
"eqtl-a-ENSG00000198911","ebi-a-GCST90091033","ebi-a-GCST90091033","eqtl-a-ENSG00000198911","Weighted median",16,0.145631958668791,0.0787848807492691,0.0645335178749246,-0.00878640759977681,0.300050324937358,1.15677037038933,0.991252080074194,1.34992674084529,16
"eqtl-a-ENSG00000198911","ebi-a-GCST90091033","ebi-a-GCST90091033","eqtl-a-ENSG00000198911","Weighted mode",16,0.181637326814245,0.166858966095396,0.293525690524808,-0.145406246732731,0.508680900361221,1.19917920486269,0.864670952000847,1.66309595811854,16
"eqtl-a-ENSG00000198911","ebi-a-GCST90091033","ebi-a-GCST90091033","eqtl-a-ENSG00000198911","Simple mode",16,0.183834358590774,0.164322624666899,0.280847317942122,-0.138237985756349,0.505906702937896,1.20181673599044,0.870891407331136,1.65848859541857,16
