"id.exposure","id.outcome","outcome","exposure","method","nsnp","b","se","pval","lo_ci","up_ci","or","or_lci95","or_uci95","n_snps"
"eqtl-a-ENSG00000113161","ebi-a-GCST90091033","ebi-a-GCST90091033","eqtl-a-ENSG00000113161","Inverse variance weighted (fixed effects)",72,-0.00727454268273686,0.0160540381405238,0.650456193516451,-0.0387404574381634,0.0241913720726897,0.99275185275918,0.962000356784959,1.02448635720942,75
"eqtl-a-ENSG00000113161","ebi-a-GCST90091033","ebi-a-GCST90091033","eqtl-a-ENSG00000113161","MR Egger",72,-0.152740602689391,0.0600234810665343,0.0131455183241573,-0.270386625579799,-0.0350945797989839,0.858352347226354,0.763084409344628,0.965514093810096,75
"eqtl-a-ENSG00000113161","ebi-a-GCST90091033","ebi-a-GCST90091033","eqtl-a-ENSG00000113161","Weighted median",72,-0.0164749713976408,0.0212175595897047,0.437466717688432,-0.0580613881934621,0.0251114453981804,0.983659998717542,0.943592020249306,1.02542939354378,75
"eqtl-a-ENSG00000113161","ebi-a-GCST90091033","ebi-a-GCST90091033","eqtl-a-ENSG00000113161","Weighted mode",72,-0.0163733979435808,0.0487744618703569,0.738090000252542,-0.11197134320948,0.0792245473223188,0.983759917535696,0.894069878306463,1.08244735543826,75
"eqtl-a-ENSG00000113161","ebi-a-GCST90091033","ebi-a-GCST90091033","eqtl-a-ENSG00000113161","Simple mode",72,-0.0163733979435808,0.043608108925001,0.708432724687785,-0.101845291436583,0.0690984955494211,0.983759917535696,0.903169268880985,1.07154174604381,75
