"id.exposure","id.outcome","outcome","exposure","method","nsnp","b","se","pval","lo_ci","up_ci","or","or_lci95","or_uci95","n_snps"
"eqtl-a-ENSG00000125505","ebi-a-GCST90091033","ebi-a-GCST90091033","eqtl-a-ENSG00000125505","Inverse variance weighted (fixed effects)",15,-0.0593723457562693,0.0380378821352698,0.118553454982313,-0.133926594741398,0.0151819032288594,0.942355821633163,0.874654266469545,1.01529773375528,15
"eqtl-a-ENSG00000125505","ebi-a-GCST90091033","ebi-a-GCST90091033","eqtl-a-ENSG00000125505","MR Egger",15,-0.124890660093352,0.1100964513449,0.277122054473224,-0.340679704729356,0.0908983845426525,0.882593399988954,0.711286693489185,1.0951577146521,15
"eqtl-a-ENSG00000125505","ebi-a-GCST90091033","ebi-a-GCST90091033","eqtl-a-ENSG00000125505","Weighted median",15,-0.0842013276617,0.0526310669500433,0.109633907589197,-0.187358218883785,0.0189555635603848,0.919246167782565,0.829146667187069,1.01913636081984,15
"eqtl-a-ENSG00000125505","ebi-a-GCST90091033","ebi-a-GCST90091033","eqtl-a-ENSG00000125505","Weighted mode",15,-0.091097433439836,0.174407707058032,0.609610575282393,-0.432936539273579,0.250741672393907,0.912928756776685,0.648601651230904,1.28497809613673,15
"eqtl-a-ENSG00000125505","ebi-a-GCST90091033","ebi-a-GCST90091033","eqtl-a-ENSG00000125505","Simple mode",15,-0.084159065722718,0.146076631617907,0.573673507342365,-0.370469263693815,0.202151132248379,0.919285017728948,0.690410270134776,1.22403298499013,15
