"id.exposure","id.outcome","outcome","exposure","method","nsnp","b","se","pval","lo_ci","up_ci","or","or_lci95","or_uci95","n_snps"
"eqtl-a-ENSG00000213639","ebi-a-GCST90091033","ebi-a-GCST90091033","eqtl-a-ENSG00000213639","Inverse variance weighted (fixed effects)",65,-8.19813334416783e-05,0.00545683164154158,0.988013341084834,-0.0107773713508632,0.0106134086839798,0.999918022026936,0.989280496441619,1.01066993069267,67
"eqtl-a-ENSG00000213639","ebi-a-GCST90091033","ebi-a-GCST90091033","eqtl-a-ENSG00000213639","MR Egger",65,-0.0154482065648922,0.0128438501279074,0.233565933334893,-0.0406221528155907,0.00972573968580624,0.984670504898935,0.960191867207374,1.00977318839186,67
"eqtl-a-ENSG00000213639","ebi-a-GCST90091033","ebi-a-GCST90091033","eqtl-a-ENSG00000213639","Weighted median",65,-0.0108208394336024,0.00743991717670486,0.145827101734607,-0.025403077099944,0.00376139823273907,0.989237495249743,0.974916866156662,1.00376848116887,67
"eqtl-a-ENSG00000213639","ebi-a-GCST90091033","ebi-a-GCST90091033","eqtl-a-ENSG00000213639","Weighted mode",65,-0.00333450984790074,0.0196129459843398,0.865534042056396,-0.0417758839772067,0.0351068642814052,0.996671043455832,0.959084702736934,1.0357303854692,67
"eqtl-a-ENSG00000213639","ebi-a-GCST90091033","ebi-a-GCST90091033","eqtl-a-ENSG00000213639","Simple mode",65,-0.00140934635313633,0.0148879221724159,0.924877683556145,-0.0305896738110714,0.0277709811047988,0.998591646309046,0.969873455918478,1.02816018934539,67
