"id.exposure","id.outcome","outcome","exposure","method","nsnp","b","se","pval","lo_ci","up_ci","or","or_lci95","or_uci95","n_snps"
"eqtl-a-ENSG00000131408","ebi-a-GCST90091033","ebi-a-GCST90091033","eqtl-a-ENSG00000131408","Inverse variance weighted (fixed effects)",4,0.0918434367385719,0.103787302190865,0.376199898371129,-0.111579675555523,0.295266549032666,1.09619318506493,0.894420125143875,1.34348441543565,4
"eqtl-a-ENSG00000131408","ebi-a-GCST90091033","ebi-a-GCST90091033","eqtl-a-ENSG00000131408","MR Egger",4,0.173397077366579,0.214031814085947,0.502925075045567,-0.246105278241878,0.592899432975036,1.18933827064318,0.781839909861421,1.80922654903512,4
"eqtl-a-ENSG00000131408","ebi-a-GCST90091033","ebi-a-GCST90091033","eqtl-a-ENSG00000131408","Weighted median",4,0.069621163650534,0.118617626915259,0.557245511880254,-0.162869385103374,0.302111712404442,1.07210195312191,0.849702164927274,1.35271233301634,4
"eqtl-a-ENSG00000131408","ebi-a-GCST90091033","ebi-a-GCST90091033","eqtl-a-ENSG00000131408","Weighted mode",4,0.057177776649479,0.174217833269744,0.764335064044228,-0.284289176559219,0.398644729858177,1.05884403140858,0.752548993709285,1.48980424161284,4
"eqtl-a-ENSG00000131408","ebi-a-GCST90091033","ebi-a-GCST90091033","eqtl-a-ENSG00000131408","Simple mode",4,0.0490455439844352,0.170261429137449,0.792055423338598,-0.284666857124965,0.382757945093835,1.05026818304856,0.752264824245609,1.46632305641875,4
