"id.exposure","id.outcome","outcome","exposure","method","nsnp","b","se","pval","lo_ci","up_ci","or","or_lci95","or_uci95","n_snps"
"eqtl-a-ENSG00000072310","ebi-a-GCST90091033","ebi-a-GCST90091033","eqtl-a-ENSG00000072310","Inverse variance weighted (fixed effects)",103,-0.0919038549603079,0.00641071876455742,1.30416551581004e-46,-0.10446886373884,-0.0793388461817753,0.912192848146722,0.900802844602861,0.923726870086513,107
"eqtl-a-ENSG00000072310","ebi-a-GCST90091033","ebi-a-GCST90091033","eqtl-a-ENSG00000072310","MR Egger",103,-0.0819296331767365,0.0123881841241886,1.81134704180196e-09,-0.106210474060146,-0.0576487922933268,0.921336787958332,0.899235362439005,0.94398142277568,107
"eqtl-a-ENSG00000072310","ebi-a-GCST90091033","ebi-a-GCST90091033","eqtl-a-ENSG00000072310","Weighted median",103,-0.0863885518495606,0.00872574341553596,4.14517552795876e-23,-0.103491008944011,-0.0692860947551102,0.91723776754126,0.901684129797905,0.933059698403077,107
"eqtl-a-ENSG00000072310","ebi-a-GCST90091033","ebi-a-GCST90091033","eqtl-a-ENSG00000072310","Weighted mode",103,-0.0844138783736998,0.0198308161680932,4.61991186065072e-05,-0.123282278063162,-0.0455454786842372,0.919050802118391,0.884014089552978,0.955476147785807,107
"eqtl-a-ENSG00000072310","ebi-a-GCST90091033","ebi-a-GCST90091033","eqtl-a-ENSG00000072310","Simple mode",103,-0.0916282870026619,0.0118703025416315,8.25103536133528e-12,-0.11489407998426,-0.0683624940210642,0.91244425390496,0.891460562423142,0.933921871115817,107
