"id.exposure","id.outcome","outcome","exposure","method","nsnp","b","se","pval","lo_ci","up_ci","or","or_lci95","or_uci95","n_snps"
"eqtl-a-ENSG00000169710","ebi-a-GCST90091033","ebi-a-GCST90091033","eqtl-a-ENSG00000169710","Inverse variance weighted (fixed effects)",29,0.0684660627880914,0.0133939138679748,3.19222936259935e-07,0.0422139916068609,0.0947181339693219,1.07086428218623,1.04311767329609,1.09934894232851,29
"eqtl-a-ENSG00000169710","ebi-a-GCST90091033","ebi-a-GCST90091033","eqtl-a-ENSG00000169710","MR Egger",29,0.0376674187346431,0.0337304740939938,0.273954586390648,-0.0284443104895848,0.103779147958871,1.03838582777152,0.971956420416188,1.10935542444901,29
"eqtl-a-ENSG00000169710","ebi-a-GCST90091033","ebi-a-GCST90091033","eqtl-a-ENSG00000169710","Weighted median",29,0.0679610727450663,0.0173020149805416,8.56807766299015e-05,0.0340491233832047,0.101873022106928,1.07032364290651,1.03463543027251,1.10724286743488,29
"eqtl-a-ENSG00000169710","ebi-a-GCST90091033","ebi-a-GCST90091033","eqtl-a-ENSG00000169710","Weighted mode",29,0.0688060285106578,0.0299478204614602,0.0292712369211271,0.0101083004061958,0.12750375661512,1.07122840122618,1.01015956185118,1.13598913570711,29
"eqtl-a-ENSG00000169710","ebi-a-GCST90091033","ebi-a-GCST90091033","eqtl-a-ENSG00000169710","Simple mode",29,0.0688060285106578,0.0230729821193785,0.00587140849484828,0.023582983556676,0.11402907346464,1.07122840122618,1.02386326103638,1.1207847095051,29
