"id.exposure","id.outcome","outcome","exposure","method","nsnp","b","se","pval","lo_ci","up_ci","or","or_lci95","or_uci95","n_snps"
"eqtl-a-ENSG00000084754","ebi-a-GCST90091033","ebi-a-GCST90091033","eqtl-a-ENSG00000084754","Inverse variance weighted (fixed effects)",47,-0.0188398958995624,0.012780403807021,0.140448293679209,-0.0438894873613236,0.00620969556219882,0.981336465658081,0.957059718823854,1.00622901569169,47
"eqtl-a-ENSG00000084754","ebi-a-GCST90091033","ebi-a-GCST90091033","eqtl-a-ENSG00000084754","MR Egger",47,-0.120922077647062,0.0240515480132313,8.39030748684283e-06,-0.168063111752996,-0.0737810435411292,0.886103004133811,0.845300484605776,0.928875054769606,47
"eqtl-a-ENSG00000084754","ebi-a-GCST90091033","ebi-a-GCST90091033","eqtl-a-ENSG00000084754","Weighted median",47,-0.0483324315793383,0.017351945187671,0.00534586536851583,-0.0823422441471736,-0.0143226190115031,0.952816987967278,0.920956712709154,0.985779461760376,47
"eqtl-a-ENSG00000084754","ebi-a-GCST90091033","ebi-a-GCST90091033","eqtl-a-ENSG00000084754","Weighted mode",47,-0.0474604428867398,0.0294692887607806,0.114129345140719,-0.10522024885787,0.0102993630843901,0.953648195956216,0.900126248974024,1.01035258408156,47
"eqtl-a-ENSG00000084754","ebi-a-GCST90091033","ebi-a-GCST90091033","eqtl-a-ENSG00000084754","Simple mode",47,-0.0422294835507127,0.0209005052712924,0.0491758332252547,-0.0831944738824458,-0.00126449321897956,0.958649760976972,0.920172180362065,0.998736305915702,47
