"id.exposure","id.outcome","outcome","exposure","method","nsnp","b","se","pval","lo_ci","up_ci","or","or_lci95","or_uci95","n_snps"
"eqtl-a-ENSG00000170522","ebi-a-GCST90091033","ebi-a-GCST90091033","eqtl-a-ENSG00000170522","Inverse variance weighted (fixed effects)",25,-0.0288918771451613,0.0288905685233656,0.317288587837883,-0.0855173914509579,0.0277336371606354,0.971521502466382,0.918037176916782,1.0281217945056,25
"eqtl-a-ENSG00000170522","ebi-a-GCST90091033","ebi-a-GCST90091033","eqtl-a-ENSG00000170522","MR Egger",25,-0.00654158784545201,0.0427021992426636,0.879583822862372,-0.0902378983610727,0.0771547226701687,0.993479761761508,0.913713788400324,1.08020919631484,25
"eqtl-a-ENSG00000170522","ebi-a-GCST90091033","ebi-a-GCST90091033","eqtl-a-ENSG00000170522","Weighted median",25,-0.0175833641461985,0.0399838811181269,0.660109988601558,-0.0959517711377272,0.0607850428453303,0.982570321114853,0.908507831311188,1.0626704610156,25
"eqtl-a-ENSG00000170522","ebi-a-GCST90091033","ebi-a-GCST90091033","eqtl-a-ENSG00000170522","Weighted mode",25,-0.0330131876886233,0.287134128619116,0.909421633355278,-0.595796079782091,0.529769704404845,0.967525800075912,0.551123652788678,1.69854109704029,25
"eqtl-a-ENSG00000170522","ebi-a-GCST90091033","ebi-a-GCST90091033","eqtl-a-ENSG00000170522","Simple mode",25,-0.0599721112651161,0.276777786567999,0.830289311340437,-0.602456572938394,0.482512350408161,0.941790798571896,0.547465094896026,1.62013965190446,25
