"id.exposure","id.outcome","outcome","exposure","method","nsnp","b","se","pval","lo_ci","up_ci","or","or_lci95","or_uci95","n_snps"
"eqtl-a-ENSG00000106546","ebi-a-GCST90091033","ebi-a-GCST90091033","eqtl-a-ENSG00000106546","Inverse variance weighted (fixed effects)",58,0.024430902601492,0.0147844214777451,0.0984375408343162,-0.00454656349488842,0.0534083686978724,1.02473178236055,0.995463756478856,1.05486032911348,58
"eqtl-a-ENSG00000106546","ebi-a-GCST90091033","ebi-a-GCST90091033","eqtl-a-ENSG00000106546","MR Egger",58,0.0668164073463919,0.028906430196664,0.0245104743283963,0.0101598041609306,0.123473010531853,1.06909918140015,1.01021159020132,1.13141946772031,58
"eqtl-a-ENSG00000106546","ebi-a-GCST90091033","ebi-a-GCST90091033","eqtl-a-ENSG00000106546","Weighted median",58,0.0220845863978392,0.0215642518344151,0.30577411347084,-0.0201813471976145,0.0643505199932929,1.02233025604699,0.980020933141073,1.06646615096195,58
"eqtl-a-ENSG00000106546","ebi-a-GCST90091033","ebi-a-GCST90091033","eqtl-a-ENSG00000106546","Weighted mode",58,0.0346621512699551,0.0652349021668876,0.597245284923074,-0.0931982569771446,0.162522559517055,1.03526988509327,0.911012867733603,1.17647485885396,58
"eqtl-a-ENSG00000106546","ebi-a-GCST90091033","ebi-a-GCST90091033","eqtl-a-ENSG00000106546","Simple mode",58,0.0444008552514155,0.0431375012517645,0.307692954735001,-0.0401486472020429,0.128950357704874,1.04540132552072,0.960646631104712,1.13763364801864,58
