"id.exposure","id.outcome","outcome","exposure","method","nsnp","b","se","pval","lo_ci","up_ci","or","or_lci95","or_uci95","n_snps"
"eqtl-a-ENSG00000172531","ebi-a-GCST90091033","ebi-a-GCST90091033","eqtl-a-ENSG00000172531","Inverse variance weighted (fixed effects)",15,0.0477215827667182,0.0641471735838368,0.456913392965507,-0.0780068774576019,0.173450042991038,1.04887858879344,0.924958065161787,1.18940126635567,15
"eqtl-a-ENSG00000172531","ebi-a-GCST90091033","ebi-a-GCST90091033","eqtl-a-ENSG00000172531","MR Egger",15,-0.0391560673992743,0.144448907952816,0.790592073365211,-0.322275926986793,0.243963792188245,0.961600622926528,0.724498254127076,1.27629811769084,15
"eqtl-a-ENSG00000172531","ebi-a-GCST90091033","ebi-a-GCST90091033","eqtl-a-ENSG00000172531","Weighted median",15,0.0494461514438776,0.081411643102944,0.543612224447057,-0.110120669037893,0.209012971925648,1.05068901260521,0.895726042375176,1.23246098581883,15
"eqtl-a-ENSG00000172531","ebi-a-GCST90091033","ebi-a-GCST90091033","eqtl-a-ENSG00000172531","Weighted mode",15,0.0499172601227532,0.148333785591628,0.741469944511289,-0.240816959636837,0.340651479882344,1.0511841179329,0.785985480290162,1.40586318386752,15
"eqtl-a-ENSG00000172531","ebi-a-GCST90091033","ebi-a-GCST90091033","eqtl-a-ENSG00000172531","Simple mode",15,0.0499172601227532,0.144979709327476,0.735733838693011,-0.234242970159099,0.334077490404606,1.0511841179329,0.791169561946203,1.39665136646081,15
