"id.exposure","id.outcome","outcome","exposure","method","nsnp","b","se","pval","lo_ci","up_ci","or","or_lci95","or_uci95","n_snps"
"eqtl-a-ENSG00000100300","ebi-a-GCST90091033","ebi-a-GCST90091033","eqtl-a-ENSG00000100300","Inverse variance weighted (fixed effects)",49,-0.0830854957126128,0.0199746713908058,3.1888560367685e-05,-0.122235851638592,-0.0439351397866335,0.920272464506504,0.884939629426213,0.957016027723833,53
"eqtl-a-ENSG00000100300","ebi-a-GCST90091033","ebi-a-GCST90091033","eqtl-a-ENSG00000100300","MR Egger",49,-0.0482541832653903,0.0367831536363975,0.195940662519544,-0.120349164392729,0.0238407978619489,0.952891547207116,0.886610809739975,1.02412726166182,53
"eqtl-a-ENSG00000100300","ebi-a-GCST90091033","ebi-a-GCST90091033","eqtl-a-ENSG00000100300","Weighted median",49,-0.0583135548507591,0.0302566590441794,0.0539426822401778,-0.117616606577351,0.000989496875832614,0.943354107801761,0.889036838159218,1.00098998658938,53
"eqtl-a-ENSG00000100300","ebi-a-GCST90091033","ebi-a-GCST90091033","eqtl-a-ENSG00000100300","Weighted mode",49,-0.0583898330814799,0.118661792316615,0.624913356103867,-0.290966946022045,0.174187279859085,0.943282153163796,0.747540386793192,1.19027846013019,53
"eqtl-a-ENSG00000100300","ebi-a-GCST90091033","ebi-a-GCST90091033","eqtl-a-ENSG00000100300","Simple mode",49,-0.17532136039458,0.0619377087002292,0.0067661484822389,-0.296719269447029,-0.0539234513421305,0.839187295871551,0.743252636800669,0.947504633933877,53
