"id.exposure","id.outcome","outcome","exposure","method","nsnp","b","se","pval","lo_ci","up_ci","or","or_lci95","or_uci95","n_snps"
"eqtl-a-ENSG00000121769","ebi-a-GCST90091033","ebi-a-GCST90091033","eqtl-a-ENSG00000121769","Inverse variance weighted (fixed effects)",18,0.0532234270600211,0.0430032277759188,0.215841706695995,-0.0310628993807798,0.137509753500822,1.0546652595553,0.969414595580542,1.14741289721013,18
"eqtl-a-ENSG00000121769","ebi-a-GCST90091033","ebi-a-GCST90091033","eqtl-a-ENSG00000121769","MR Egger",18,-0.377143526551214,0.210976823345601,0.0927939832815434,-0.790658100308593,0.036371047206165,0.685817633792065,0.453546218140158,1.03704056611668,18
"eqtl-a-ENSG00000121769","ebi-a-GCST90091033","ebi-a-GCST90091033","eqtl-a-ENSG00000121769","Weighted median",18,-0.00880864180907741,0.055862941086648,0.874706516950004,-0.118300006338908,0.100682722720753,0.991230040612991,0.888429478154484,1.10592570099614,18
"eqtl-a-ENSG00000121769","ebi-a-GCST90091033","ebi-a-GCST90091033","eqtl-a-ENSG00000121769","Weighted mode",18,-0.0123185821170634,0.0892005586484649,0.891784118276034,-0.187151677068055,0.162514512833928,0.987756981020467,0.829317938331934,1.17646539217165,18
"eqtl-a-ENSG00000121769","ebi-a-GCST90091033","ebi-a-GCST90091033","eqtl-a-ENSG00000121769","Simple mode",18,-0.011401805133983,0.0874789774094366,0.897829162054154,-0.182860600856479,0.160056990588513,0.988662949107434,0.832884250996354,1.17357775197275,18
