"id.exposure","id.outcome","outcome","exposure","method","nsnp","b","se","pval","lo_ci","up_ci","or","or_lci95","or_uci95","n_snps"
"eqtl-a-ENSG00000066322","ebi-a-GCST90091033","ebi-a-GCST90091033","eqtl-a-ENSG00000066322","Inverse variance weighted (fixed effects)",36,-0.0357201593772487,0.0339304705816302,0.292457525435342,-0.102223881717244,0.0307835629627465,0.96491027679797,0.902827402491724,1.03126227637831,37
"eqtl-a-ENSG00000066322","ebi-a-GCST90091033","ebi-a-GCST90091033","eqtl-a-ENSG00000066322","MR Egger",36,-0.286668230288607,0.129252883024396,0.0333470937353561,-0.540003881016423,-0.0333325795607903,0.750760767206151,0.58274599072284,0.96721682954322,37
"eqtl-a-ENSG00000066322","ebi-a-GCST90091033","ebi-a-GCST90091033","eqtl-a-ENSG00000066322","Weighted median",36,-0.0672352802603315,0.045941609841469,0.143332195253834,-0.157280835549611,0.0228102750289478,0.934975194249023,0.854464061235076,1.02307241874799,37
"eqtl-a-ENSG00000066322","ebi-a-GCST90091033","ebi-a-GCST90091033","eqtl-a-ENSG00000066322","Weighted mode",36,-0.0752545130795675,0.101906432056774,0.465154185619442,-0.274991119910844,0.124482093751709,0.927507393522427,0.759578868323092,1.13256174034695,37
"eqtl-a-ENSG00000066322","ebi-a-GCST90091033","ebi-a-GCST90091033","eqtl-a-ENSG00000066322","Simple mode",36,0.0185087481312137,0.0854828139484622,0.829839443493087,-0.149037567207772,0.1860550634702,1.01868109668649,0.861536748760965,1.2044885818728,37
