"id.exposure","id.outcome","outcome","exposure","method","nsnp","b","se","pval","lo_ci","up_ci","or","or_lci95","or_uci95","n_snps"
"eqtl-a-ENSG00000134824","ebi-a-GCST90091033","ebi-a-GCST90091033","eqtl-a-ENSG00000134824","Inverse variance weighted (fixed effects)",82,0.0261789354340088,0.00611555150351758,1.86293484173999e-05,0.0141924544871143,0.0381654163809032,1.02652461366811,1.01429364551895,1.03890307025174,82
"eqtl-a-ENSG00000134824","ebi-a-GCST90091033","ebi-a-GCST90091033","eqtl-a-ENSG00000134824","MR Egger",82,0.00164836512709459,0.00914401237100993,0.857398699056821,-0.0162738991200849,0.0195706293742741,1.00164972442766,0.983857805359874,1.01976338956728,82
"eqtl-a-ENSG00000134824","ebi-a-GCST90091033","ebi-a-GCST90091033","eqtl-a-ENSG00000134824","Weighted median",82,0.0187264921274785,0.00818380111178408,0.0221236119807563,0.00268624194838165,0.0347667423065753,1.01890293253024,1.00268985312906,1.03537817070649,82
"eqtl-a-ENSG00000134824","ebi-a-GCST90091033","ebi-a-GCST90091033","eqtl-a-ENSG00000134824","Weighted mode",82,0.0173749843413851,0.0396239445080371,0.662193301400795,-0.0602879468943676,0.0950379155771377,1.01752680741502,0.941493394450287,1.09970055011669,82
"eqtl-a-ENSG00000134824","ebi-a-GCST90091033","ebi-a-GCST90091033","eqtl-a-ENSG00000134824","Simple mode",82,0.0173749843413851,0.0153729961357945,0.261716015109021,-0.0127560880847721,0.0475060567675423,1.01752680741502,0.987324925966848,1.04865255254679,82
