"id.exposure","id.outcome","outcome","exposure","method","nsnp","b","se","pval","lo_ci","up_ci","or","or_lci95","or_uci95","n_snps"
"eqtl-a-ENSG00000073756","ebi-a-GCST90091033","ebi-a-GCST90091033","eqtl-a-ENSG00000073756","Inverse variance weighted (fixed effects)",58,0.0696944970614164,0.0130521926053265,9.31121503723864e-08,0.0441121995549765,0.0952767945678564,1.07218057689778,1.04509960802137,1.09996327685289,59
"eqtl-a-ENSG00000073756","ebi-a-GCST90091033","ebi-a-GCST90091033","eqtl-a-ENSG00000073756","MR Egger",58,0.0905254294662589,0.0202174356955183,3.7598678278482e-05,0.050899255503043,0.130151603429475,1.09474934617925,1.05221688288276,1.13900104670097,59
"eqtl-a-ENSG00000073756","ebi-a-GCST90091033","ebi-a-GCST90091033","eqtl-a-ENSG00000073756","Weighted median",58,0.0892743400172773,0.0179974755886646,7.03549688446431e-07,0.0539992878634946,0.12454939217106,1.0933805732302,1.05548385050623,1.13263796252668,59
"eqtl-a-ENSG00000073756","ebi-a-GCST90091033","ebi-a-GCST90091033","eqtl-a-ENSG00000073756","Weighted mode",58,0.0897493325471306,0.0418387881948284,0.0362172820412809,0.00774530768526688,0.171753357408994,1.09390004419741,1.00777538017092,1.18738493739762,59
"eqtl-a-ENSG00000073756","ebi-a-GCST90091033","ebi-a-GCST90091033","eqtl-a-ENSG00000073756","Simple mode",58,0.0999211191494752,0.0262314463220405,0.000343644737508394,0.0485074843582759,0.151334753940675,1.10508374469186,1.04970322814597,1.1633860409662,59
