"id.exposure","id.outcome","outcome","exposure","method","nsnp","b","se","pval","lo_ci","up_ci","or","or_lci95","or_uci95","n_snps","pqtl_file"
"A1BG","ebi-a-GCST90091033","ebi-a-GCST90091033","A1BG","Inverse variance weighted (fixed effects)",11,0.0508829106397288,0.0576173956393254,0.37717297509828,-0.062047184813349,0.163813006092807,1.05219968468218,0.93983853963877,1.17799401679229,11,"A1BG_P04217_OID30771_v1_Inflammation_II_expo_rt.txt"
"A1BG","ebi-a-GCST90091033","ebi-a-GCST90091033","A1BG","MR Egger",11,-0.0946497738290304,0.114835599329175,0.431115139535284,-0.319727548514214,0.130428000856153,0.909691476446666,0.726346904411145,1.13931590717057,11,"A1BG_P04217_OID30771_v1_Inflammation_II_expo_rt.txt"
"A1BG","ebi-a-GCST90091033","ebi-a-GCST90091033","A1BG","Weighted median",11,0.0742504885826416,0.0790712095068874,0.347713713892907,-0.0807290820508577,0.229230059216141,1.0770765670914,0.922443564114173,1.25763133541013,11,"A1BG_P04217_OID30771_v1_Inflammation_II_expo_rt.txt"
"A1BG","ebi-a-GCST90091033","ebi-a-GCST90091033","A1BG","Weighted mode",11,0.0771767386751139,0.333051452740308,0.821423675917825,-0.575604108695889,0.729957586046117,1.08023297846764,0.562365036560633,2.07499259716738,11,"A1BG_P04217_OID30771_v1_Inflammation_II_expo_rt.txt"
"A1BG","ebi-a-GCST90091033","ebi-a-GCST90091033","A1BG","Simple mode",11,0.0739638450537586,0.131436350395984,0.586009080253822,-0.18365140172237,0.331579091829887,1.07676787430784,0.832225865769594,1.39316632999534,11,"A1BG_P04217_OID30771_v1_Inflammation_II_expo_rt.txt"
