"id.exposure","id.outcome","outcome","exposure","method","nsnp","b","se","pval","lo_ci","up_ci","or","or_lci95","or_uci95","n_snps"
"eqtl-a-ENSG00000134824","ebi-a-GCST90091033","ebi-a-GCST90091033","eqtl-a-ENSG00000134824","Inverse variance weighted (fixed effects)",4,0.0142016317505609,0.0171249762318631,0.40693833902021,-0.0193633216638907,0.0477665851650126,1.01430295400167,0.980822943275627,1.04892579190757,4
"eqtl-a-ENSG00000134824","ebi-a-GCST90091033","ebi-a-GCST90091033","eqtl-a-ENSG00000134824","MR Egger",4,0.0286558702505211,0.0298705670004268,0.43862290100244,-0.0298904410703155,0.0872021815713577,1.02907039979529,0.9705518603469,1.09111726122118,4
"eqtl-a-ENSG00000134824","ebi-a-GCST90091033","ebi-a-GCST90091033","eqtl-a-ENSG00000134824","Weighted median",4,0.0157738991775969,0.0169543741002027,0.352177770769133,-0.0174566740588004,0.0490044724139942,1.01589896384575,0.982694810920355,1.05022504777073,4
"eqtl-a-ENSG00000134824","ebi-a-GCST90091033","ebi-a-GCST90091033","eqtl-a-ENSG00000134824","Weighted mode",4,0.0174969422524839,0.173668384409283,0.926105324532648,-0.322893091189712,0.357886975694679,1.01765091042646,0.72405125768884,1.43030395223325,4
"eqtl-a-ENSG00000134824","ebi-a-GCST90091033","ebi-a-GCST90091033","eqtl-a-ENSG00000134824","Simple mode",4,-0.0115666144291489,0.17135226704632,0.950429131880143,-0.347417057839937,0.324283828981639,0.98850002168998,0.706510611015631,1.38303979819416,4
