"","p.value","HR (95% CI for HR)"
"NGFR","0.00974","1.13 (1.03-1.24)"
"NPY","0.00809","1.09 (1.02-1.17)"
"FGF23","0.000578","3.21 (1.65-6.24)"
"MYL2","0.000791","1.83 (1.28-2.59)"
