lambda.min,lambda.1se
0.0267485799787695,0.0983914353996952
