gene,coefficient
NGFR,0.066089791157058
NPY,0.0458902671293389
FGF23,0.643583836309471
MYL2,0.345998561109616
