"id.exposure","id.outcome","outcome","exposure","method","nsnp","b","se","pval","lo_ci","up_ci","or","or_lci95","or_uci95","n_snps"
"eqtl-a-ENSG00000066322","ebi-a-GCST90091033","ebi-a-GCST90091033","eqtl-a-ENSG00000066322","Inverse variance weighted (fixed effects)",36,-0.0357201593772487,0.0339304705816302,0.292457525435342,-0.102223881717244,0.0307835629627465,0.96491027679797,0.902827402491724,1.03126227637831,37
"eqtl-a-ENSG00000066322","ebi-a-GCST90091033","ebi-a-GCST90091033","eqtl-a-ENSG00000066322","MR Egger",36,-0.286668230288607,0.129252883024396,0.0333470937353561,-0.540003881016423,-0.0333325795607903,0.750760767206151,0.58274599072284,0.96721682954322,37
"eqtl-a-ENSG00000066322","ebi-a-GCST90091033","ebi-a-GCST90091033","eqtl-a-ENSG00000066322","Weighted median",36,-0.0672352802603315,0.0445982928830774,0.13166328424938,-0.154647934311163,0.0201773737905002,0.934975194249023,0.856716744965671,1.02038231305497,37
"eqtl-a-ENSG00000066322","ebi-a-GCST90091033","ebi-a-GCST90091033","eqtl-a-ENSG00000066322","Weighted mode",36,-0.0752545130795675,0.0982973590835718,0.449058353391548,-0.267917336883368,0.117408310724233,0.927507393522427,0.764971013377438,1.12457851342703,37
"eqtl-a-ENSG00000066322","ebi-a-GCST90091033","ebi-a-GCST90091033","eqtl-a-ENSG00000066322","Simple mode",36,0.0185087481312137,0.0866225323106198,0.832043264669284,-0.151271415197601,0.188288911460028,1.01868109668649,0.859614354594162,1.20718223375448,37
