"id.exposure","id.outcome","outcome","exposure","method","nsnp","b","se","pval","lo_ci","up_ci","or","or_lci95","or_uci95","n_snps"
"eqtl-a-ENSG00000134824","ebi-a-GCST90091033","ebi-a-GCST90091033","eqtl-a-ENSG00000134824","Inverse variance weighted (fixed effects)",82,0.0261789354340088,0.00611555150351758,1.86293484173999e-05,0.0141924544871143,0.0381654163809032,1.02652461366811,1.01429364551895,1.03890307025174,82
"eqtl-a-ENSG00000134824","ebi-a-GCST90091033","ebi-a-GCST90091033","eqtl-a-ENSG00000134824","MR Egger",82,0.00164836512709459,0.00914401237100993,0.857398699056821,-0.0162738991200849,0.0195706293742741,1.00164972442766,0.983857805359874,1.01976338956728,82
"eqtl-a-ENSG00000134824","ebi-a-GCST90091033","ebi-a-GCST90091033","eqtl-a-ENSG00000134824","Weighted median",82,0.0187264921274785,0.00825416550109722,0.0232846083155911,0.0025483277453279,0.034904656509629,1.01890293253024,1.00255157749236,1.03552097390883,82
"eqtl-a-ENSG00000134824","ebi-a-GCST90091033","ebi-a-GCST90091033","eqtl-a-ENSG00000134824","Weighted mode",82,0.0173749843413851,0.0422215631630748,0.68177872217752,-0.0653792794582415,0.100129248141012,1.01752680741502,0.936712120328977,1.10531376859369,82
"eqtl-a-ENSG00000134824","ebi-a-GCST90091033","ebi-a-GCST90091033","eqtl-a-ENSG00000134824","Simple mode",82,0.0173749843413851,0.0156525040467142,0.270264180454751,-0.0133039235901748,0.048053892272945,1.01752680741502,0.986784182449807,1.04922719903941,82
