"id.exposure","id.outcome","outcome","exposure","method","nsnp","b","se","pval","lo_ci","up_ci","or","or_lci95","or_uci95","n_snps"
"eqtl-a-ENSG00000073756","ebi-a-GCST90091033","ebi-a-GCST90091033","eqtl-a-ENSG00000073756","Inverse variance weighted (fixed effects)",58,0.0696944970614164,0.0130521926053265,9.31121503723864e-08,0.0441121995549765,0.0952767945678564,1.07218057689778,1.04509960802137,1.09996327685289,59
"eqtl-a-ENSG00000073756","ebi-a-GCST90091033","ebi-a-GCST90091033","eqtl-a-ENSG00000073756","MR Egger",58,0.0905254294662589,0.0202174356955183,3.7598678278482e-05,0.050899255503043,0.130151603429475,1.09474934617925,1.05221688288276,1.13900104670097,59
"eqtl-a-ENSG00000073756","ebi-a-GCST90091033","ebi-a-GCST90091033","eqtl-a-ENSG00000073756","Weighted median",58,0.0892743400172773,0.0183530539940579,1.14875890570259e-06,0.0533023541889238,0.125246325845631,1.0933805732302,1.05474850454129,1.13342761119827,59
"eqtl-a-ENSG00000073756","ebi-a-GCST90091033","ebi-a-GCST90091033","eqtl-a-ENSG00000073756","Weighted mode",58,0.0897493325471306,0.0436475634442929,0.0443495991516837,0.00420010819631643,0.175298556897945,1.09390004419741,1.00420894101268,1.19160192448436,59
"eqtl-a-ENSG00000073756","ebi-a-GCST90091033","ebi-a-GCST90091033","eqtl-a-ENSG00000073756","Simple mode",58,0.0999211191494752,0.0265419307630047,0.000396472433087727,0.047898934853986,0.151943303444964,1.10508374469186,1.04906462609702,1.16409423442826,59
