"id.exposure","id.outcome","outcome","exposure","method","nsnp","b","se","pval","lo_ci","up_ci","or","or_lci95","or_uci95"
"ukb-d-20480","finn-b-TRAUMBRAIN_NONCONCUS","finn-b-TRAUMBRAIN_NONCONCUS","Ever self-harmed || id:ukb-d-20480","Inverse variance weighted (fixed effects)",27,1.39088712977836,1.12449680083012,0.216125188471891,-0.813126599848678,3.5949008594054,4.01841332634113,0.443469345179209,36.412089892686
"ukb-d-20480","finn-b-TRAUMBRAIN_NONCONCUS","finn-b-TRAUMBRAIN_NONCONCUS","Ever self-harmed || id:ukb-d-20480","MR Egger",27,-0.155935290718585,1.99967317429296,0.938464443388488,-4.07529471233278,3.76342413089561,0.855614554782712,0.0169872075996025,43.0957390768067
"ukb-d-20480","finn-b-TRAUMBRAIN_NONCONCUS","finn-b-TRAUMBRAIN_NONCONCUS","Ever self-harmed || id:ukb-d-20480","Weighted median",27,0.338909308706709,1.52297012804382,0.823899908314135,-2.64611214225917,3.32393075967259,1.40341606182339,0.0709264295806969,27.7692907175454
"ukb-d-20480","finn-b-TRAUMBRAIN_NONCONCUS","finn-b-TRAUMBRAIN_NONCONCUS","Ever self-harmed || id:ukb-d-20480","Weighted mode",27,-0.180837609341594,2.75628466306304,0.948190855242067,-5.58315554894516,5.22148033026197,0.834570874206014,0.003760679766548,185.208150470182
"ukb-d-20480","finn-b-TRAUMBRAIN_NONCONCUS","finn-b-TRAUMBRAIN_NONCONCUS","Ever self-harmed || id:ukb-d-20480","Simple mode",27,-0.0437326668533267,2.42184856851397,0.985730799221399,-4.79055586114071,4.70309052743406,0.957209817184086,0.00830783809384097,110.287492818722
