"id.exposure","id.outcome","outcome","exposure","method","nsnp","b","se","pval","lo_ci","up_ci","or","or_lci95","or_uci95"
"ukb-e-20513_AFR","finn-b-TRAUMBRAIN_NONCONCUS","finn-b-TRAUMBRAIN_NONCONCUS","Recent thoughts of suicide or self-harm || id:ukb-e-20513_AFR","Inverse variance weighted (fixed effects)",11,0.00138437373286339,0.0344524333972067,0.967947887864967,-0.0661423957256617,0.0689111431913885,1.00138533242052,0.935997572748182,1.07134100897582
"ukb-e-20513_AFR","finn-b-TRAUMBRAIN_NONCONCUS","finn-b-TRAUMBRAIN_NONCONCUS","Recent thoughts of suicide or self-harm || id:ukb-e-20513_AFR","MR Egger",11,0.0276715134000039,0.0927093008851404,0.772116217224283,-0.154038716334871,0.209381743134879,1.02805792569724,0.857238831223314,1.23291556575975
"ukb-e-20513_AFR","finn-b-TRAUMBRAIN_NONCONCUS","finn-b-TRAUMBRAIN_NONCONCUS","Recent thoughts of suicide or self-harm || id:ukb-e-20513_AFR","Weighted median",11,0.0246512252970451,0.0471001775538579,0.600710808753794,-0.0676651227085164,0.116967573302607,1.02495757890219,0.934573388585286,1.12408297880095
"ukb-e-20513_AFR","finn-b-TRAUMBRAIN_NONCONCUS","finn-b-TRAUMBRAIN_NONCONCUS","Recent thoughts of suicide or self-harm || id:ukb-e-20513_AFR","Weighted mode",11,0.0305234769416305,0.0917644778561886,0.746282604304376,-0.149334899656499,0.21038185353976,1.03099409435283,0.861280624008775,1.23414923424492
"ukb-e-20513_AFR","finn-b-TRAUMBRAIN_NONCONCUS","finn-b-TRAUMBRAIN_NONCONCUS","Recent thoughts of suicide or self-harm || id:ukb-e-20513_AFR","Simple mode",11,0.03554606958965,0.0714357117374615,0.629528434327689,-0.104467925415774,0.175560064595074,1.0361853836639,0.900803689847345,1.19191357830768
