"id.exposure","id.outcome","outcome","exposure","method","nsnp","b","se","pval","lo_ci","up_ci","or","or_lci95","or_uci95"
"ukb-e-20513_CSA","finn-b-TRAUMBRAIN_NONCONCUS","finn-b-TRAUMBRAIN_NONCONCUS","Recent thoughts of suicide or self-harm || id:ukb-e-20513_CSA","Inverse variance weighted (fixed effects)",8,-0.0133531234044516,0.0467498158429832,0.775161957713389,-0.104982762456699,0.0782765156477954,0.986735634045596,0.900340042102968,1.08142164733801
"ukb-e-20513_CSA","finn-b-TRAUMBRAIN_NONCONCUS","finn-b-TRAUMBRAIN_NONCONCUS","Recent thoughts of suicide or self-harm || id:ukb-e-20513_CSA","MR Egger",8,-0.20927379893149,0.149681696728435,0.211575532473108,-0.502649924519223,0.0841023266562434,0.811173106905569,0.604925526925448,1.0877401929311
"ukb-e-20513_CSA","finn-b-TRAUMBRAIN_NONCONCUS","finn-b-TRAUMBRAIN_NONCONCUS","Recent thoughts of suicide or self-harm || id:ukb-e-20513_CSA","Weighted median",8,-0.0280097728162285,0.0589145639177803,0.634480253354346,-0.143482318095078,0.0874627724626207,0.972378863874871,0.866336118524694,1.09140163349155
"ukb-e-20513_CSA","finn-b-TRAUMBRAIN_NONCONCUS","finn-b-TRAUMBRAIN_NONCONCUS","Recent thoughts of suicide or self-harm || id:ukb-e-20513_CSA","Weighted mode",8,-0.0508341896906859,0.148981418689345,0.742957219980046,-0.342837770321802,0.24116939094043,0.950436249596478,0.709753345277707,1.27273660710056
"ukb-e-20513_CSA","finn-b-TRAUMBRAIN_NONCONCUS","finn-b-TRAUMBRAIN_NONCONCUS","Recent thoughts of suicide or self-harm || id:ukb-e-20513_CSA","Simple mode",8,-0.0152897494791754,0.141009030006285,0.916696492003052,-0.291667448291495,0.261087949333144,0.984826545280058,0.747016916423235,1.29834184871223
