"id.exposure","id.outcome","outcome","exposure","method","nsnp","b","se","pval","lo_ci","up_ci","or","or_lci95","or_uci95"
"ukb-e-20485_CSA","finn-b-TRAUMBRAIN_NONCONCUS","finn-b-TRAUMBRAIN_NONCONCUS","Ever contemplated self-harm || id:ukb-e-20485_CSA","Inverse variance weighted (fixed effects)",3,0.00239394369895118,0.0851917087962576,0.977581863416556,-0.164581805541714,0.169369692939616,1.00239681147014,0.848248362689143,1.18455798070751
"ukb-e-20485_CSA","finn-b-TRAUMBRAIN_NONCONCUS","finn-b-TRAUMBRAIN_NONCONCUS","Ever contemplated self-harm || id:ukb-e-20485_CSA","MR Egger",3,-0.0952972836509739,0.698453550219074,0.913672399273704,-1.46426624208036,1.27367167477841,0.909102632942279,0.231247609005124,3.57395088657661
"ukb-e-20485_CSA","finn-b-TRAUMBRAIN_NONCONCUS","finn-b-TRAUMBRAIN_NONCONCUS","Ever contemplated self-harm || id:ukb-e-20485_CSA","Weighted median",3,0.0112218695209691,0.0985417203079781,0.909333415548591,-0.181919902282668,0.204363641324606,1.01128507089,0.833668112654384,1.2267441672307
"ukb-e-20485_CSA","finn-b-TRAUMBRAIN_NONCONCUS","finn-b-TRAUMBRAIN_NONCONCUS","Ever contemplated self-harm || id:ukb-e-20485_CSA","Weighted mode",3,0.050732259597047,0.156892411422076,0.777104326943861,-0.256776866790222,0.358241385984316,1.0520411816422,0.773540797151153,1.43081095650969
"ukb-e-20485_CSA","finn-b-TRAUMBRAIN_NONCONCUS","finn-b-TRAUMBRAIN_NONCONCUS","Ever contemplated self-harm || id:ukb-e-20485_CSA","Simple mode",3,-0.0216390594141072,0.129302150028628,0.882483751940756,-0.275071273470219,0.231793154642005,0.978593385384103,0.759517987813097,1.26085889904319
