"id.exposure","id.outcome","outcome","exposure","method","nsnp","b","se","pval","lo_ci","up_ci","or","or_lci95","or_uci95"
"ukb-e-20513_CSA","finn-b-TRAUMBRAIN_NONCONCUS","finn-b-TRAUMBRAIN_NONCONCUS","Recent thoughts of suicide or self-harm || id:ukb-e-20513_CSA","Inverse variance weighted (fixed effects)",8,-0.0133531234044516,0.0467498158429832,0.775161957713389,-0.104982762456699,0.0782765156477954,0.986735634045596,0.900340042102968,1.08142164733801
"ukb-e-20513_CSA","finn-b-TRAUMBRAIN_NONCONCUS","finn-b-TRAUMBRAIN_NONCONCUS","Recent thoughts of suicide or self-harm || id:ukb-e-20513_CSA","MR Egger",8,-0.20927379893149,0.149681696728435,0.211575532473108,-0.502649924519223,0.0841023266562434,0.811173106905569,0.604925526925448,1.0877401929311
"ukb-e-20513_CSA","finn-b-TRAUMBRAIN_NONCONCUS","finn-b-TRAUMBRAIN_NONCONCUS","Recent thoughts of suicide or self-harm || id:ukb-e-20513_CSA","Weighted median",8,-0.0280097728162285,0.0622234254406892,0.652603469739514,-0.149967686679979,0.0939481410475222,0.972378863874871,0.860735789206704,1.0985027772367
"ukb-e-20513_CSA","finn-b-TRAUMBRAIN_NONCONCUS","finn-b-TRAUMBRAIN_NONCONCUS","Recent thoughts of suicide or self-harm || id:ukb-e-20513_CSA","Weighted mode",8,-0.0508341896906859,0.150724156466687,0.745803162036412,-0.346253536365393,0.244585156984021,0.950436249596478,0.707333129699824,1.27709141084678
"ukb-e-20513_CSA","finn-b-TRAUMBRAIN_NONCONCUS","finn-b-TRAUMBRAIN_NONCONCUS","Recent thoughts of suicide or self-harm || id:ukb-e-20513_CSA","Simple mode",8,-0.0152897494791754,0.133308995488814,0.91190819657274,-0.276575380637251,0.2459958816789,0.984826545280058,0.758376450076895,1.27889430663349
