"id.exposure","id.outcome","outcome","exposure","method","nsnp","b","se","pval","lo_ci","up_ci","or","or_lci95","or_uci95"
"ukb-e-20485_CSA","finn-b-TRAUMBRAIN_NONCONCUS","finn-b-TRAUMBRAIN_NONCONCUS","Ever contemplated self-harm || id:ukb-e-20485_CSA","Inverse variance weighted (fixed effects)",3,0.00239394369895118,0.0851917087962576,0.977581863416556,-0.164581805541714,0.169369692939616,1.00239681147014,0.848248362689143,1.18455798070751
"ukb-e-20485_CSA","finn-b-TRAUMBRAIN_NONCONCUS","finn-b-TRAUMBRAIN_NONCONCUS","Ever contemplated self-harm || id:ukb-e-20485_CSA","MR Egger",3,-0.0952972836509739,0.698453550219074,0.913672399273704,-1.46426624208036,1.27367167477841,0.909102632942279,0.231247609005124,3.57395088657661
"ukb-e-20485_CSA","finn-b-TRAUMBRAIN_NONCONCUS","finn-b-TRAUMBRAIN_NONCONCUS","Ever contemplated self-harm || id:ukb-e-20485_CSA","Weighted median",3,0.0112218695209691,0.102637442898364,0.912936750669041,-0.189947518559824,0.212391257601763,1.01128507089,0.827002535088545,1.2366316319641
"ukb-e-20485_CSA","finn-b-TRAUMBRAIN_NONCONCUS","finn-b-TRAUMBRAIN_NONCONCUS","Ever contemplated self-harm || id:ukb-e-20485_CSA","Weighted mode",3,0.050732259597047,0.167775385963723,0.790909748158084,-0.27810749689185,0.379572016085944,1.0520411816422,0.757215418835161,1.46165888905657
"ukb-e-20485_CSA","finn-b-TRAUMBRAIN_NONCONCUS","finn-b-TRAUMBRAIN_NONCONCUS","Ever contemplated self-harm || id:ukb-e-20485_CSA","Simple mode",3,-0.0216390594141072,0.124648681844964,0.87816052869475,-0.265950475830236,0.222672357002021,0.978593385384103,0.7664770857024,1.24941114585302
