"id.exposure","id.outcome","outcome","exposure","method","nsnp","b","se","pval","lo_ci","up_ci","or","or_lci95","or_uci95"
"ukb-e-20513_AFR","finn-b-TRAUMBRAIN_NONCONCUS","finn-b-TRAUMBRAIN_NONCONCUS","Recent thoughts of suicide or self-harm || id:ukb-e-20513_AFR","Inverse variance weighted (fixed effects)",11,0.00138437373286339,0.0344524333972067,0.967947887864967,-0.0661423957256617,0.0689111431913885,1.00138533242052,0.935997572748182,1.07134100897582
"ukb-e-20513_AFR","finn-b-TRAUMBRAIN_NONCONCUS","finn-b-TRAUMBRAIN_NONCONCUS","Recent thoughts of suicide or self-harm || id:ukb-e-20513_AFR","MR Egger",11,0.0276715134000039,0.0927093008851404,0.772116217224283,-0.154038716334871,0.209381743134879,1.02805792569724,0.857238831223314,1.23291556575975
"ukb-e-20513_AFR","finn-b-TRAUMBRAIN_NONCONCUS","finn-b-TRAUMBRAIN_NONCONCUS","Recent thoughts of suicide or self-harm || id:ukb-e-20513_AFR","Weighted median",11,0.0246512252970451,0.0479504976857674,0.607183908123652,-0.069331750167059,0.118634200761149,1.02495757890219,0.933017100150601,1.12595796837965
"ukb-e-20513_AFR","finn-b-TRAUMBRAIN_NONCONCUS","finn-b-TRAUMBRAIN_NONCONCUS","Recent thoughts of suicide or self-harm || id:ukb-e-20513_AFR","Weighted mode",11,0.0305234769416305,0.0922331862277363,0.747521187396845,-0.150253568064733,0.211300521947994,1.03099409435283,0.860489756037206,1.23528352909812
"ukb-e-20513_AFR","finn-b-TRAUMBRAIN_NONCONCUS","finn-b-TRAUMBRAIN_NONCONCUS","Recent thoughts of suicide or self-harm || id:ukb-e-20513_AFR","Simple mode",11,0.03554606958965,0.069427374413815,0.619774566264196,-0.100531584261427,0.171623723440727,1.0361853836639,0.904356548528036,1.18723102195287
