"id.exposure","id.outcome","outcome","exposure","method","nsnp","b","se","pval","lo_ci","up_ci","or","or_lci95","or_uci95","n_snps"
"eqtl-a-ENSG00000186480","ebi-a-GCST90091033","ebi-a-GCST90091033","eqtl-a-ENSG00000186480","Inverse variance weighted (fixed effects)",8,-0.00858398736746611,0.0564528988997441,0.879142971860649,-0.119231669210965,0.102063694476032,0.991452749859648,0.887602146852019,1.1074540081843,9
"eqtl-a-ENSG00000186480","ebi-a-GCST90091033","ebi-a-GCST90091033","eqtl-a-ENSG00000186480","MR Egger",8,0.125026147421708,0.164723033155693,0.476596868272629,-0.197830997563449,0.447883292406866,1.13317808236465,0.820508509358174,1.5649960380741,9
"eqtl-a-ENSG00000186480","ebi-a-GCST90091033","ebi-a-GCST90091033","eqtl-a-ENSG00000186480","Weighted median",8,0.0111496235522063,0.0718990068651064,0.876763451100611,-0.129772429903402,0.152071677007815,1.01121201225949,0.878295281921791,1.16424368294504,9
"eqtl-a-ENSG00000186480","ebi-a-GCST90091033","ebi-a-GCST90091033","eqtl-a-ENSG00000186480","Weighted mode",8,-0.00295416126983417,0.201528984420365,0.988713481698761,-0.39795097073375,0.392042648194081,0.99705019797088,0.671694959565701,1.48000082941896,9
"eqtl-a-ENSG00000186480","ebi-a-GCST90091033","ebi-a-GCST90091033","eqtl-a-ENSG00000186480","Simple mode",8,-0.0129711240955912,0.155757230374689,0.935962074570116,-0.318255295629982,0.292313047438799,0.987112638378942,0.727417058311401,1.33952228603128,9
