"id.exposure","id.outcome","outcome","exposure","method","nsnp","b","se","pval","lo_ci","up_ci","or","or_lci95","or_uci95","n_snps"
"eqtl-a-ENSG00000131791","ebi-a-GCST90091033","ebi-a-GCST90091033","eqtl-a-ENSG00000131791","Inverse variance weighted (fixed effects)",3,-0.0330730782191292,0.03611619715542,0.35980281740226,-0.103860824643752,0.0377146682054941,0.96746785617763,0.901350734501705,1.03843489211154,3
"eqtl-a-ENSG00000131791","ebi-a-GCST90091033","ebi-a-GCST90091033","eqtl-a-ENSG00000131791","MR Egger",3,-0.112186559451027,0.163303377926059,0.616795741696174,-0.432261180186103,0.207888061284048,0.893877480651866,0.649039838200336,1.23107535684104,3
"eqtl-a-ENSG00000131791","ebi-a-GCST90091033","ebi-a-GCST90091033","eqtl-a-ENSG00000131791","Weighted median",3,-0.0408200323719325,0.0391002262160514,0.296492534251299,-0.117456475755393,0.0358164110115283,0.960001883664238,0.889179211757759,1.0364655453618,3
"eqtl-a-ENSG00000131791","ebi-a-GCST90091033","ebi-a-GCST90091033","eqtl-a-ENSG00000131791","Weighted mode",3,-0.0460872520297189,0.0707168098741596,0.581470412759605,-0.184692199383072,0.092517695323634,0.954958636476269,0.831360137637384,1.09693255196508,3
"eqtl-a-ENSG00000131791","ebi-a-GCST90091033","ebi-a-GCST90091033","eqtl-a-ENSG00000131791","Simple mode",3,-0.0407145915533939,0.0489876022391204,0.493328660430038,-0.13673029194207,0.0553011088352821,0.960103112385376,0.872205435245843,1.05685879629065,3
