"id.exposure","id.outcome","outcome","exposure","method","nsnp","b","se","pval","lo_ci","up_ci","or","or_lci95","or_uci95","n_snps"
"eqtl-a-ENSG00000145675","ebi-a-GCST90091033","ebi-a-GCST90091033","eqtl-a-ENSG00000145675","Inverse variance weighted (fixed effects)",4,-0.0134412751499139,0.069429466134338,0.846492137719012,-0.149523028773216,0.122640478473388,0.98664865541086,0.861118607286244,1.13047791673194,4
"eqtl-a-ENSG00000145675","ebi-a-GCST90091033","ebi-a-GCST90091033","eqtl-a-ENSG00000145675","MR Egger",4,-0.0554147249110477,0.136831826037578,0.724698734413419,-0.3236051039447,0.212775654122605,0.946092698369625,0.723535907447845,1.23710708023546,4
"eqtl-a-ENSG00000145675","ebi-a-GCST90091033","ebi-a-GCST90091033","eqtl-a-ENSG00000145675","Weighted median",4,-0.0260924110738159,0.0774539400698223,0.736210012582886,-0.177902133610668,0.125717311463036,0.974245054417051,0.837024336030011,1.13396156503394,4
"eqtl-a-ENSG00000145675","ebi-a-GCST90091033","ebi-a-GCST90091033","eqtl-a-ENSG00000145675","Weighted mode",4,-0.0319462157259339,0.162933314164882,0.857085737722056,-0.351295511489102,0.287403080037234,0.968558673903491,0.703775749303597,1.33296139533362,4
"eqtl-a-ENSG00000145675","ebi-a-GCST90091033","ebi-a-GCST90091033","eqtl-a-ENSG00000145675","Simple mode",4,-0.0319462157259339,0.126690940543071,0.81720703797694,-0.280260459190352,0.216368027738484,0.968558673903491,0.755586916267922,1.24155922316295,4
