"id.exposure","id.outcome","outcome","exposure","method","nsnp","b","se","pval","lo_ci","up_ci","or","or_lci95","or_uci95","n_snps"
"eqtl-a-ENSG00000090661","ebi-a-GCST90091033","ebi-a-GCST90091033","eqtl-a-ENSG00000090661","Inverse variance weighted (fixed effects)",3,-0.00443324802912503,0.0361165931050274,0.902306467268924,-0.0752217705149788,0.0663552744567287,0.995576564309387,0.92753776299035,1.06860629825634,3
"eqtl-a-ENSG00000090661","ebi-a-GCST90091033","ebi-a-GCST90091033","eqtl-a-ENSG00000090661","MR Egger",3,0.0562166015956895,0.0788064687859614,0.605531496244113,-0.0982440772247949,0.210677280416174,1.05782678589356,0.906427638409643,1.23451388895997,3
"eqtl-a-ENSG00000090661","ebi-a-GCST90091033","ebi-a-GCST90091033","eqtl-a-ENSG00000090661","Weighted median",3,-0.00142984419041393,0.0373330663315086,0.969448752405246,-0.0746026542001708,0.0717429658193429,0.998571177549756,0.928112194553646,1.07437915640432,3
"eqtl-a-ENSG00000090661","ebi-a-GCST90091033","ebi-a-GCST90091033","eqtl-a-ENSG00000090661","Weighted mode",3,0.00242367988137193,0.104316167821113,0.983573311049399,-0.202036009048009,0.206883368810753,1.00242661936777,0.817065505661486,1.22983912581595,3
"eqtl-a-ENSG00000090661","ebi-a-GCST90091033","ebi-a-GCST90091033","eqtl-a-ENSG00000090661","Simple mode",3,-0.0453154778479851,0.0793358149393862,0.62550260518891,-0.200813675129182,0.110182719433212,0.955695933373283,0.818064843180606,1.1164820547906,3
