"id.exposure","id.outcome","outcome","exposure","method","nsnp","b","se","pval","lo_ci","up_ci","or","or_lci95","or_uci95","n_snps"
"eqtl-a-ENSG00000112304","ebi-a-GCST90091033","ebi-a-GCST90091033","eqtl-a-ENSG00000112304","Inverse variance weighted (fixed effects)",5,-0.00949834078783236,0.0433923059104294,0.826732164850123,-0.094547260372274,0.0755505787966093,0.990546625968551,0.90978473684464,1.07847777444659,5
"eqtl-a-ENSG00000112304","ebi-a-GCST90091033","ebi-a-GCST90091033","eqtl-a-ENSG00000112304","MR Egger",5,0.00812686214075448,0.0839338212116682,0.928971571520888,-0.156383427434115,0.172637151715624,1.00815997472457,0.855231208388584,1.18843480531037,5
"eqtl-a-ENSG00000112304","ebi-a-GCST90091033","ebi-a-GCST90091033","eqtl-a-ENSG00000112304","Weighted median",5,-0.0214396126998018,0.0490028727997679,0.661736112658356,-0.117485243387347,0.0746060179877432,0.978788582084482,0.889153632545383,1.07745956756247,5
"eqtl-a-ENSG00000112304","ebi-a-GCST90091033","ebi-a-GCST90091033","eqtl-a-ENSG00000112304","Weighted mode",5,-0.0232947389707521,0.138681553502958,0.874755422973216,-0.29511058383655,0.248521105895046,0.976974488878399,0.744449258858725,1.28212788254027,5
"eqtl-a-ENSG00000112304","ebi-a-GCST90091033","ebi-a-GCST90091033","eqtl-a-ENSG00000112304","Simple mode",5,-0.0100077724232114,0.118349181858866,0.936673252793186,-0.241972168866588,0.221956624020165,0.990042138692764,0.785078026859087,1.24851722103194,5
