"id.exposure","id.outcome","outcome","exposure","method","nsnp","b","se","pval","lo_ci","up_ci","or","or_lci95","or_uci95","n_snps"
"eqtl-a-ENSG00000069667","ebi-a-GCST90091033","ebi-a-GCST90091033","eqtl-a-ENSG00000069667","Inverse variance weighted (fixed effects)",3,-0.0229773310476329,0.0984681296789828,0.815491268030464,-0.215974865218439,0.170020203123174,0.977284637541072,0.805755554108805,1.18532879842218,3
"eqtl-a-ENSG00000069667","ebi-a-GCST90091033","ebi-a-GCST90091033","eqtl-a-ENSG00000069667","MR Egger",3,0.0323687902873543,0.208417509906445,0.901911844137467,-0.376129529129277,0.440867109703986,1.03289835795566,0.686513403799531,1.55405416990087,3
"eqtl-a-ENSG00000069667","ebi-a-GCST90091033","ebi-a-GCST90091033","eqtl-a-ENSG00000069667","Weighted median",3,-0.00362512305038656,0.105400190711257,0.972563051994699,-0.210209496844451,0.202959250743678,0.996381439775433,0.81041444891509,1.22502254847258,3
"eqtl-a-ENSG00000069667","ebi-a-GCST90091033","ebi-a-GCST90091033","eqtl-a-ENSG00000069667","Weighted mode",3,0.00400154175552409,0.198915394778298,0.985776711295844,-0.38587263200994,0.393875715520988,1.00400955861343,0.679857112199938,1.48271625860507,3
"eqtl-a-ENSG00000069667","ebi-a-GCST90091033","ebi-a-GCST90091033","eqtl-a-ENSG00000069667","Simple mode",3,0.0153400357597634,0.136754923079742,0.920930943451305,-0.252699613476531,0.283379684996057,1.01545829805042,0.776701157346002,1.3276091394056,3
