"id.exposure","id.outcome","outcome","exposure","method","nsnp","b","se","pval","lo_ci","up_ci","or","or_lci95","or_uci95","n_snps"
"eqtl-a-ENSG00000176170","ebi-a-GCST90091033","ebi-a-GCST90091033","eqtl-a-ENSG00000176170","Inverse variance weighted (fixed effects)",4,0.0058308846321023,0.0324053900162295,0.857203094172282,-0.0576836797997075,0.0693454490639121,1.00584791732904,0.94394849019224,1.07180639972115,4
"eqtl-a-ENSG00000176170","ebi-a-GCST90091033","ebi-a-GCST90091033","eqtl-a-ENSG00000176170","MR Egger",4,0.0664312128076801,0.0513370323258592,0.324939305515495,-0.0341893705510038,0.167051796166364,1.06868744953765,0.966388481789205,1.18181547723415,4
"eqtl-a-ENSG00000176170","ebi-a-GCST90091033","ebi-a-GCST90091033","eqtl-a-ENSG00000176170","Weighted median",4,0.017010632756932,0.0334541622918474,0.611119689053344,-0.0485595253350888,0.0825807908489529,1.01715613744171,0.952600633746213,1.08608641573819,4
"eqtl-a-ENSG00000176170","ebi-a-GCST90091033","ebi-a-GCST90091033","eqtl-a-ENSG00000176170","Weighted mode",4,0.0191562221731348,0.158717961171487,0.911563553412773,-0.29193098172298,0.33024342606925,1.01934087982677,0.746820078429708,1.39130676758287,4
"eqtl-a-ENSG00000176170","ebi-a-GCST90091033","ebi-a-GCST90091033","eqtl-a-ENSG00000176170","Simple mode",4,0.0080659829492743,0.132312634621518,0.955223817447308,-0.2512667809089,0.267398746807449,1.00809860062865,0.777814837727791,1.3065613296324,4
