"id.exposure","id.outcome","outcome","exposure","method","nsnp","b","se","pval","lo_ci","up_ci","or","or_lci95","or_uci95","n_snps"
"eqtl-a-ENSG00000100300","ebi-a-GCST90091033","ebi-a-GCST90091033","eqtl-a-ENSG00000100300","Inverse variance weighted (multiplicative random effects)",4,-0.0442060889439527,0.0847901733419669,0.602116962308765,-0.210394828694208,0.121982650806302,0.95675676016333,0.810264267223357,1.1297345016276,4
"eqtl-a-ENSG00000100300","ebi-a-GCST90091033","ebi-a-GCST90091033","eqtl-a-ENSG00000100300","MR Egger",4,0.0817367421001173,0.123381954832009,0.575798930209826,-0.16009188937062,0.323565373570855,1.08517009262294,0.85206548960726,1.38204650262983,4
"eqtl-a-ENSG00000100300","ebi-a-GCST90091033","ebi-a-GCST90091033","eqtl-a-ENSG00000100300","Weighted median",4,-0.0376192709100353,0.0465235965957622,0.418741669479687,-0.128805520237729,0.0535669784176586,0.963079543496792,0.879144924816965,1.05502765348398,4
"eqtl-a-ENSG00000100300","ebi-a-GCST90091033","ebi-a-GCST90091033","eqtl-a-ENSG00000100300","Weighted mode",4,-0.0386479175607217,0.349136323302376,0.918847725750207,-0.722955111233378,0.645659276111935,0.962089384299309,0.485315972134962,1.90724401529488,4
"eqtl-a-ENSG00000100300","ebi-a-GCST90091033","ebi-a-GCST90091033","eqtl-a-ENSG00000100300","Simple mode",4,-0.112555256072289,0.350217888394586,0.769007254813717,-0.798982317325678,0.5738718051811,0.893547971793062,0.449786471178094,1.77512670802265,4
