"id.exposure","id.outcome","outcome","exposure","method","nsnp","b","se","pval","lo_ci","up_ci","or","or_lci95","or_uci95","n_snps"
"eqtl-a-ENSG00000099194","ebi-a-GCST90091033","ebi-a-GCST90091033","eqtl-a-ENSG00000099194","Inverse variance weighted (fixed effects)",6,0.0255696014659446,0.0587432210102282,0.663361025935655,-0.0895671117141027,0.140706314645992,1.02589930788133,0.914326901019625,1.15108654108034,6
"eqtl-a-ENSG00000099194","ebi-a-GCST90091033","ebi-a-GCST90091033","eqtl-a-ENSG00000099194","MR Egger",6,0.181623884189684,0.221346852949252,0.457991811508189,-0.252215947590849,0.615463715970217,1.19916308485521,0.777076912061724,1.85051451376185,6
"eqtl-a-ENSG00000099194","ebi-a-GCST90091033","ebi-a-GCST90091033","eqtl-a-ENSG00000099194","Weighted median",6,0.0164681259004997,0.076726465213206,0.830052502943288,-0.133915745917384,0.166851997718383,1.01660447291751,0.874663755491228,1.18157937592312,6
"eqtl-a-ENSG00000099194","ebi-a-GCST90091033","ebi-a-GCST90091033","eqtl-a-ENSG00000099194","Weighted mode",6,0.00585149135584195,0.204927540033845,0.978324991140229,-0.395806487110494,0.407509469822178,1.00586864477275,0.673136944009708,1.50306967926929,6
"eqtl-a-ENSG00000099194","ebi-a-GCST90091033","ebi-a-GCST90091033","eqtl-a-ENSG00000099194","Simple mode",6,-0.022877020108683,0.143906766675316,0.879913345966251,-0.304934282792301,0.259180242574935,0.977382674797708,0.737171817673283,1.29586735424835,6
