"id.exposure","id.outcome","outcome","exposure","method","nsnp","b","se","pval","lo_ci","up_ci","or","or_lci95","or_uci95","n_snps"
"eqtl-a-ENSG00000116133","ebi-a-GCST90091033","ebi-a-GCST90091033","eqtl-a-ENSG00000116133","Inverse variance weighted (fixed effects)",4,0.011971383159907,0.043754451659085,0.784389132407716,-0.0737873420918996,0.0977301084117137,1.01204332696963,0.928869204221339,1.10266514489772,4
"eqtl-a-ENSG00000116133","ebi-a-GCST90091033","ebi-a-GCST90091033","eqtl-a-ENSG00000116133","MR Egger",4,-0.0515046317683626,0.0779017053207826,0.576492556979273,-0.204191974197096,0.101182710660371,0.949799250701891,0.815305838478923,1.10647878876584,4
"eqtl-a-ENSG00000116133","ebi-a-GCST90091033","ebi-a-GCST90091033","eqtl-a-ENSG00000116133","Weighted median",4,0.00754626054290274,0.0439469547898403,0.863663217068814,-0.0785897708451842,0.0936822919309897,1.00757480532394,0.924419070325338,1.09821078005918,4
"eqtl-a-ENSG00000116133","ebi-a-GCST90091033","ebi-a-GCST90091033","eqtl-a-ENSG00000116133","Weighted mode",4,-0.00106624223353557,0.162669684240141,0.995181691509937,-0.319898823344213,0.317766338877142,0.998934326000738,0.726222510121681,1.37405516044298,4
"eqtl-a-ENSG00000116133","ebi-a-GCST90091033","ebi-a-GCST90091033","eqtl-a-ENSG00000116133","Simple mode",4,0.136356028654803,0.129082246698189,0.368351767629343,-0.116645174873648,0.389357232183254,1.14608986179815,0.889900896348376,1.47603174320467,4
