"id.exposure","id.outcome","outcome","exposure","method","nsnp","b","se","pval","lo_ci","up_ci","or","or_lci95","or_uci95","n_snps"
"eqtl-a-ENSG00000106546","ebi-a-GCST90091033","ebi-a-GCST90091033","eqtl-a-ENSG00000106546","Inverse variance weighted (fixed effects)",5,0.055650493857004,0.0369972657525754,0.132535397107804,-0.0168641470180437,0.128165134732052,1.05722811143698,0.983277256709036,1.13674070257008,5
"eqtl-a-ENSG00000106546","ebi-a-GCST90091033","ebi-a-GCST90091033","eqtl-a-ENSG00000106546","MR Egger",5,0.0502018139596961,0.0750058313132714,0.551204310217641,-0.0968096154143158,0.197213243333708,1.05148327896868,0.907728807256299,1.21800374419379,5
"eqtl-a-ENSG00000106546","ebi-a-GCST90091033","ebi-a-GCST90091033","eqtl-a-ENSG00000106546","Weighted median",5,0.0553215106312855,0.0444437280759905,0.213222170399381,-0.0317881963976559,0.142431217660227,1.05688035832817,0.968711736987683,1.15307376711807,5
"eqtl-a-ENSG00000106546","ebi-a-GCST90091033","ebi-a-GCST90091033","eqtl-a-ENSG00000106546","Weighted mode",5,0.0325277925277671,0.155505217118177,0.844532612268274,-0.27226243302386,0.337318018079394,1.03306260416611,0.761654351604932,1.40118459492505,5
"eqtl-a-ENSG00000106546","ebi-a-GCST90091033","ebi-a-GCST90091033","eqtl-a-ENSG00000106546","Simple mode",5,0.0683207260293868,0.149753303188665,0.671902868160159,-0.225195748220396,0.36183720027917,1.07070865755171,0.798359925928118,1.43596514820484,5
