"id.exposure","id.outcome","outcome","exposure","method","nsnp","b","se","pval","lo_ci","up_ci","or","or_lci95","or_uci95","n_snps"
"eqtl-a-ENSG00000108846","ebi-a-GCST90091033","ebi-a-GCST90091033","eqtl-a-ENSG00000108846","Inverse variance weighted (fixed effects)",18,-0.00412618336955079,0.0160822644127146,0.797512810818723,-0.0356474216184714,0.0273950548793698,0.995882317628804,0.964980464761552,1.02777374960724,18
"eqtl-a-ENSG00000108846","ebi-a-GCST90091033","ebi-a-GCST90091033","eqtl-a-ENSG00000108846","MR Egger",18,-0.0101793031315404,0.0285524817828047,0.726115045190801,-0.0661421674258377,0.0457835611627569,0.989872330627504,0.935997786436288,1.04684780791266,18
"eqtl-a-ENSG00000108846","ebi-a-GCST90091033","ebi-a-GCST90091033","eqtl-a-ENSG00000108846","Weighted median",18,-0.000673517923759207,0.0189265326143216,0.971612541816332,-0.0377695218478296,0.0364224860003112,0.999326708838525,0.962934850762593,1.03709391160488,18
"eqtl-a-ENSG00000108846","ebi-a-GCST90091033","ebi-a-GCST90091033","eqtl-a-ENSG00000108846","Weighted mode",18,-0.00195796226055034,0.187009843430593,0.991768319702192,-0.368497255384512,0.364581330863411,0.998043953297156,0.691773108246698,1.43991103562498,18
"eqtl-a-ENSG00000108846","ebi-a-GCST90091033","ebi-a-GCST90091033","eqtl-a-ENSG00000108846","Simple mode",18,0.00755822407107987,0.0634471480582538,0.90657169775954,-0.116798186123098,0.131914634265257,1.00758685954562,0.889764741917184,1.14101091187483,18
