"id.exposure","id.outcome","outcome","exposure","method","nsnp","b","se","pval","lo_ci","up_ci","or","or_lci95","or_uci95","n_snps"
"eqtl-a-ENSG00000134824","ebi-a-GCST90091033","ebi-a-GCST90091033","eqtl-a-ENSG00000134824","Inverse variance weighted (fixed effects)",4,0.0142016317505609,0.0171249762318631,0.40693833902021,-0.0193633216638907,0.0477665851650126,1.01430295400167,0.980822943275627,1.04892579190757,4
"eqtl-a-ENSG00000134824","ebi-a-GCST90091033","ebi-a-GCST90091033","eqtl-a-ENSG00000134824","MR Egger",4,0.0286558702505211,0.0298705670004268,0.43862290100244,-0.0298904410703155,0.0872021815713577,1.02907039979529,0.9705518603469,1.09111726122118,4
"eqtl-a-ENSG00000134824","ebi-a-GCST90091033","ebi-a-GCST90091033","eqtl-a-ENSG00000134824","Weighted median",4,0.0157738991775969,0.0169119272840384,0.350970469090669,-0.0173734782991185,0.0489212766543122,1.01589896384575,0.982776570362657,1.05013767713452,4
"eqtl-a-ENSG00000134824","ebi-a-GCST90091033","ebi-a-GCST90091033","eqtl-a-ENSG00000134824","Weighted mode",4,0.0174969422524839,0.154769281276734,0.917130181370339,-0.285850849049914,0.320844733554882,1.01765091042646,0.751374675836531,1.37829156184805,4
"eqtl-a-ENSG00000134824","ebi-a-GCST90091033","ebi-a-GCST90091033","eqtl-a-ENSG00000134824","Simple mode",4,-0.0115666144291489,0.158289894636919,0.946347772439724,-0.321814807917511,0.298681579059213,0.98850002168998,0.724832411124877,1.34808029812666,4
