"id.exposure","id.outcome","outcome","exposure","method","nsnp","b","se","pval","lo_ci","up_ci","or","or_lci95","or_uci95","n_snps"
"eqtl-a-ENSG00000109819","ebi-a-GCST90091033","ebi-a-GCST90091033","eqtl-a-ENSG00000109819","Inverse variance weighted (fixed effects)",4,-0.0118489332388223,0.0260657755558625,0.649412723774954,-0.0629378533283129,0.0392399868506682,0.988220988930446,0.939001827714161,1.04002004483845,4
"eqtl-a-ENSG00000109819","ebi-a-GCST90091033","ebi-a-GCST90091033","eqtl-a-ENSG00000109819","MR Egger",4,0.0190828456701725,0.09747713764725,0.862879095955848,-0.171972344118438,0.210138035458783,1.01926608690174,0.842002459166787,1.2338483630274,4
"eqtl-a-ENSG00000109819","ebi-a-GCST90091033","ebi-a-GCST90091033","eqtl-a-ENSG00000109819","Weighted median",4,-0.0103946884003519,0.0266206202554645,0.696185290790589,-0.0625711041010623,0.0417817273003584,0.989659149668326,0.939346269066801,1.04266686819893,4
"eqtl-a-ENSG00000109819","ebi-a-GCST90091033","ebi-a-GCST90091033","eqtl-a-ENSG00000109819","Weighted mode",4,-0.00640190841339039,0.179252207111461,0.973753501998715,-0.357736234351853,0.344932417525072,0.993618540142413,0.699257490789462,1.4118944971188,4
"eqtl-a-ENSG00000109819","ebi-a-GCST90091033","ebi-a-GCST90091033","eqtl-a-ENSG00000109819","Simple mode",4,-0.145477200601374,0.199706818577439,0.519048279860041,-0.536902565013154,0.245948163810406,0.864609602428219,0.584556075561441,1.27883328197914,4
