"id.exposure","id.outcome","outcome","exposure","method","nsnp","b","se","pval","lo_ci","up_ci","or","or_lci95","or_uci95","n_snps"
"eqtl-a-ENSG00000073756","ebi-a-GCST90091033","ebi-a-GCST90091033","eqtl-a-ENSG00000073756","Inverse variance weighted (fixed effects)",9,0.0355013504404982,0.0351530618853085,0.312539478288971,-0.0333986508547065,0.104401351735703,1.03613904737125,0.9671529263869,1.11004588436506,9
"eqtl-a-ENSG00000073756","ebi-a-GCST90091033","ebi-a-GCST90091033","eqtl-a-ENSG00000073756","MR Egger",9,0.0896366152461824,0.0548727039630155,0.146373553931476,-0.017913884521328,0.197187115013693,1.09377674968577,0.982245615267632,1.21797192021793,9
"eqtl-a-ENSG00000073756","ebi-a-GCST90091033","ebi-a-GCST90091033","eqtl-a-ENSG00000073756","Weighted median",9,0.0333578734004652,0.0466967397125736,0.475010021832423,-0.0581677364361791,0.12488348323711,1.03392048568038,0.94349167623191,1.1330164299688,9
"eqtl-a-ENSG00000073756","ebi-a-GCST90091033","ebi-a-GCST90091033","eqtl-a-ENSG00000073756","Weighted mode",9,0.0916012446837192,0.161103733258665,0.585240482920716,-0.224162072503263,0.407364561870702,1.09592772793203,0.799185597862078,1.50285188830134,9
"eqtl-a-ENSG00000073756","ebi-a-GCST90091033","ebi-a-GCST90091033","eqtl-a-ENSG00000073756","Simple mode",9,-0.0392562113312186,0.082857915818299,0.64831881260713,-0.201657726335085,0.123145303672648,0.96150432928088,0.817374645885119,1.13104875454604,9
