"id.exposure","id.outcome","outcome","exposure","method","nsnp","b","se","pval","lo_ci","up_ci","or","or_lci95","or_uci95","n_snps"
"eqtl-a-ENSG00000185000","ebi-a-GCST90091033","ebi-a-GCST90091033","eqtl-a-ENSG00000185000","Inverse variance weighted (fixed effects)",3,-0.0931891284409008,0.0541381110876651,0.0851923867437149,-0.199299826172724,0.0129215692909228,0.911021183985542,0.819304207658389,1.01300541351116,3
"eqtl-a-ENSG00000185000","ebi-a-GCST90091033","ebi-a-GCST90091033","eqtl-a-ENSG00000185000","MR Egger",3,-0.160890777972993,0.148403707269573,0.474311856248934,-0.451762044221357,0.129980488275371,0.851385056030641,0.636505611894592,1.13880616303559,3
"eqtl-a-ENSG00000185000","ebi-a-GCST90091033","ebi-a-GCST90091033","eqtl-a-ENSG00000185000","Weighted median",3,-0.0993457366344157,0.0531009564723294,0.061361143472582,-0.203423611320181,0.00473213805134992,0.905429613715235,0.815932529950941,1.00474335229876,3
"eqtl-a-ENSG00000185000","ebi-a-GCST90091033","ebi-a-GCST90091033","eqtl-a-ENSG00000185000","Weighted mode",3,-0.10035211668193,0.135807454255542,0.53690263247101,-0.366534727022793,0.165830493658932,0.904518865773709,0.693132065651561,1.18037300405583,3
"eqtl-a-ENSG00000185000","ebi-a-GCST90091033","ebi-a-GCST90091033","eqtl-a-ENSG00000185000","Simple mode",3,-0.093502875839687,0.100477360990064,0.450308122650537,-0.290438503380212,0.103432751700838,0.91073539829343,0.747935523404389,1.10897121442945,3
