"id.exposure","id.outcome","outcome","exposure","method","nsnp","b","se","pval","lo_ci","up_ci","or","or_lci95","or_uci95","n_snps"
"eqtl-a-ENSG00000125629","ebi-a-GCST90091033","ebi-a-GCST90091033","eqtl-a-ENSG00000125629","Inverse variance weighted (fixed effects)",3,0.0444905667492334,0.0602976476233442,0.460606135233616,-0.0736928225925211,0.162673956090988,1.04549511424635,0.92895700462287,1.17665298660054,3
"eqtl-a-ENSG00000125629","ebi-a-GCST90091033","ebi-a-GCST90091033","eqtl-a-ENSG00000125629","MR Egger",3,0.167139141319361,0.262570674182517,0.639124917825755,-0.347499380078372,0.681777662717093,1.18191870759609,0.706452451874582,1.97738974174247,3
"eqtl-a-ENSG00000125629","ebi-a-GCST90091033","ebi-a-GCST90091033","eqtl-a-ENSG00000125629","Weighted median",3,0.0253684142928945,0.0645162150861955,0.694164460458261,-0.101083367276049,0.151820195861838,1.02569293086064,0.903857677592308,1.16395093442137,3
"eqtl-a-ENSG00000125629","ebi-a-GCST90091033","ebi-a-GCST90091033","eqtl-a-ENSG00000125629","Weighted mode",3,0.0217678297697059,0.20485860046432,0.925075560014681,-0.37975502714036,0.423290686679772,1.02200647744446,0.684028957218887,1.52697810365388,3
"eqtl-a-ENSG00000125629","ebi-a-GCST90091033","ebi-a-GCST90091033","eqtl-a-ENSG00000125629","Simple mode",3,-0.0408528108898951,0.0981500707558322,0.717657078235889,-0.233226949571326,0.151521327791536,0.959970416740972,0.791973815009209,1.16360311862978,3
