"id.exposure","id.outcome","outcome","exposure","method","nsnp","b","se","pval","lo_ci","up_ci","or","or_lci95","or_uci95","n_snps"
"eqtl-a-ENSG00000079459","ebi-a-GCST90091033","ebi-a-GCST90091033","eqtl-a-ENSG00000079459","Inverse variance weighted (fixed effects)",8,-0.0337435923055473,0.0169504423114613,0.0465116281454316,-0.0669664592360115,-0.000520725375083013,0.966819372784827,0.935226569024353,0.999479410178845,8
"eqtl-a-ENSG00000079459","ebi-a-GCST90091033","ebi-a-GCST90091033","eqtl-a-ENSG00000079459","MR Egger",8,-0.0428083290378508,0.0282418691778953,0.18035893369598,-0.0981623926265257,0.012545734550824,0.958095011461701,0.906501682611241,1.01262476242029,8
"eqtl-a-ENSG00000079459","ebi-a-GCST90091033","ebi-a-GCST90091033","eqtl-a-ENSG00000079459","Weighted median",8,-0.0341033040942228,0.017550772874792,0.0520013423544812,-0.0685028189288151,0.0002962107403695,0.966471659001039,0.933790827809941,1.0002962546151,8
"eqtl-a-ENSG00000079459","ebi-a-GCST90091033","ebi-a-GCST90091033","eqtl-a-ENSG00000079459","Weighted mode",8,-0.034311431642981,0.181430916660003,0.855368594073407,-0.389916028296587,0.321293165010625,0.966270530554618,0.677113730504338,1.37890976974114,8
"eqtl-a-ENSG00000079459","ebi-a-GCST90091033","ebi-a-GCST90091033","eqtl-a-ENSG00000079459","Simple mode",8,-0.034311431642981,0.158480059896316,0.834769852869747,-0.34493234903976,0.276309485753798,0.966270530554618,0.708268266875449,1.31825578228608,8
