"id.exposure","id.outcome","outcome","exposure","method","nsnp","b","se","pval","lo_ci","up_ci","or","or_lci95","or_uci95","n_snps"
"eqtl-a-ENSG00000113161","ebi-a-GCST90091033","ebi-a-GCST90091033","eqtl-a-ENSG00000113161","Inverse variance weighted (fixed effects)",4,0.00217914436451952,0.0704049385759021,0.97530815159036,-0.135814535244249,0.140172823973288,1.00218152042521,0.873004529046952,1.15047261092477,4
"eqtl-a-ENSG00000113161","ebi-a-GCST90091033","ebi-a-GCST90091033","eqtl-a-ENSG00000113161","MR Egger",4,-0.104441165913853,0.211334746025695,0.670111647652101,-0.518657268124216,0.30977493629651,0.900827795227937,0.595319365839853,1.36311829115521,4
"eqtl-a-ENSG00000113161","ebi-a-GCST90091033","ebi-a-GCST90091033","eqtl-a-ENSG00000113161","Weighted median",4,-0.00304307596198596,0.0743805716709461,0.967365857768175,-0.14882899643704,0.142742844513068,0.996961549500602,0.861716458885156,1.15343315186127,4
"eqtl-a-ENSG00000113161","ebi-a-GCST90091033","ebi-a-GCST90091033","eqtl-a-ENSG00000113161","Weighted mode",4,0.00246177958817756,0.164639540482046,0.989008855038513,-0.320231719756632,0.325155278932987,1.00246481225562,0.725980793488975,1.38424557346911,4
"eqtl-a-ENSG00000113161","ebi-a-GCST90091033","ebi-a-GCST90091033","eqtl-a-ENSG00000113161","Simple mode",4,-0.0468799126113456,0.134651507231824,0.750720192401259,-0.31079686678572,0.217037041563029,0.954201978334209,0.732862729512133,1.24239012135743,4
