"id.exposure","id.outcome","outcome","exposure","method","nsnp","b","se","pval","lo_ci","up_ci","or","or_lci95","or_uci95"
"ukb-e-20523_CSA","finn-b-TRAUMBRAIN_NONCONCUS","finn-b-TRAUMBRAIN_NONCONCUS","Physical violence by partner or ex-partner as an adult || id:ukb-e-20523_CSA","Inverse variance weighted (multiplicative random effects)",5,0.0505150277146124,0.0685306919680055,0.461052181076234,-0.0838051285426783,0.184835183971903,1.05181266957686,0.919610444462689,1.20302014678487
"ukb-e-20523_CSA","finn-b-TRAUMBRAIN_NONCONCUS","finn-b-TRAUMBRAIN_NONCONCUS","Physical violence by partner or ex-partner as an adult || id:ukb-e-20523_CSA","MR Egger",5,0.401544271381869,0.107897671218962,0.0337715001726144,0.190064835792703,0.613023706971035,1.49413025957707,1.20932800285519,1.84600474586973
"ukb-e-20523_CSA","finn-b-TRAUMBRAIN_NONCONCUS","finn-b-TRAUMBRAIN_NONCONCUS","Physical violence by partner or ex-partner as an adult || id:ukb-e-20523_CSA","Weighted median",5,0.101021022388431,0.0478333447870809,0.0346918323078196,0.00726766660575273,0.19477437817111,1.10629989858516,1.00729414018957,1.21503681673279
"ukb-e-20523_CSA","finn-b-TRAUMBRAIN_NONCONCUS","finn-b-TRAUMBRAIN_NONCONCUS","Physical violence by partner or ex-partner as an adult || id:ukb-e-20523_CSA","Weighted mode",5,0.114804722418353,0.156480777838862,0.503834724417719,-0.191897602145815,0.421507046982522,1.12165438222913,0.825391382471011,1.52425695238949
"ukb-e-20523_CSA","finn-b-TRAUMBRAIN_NONCONCUS","finn-b-TRAUMBRAIN_NONCONCUS","Physical violence by partner or ex-partner as an adult || id:ukb-e-20523_CSA","Simple mode",5,0.0714243312054818,0.132572957152444,0.618640404695359,-0.188418664813309,0.331267327224273,1.07403687655068,0.828267868020725,1.39273205774279
