"id.exposure","id.outcome","outcome","exposure","method","nsnp","b","se","pval","lo_ci","up_ci","or","or_lci95","or_uci95","n_snps","pqtl_file"
"A1BG","ebi-a-GCST90091033","ebi-a-GCST90091033","A1BG","Inverse variance weighted (fixed effects)",11,0.0508829106397288,0.0576173956393254,0.37717297509828,-0.062047184813349,0.163813006092807,1.05219968468218,0.93983853963877,1.17799401679229,11,"A1BG_P04217_OID30771_v1_Inflammation_II_expo_rt.txt"
"A1BG","ebi-a-GCST90091033","ebi-a-GCST90091033","A1BG","MR Egger",11,-0.0946497738290304,0.114835599329175,0.431115139535284,-0.319727548514214,0.130428000856153,0.909691476446666,0.726346904411145,1.13931590717057,11,"A1BG_P04217_OID30771_v1_Inflammation_II_expo_rt.txt"
"A1BG","ebi-a-GCST90091033","ebi-a-GCST90091033","A1BG","Weighted median",11,0.0742504885826416,0.0789300749510971,0.346852338436666,-0.0804524583215088,0.228953435486792,1.0770765670914,0.922698769189255,1.25728349285295,11,"A1BG_P04217_OID30771_v1_Inflammation_II_expo_rt.txt"
"A1BG","ebi-a-GCST90091033","ebi-a-GCST90091033","A1BG","Weighted mode",11,0.0771767386751139,0.335785933710695,0.822849939639463,-0.580963691397847,0.735317168748075,1.08023297846764,0.559359057231495,2.0861435471244,11,"A1BG_P04217_OID30771_v1_Inflammation_II_expo_rt.txt"
"A1BG","ebi-a-GCST90091033","ebi-a-GCST90091033","A1BG","Simple mode",11,0.0739638450537586,0.142239181328981,0.614381866575238,-0.204824950351045,0.352752640458562,1.07676787430784,0.814789932620269,1.42297911243556,11,"A1BG_P04217_OID30771_v1_Inflammation_II_expo_rt.txt"
