"id.exposure","id.outcome","outcome","exposure","method","nsnp","b","se","pval","lo_ci","up_ci","or","or_lci95","or_uci95"
"ukb-e-20523_CSA","finn-b-TRAUMBRAIN_NONCONCUS","finn-b-TRAUMBRAIN_NONCONCUS","Physical violence by partner or ex-partner as an adult || id:ukb-e-20523_CSA","Inverse variance weighted (multiplicative random effects)",5,0.0505150277146124,0.0685306919680055,0.461052181076234,-0.0838051285426783,0.184835183971903,1.05181266957686,0.919610444462689,1.20302014678487
"ukb-e-20523_CSA","finn-b-TRAUMBRAIN_NONCONCUS","finn-b-TRAUMBRAIN_NONCONCUS","Physical violence by partner or ex-partner as an adult || id:ukb-e-20523_CSA","MR Egger",5,0.401544271381869,0.107897671218962,0.0337715001726144,0.190064835792703,0.613023706971035,1.49413025957707,1.20932800285519,1.84600474586973
"ukb-e-20523_CSA","finn-b-TRAUMBRAIN_NONCONCUS","finn-b-TRAUMBRAIN_NONCONCUS","Physical violence by partner or ex-partner as an adult || id:ukb-e-20523_CSA","Weighted median",5,0.101021022388431,0.0502064404025708,0.0442080455574247,0.00261639919939247,0.19942564557747,1.10629989858516,1.00261982495884,1.22070144150577
"ukb-e-20523_CSA","finn-b-TRAUMBRAIN_NONCONCUS","finn-b-TRAUMBRAIN_NONCONCUS","Physical violence by partner or ex-partner as an adult || id:ukb-e-20523_CSA","Weighted mode",5,0.114804722418353,0.154858260061987,0.499643046208918,-0.188717467303142,0.418326912139848,1.12165438222913,0.82802041649092,1.51941730918372
"ukb-e-20523_CSA","finn-b-TRAUMBRAIN_NONCONCUS","finn-b-TRAUMBRAIN_NONCONCUS","Physical violence by partner or ex-partner as an adult || id:ukb-e-20523_CSA","Simple mode",5,0.0714243312054818,0.123847002485728,0.595032751408845,-0.171315793666546,0.314164456077509,1.07403687655068,0.842555457777726,1.36911487729637
