"id.exposure","id.outcome","outcome","exposure","method","nsnp","b","se","pval","lo_ci","up_ci","or","or_lci95","or_uci95","n_snps"
"eqtl-a-ENSG00000170801","ebi-a-GCST90018894","ebi-a-GCST90018894","eqtl-a-ENSG00000170801","Inverse variance weighted (fixed effects)",8,0.0902496833919401,0.0781236626657078,0.248002097923674,-0.0628726954328472,0.243372062216728,1.09444751496097,0.939063013090427,1.27554311724224,8
"eqtl-a-ENSG00000170801","ebi-a-GCST90018894","ebi-a-GCST90018894","eqtl-a-ENSG00000170801","MR Egger",8,0.207479842816398,0.211284675694969,0.364026899012153,-0.206638121545741,0.621597807178536,1.23057291170598,0.81331391752312,1.8619006245906,8
"eqtl-a-ENSG00000170801","ebi-a-GCST90018894","ebi-a-GCST90018894","eqtl-a-ENSG00000170801","Weighted median",8,0.137692074814213,0.0953868371779812,0.148876203957668,-0.0492661260546301,0.324650275683056,1.14762211410832,0.951927763206373,1.38354670143698,8
"eqtl-a-ENSG00000170801","ebi-a-GCST90018894","ebi-a-GCST90018894","eqtl-a-ENSG00000170801","Weighted mode",8,0.136634756658581,0.22322614116286,0.559825802077929,-0.300888480020624,0.574157993337786,1.14640935366107,0.740160310806897,1.77563480096473,8
"eqtl-a-ENSG00000170801","ebi-a-GCST90018894","ebi-a-GCST90018894","eqtl-a-ENSG00000170801","Simple mode",8,0.113485615123959,0.203589177889479,0.594605043926138,-0.28554917353942,0.512520403787339,1.12017577518681,0.75160138136947,1.66949369495444,8
