"id.exposure","id.outcome","outcome","exposure","method","nsnp","b","se","pval","lo_ci","up_ci","or","or_lci95","or_uci95","n_snps"
"eqtl-a-ENSG00000157322","ebi-a-GCST90018894","ebi-a-GCST90018894","eqtl-a-ENSG00000157322","Inverse variance weighted (fixed effects)",135,0.00482419461925553,0.00730401779476465,0.508942603850283,-0.00949168025848318,0.0191400694969942,1.00483584978084,0.990553223555397,1.01932441487664,137
"eqtl-a-ENSG00000157322","ebi-a-GCST90018894","ebi-a-GCST90018894","eqtl-a-ENSG00000157322","MR Egger",135,0.0246877550552048,0.0146217089281432,0.0936717954759338,-0.00397079444395592,0.0533463045543655,1.02499502103855,0.996037078735929,1.05479486214223,137
"eqtl-a-ENSG00000157322","ebi-a-GCST90018894","ebi-a-GCST90018894","eqtl-a-ENSG00000157322","Weighted median",135,0.00347770187952786,0.0100065132296906,0.72818280049396,-0.0161350640506658,0.0230904678097215,1.00348375610093,0.983994408809035,1.02335911641736,137
"eqtl-a-ENSG00000157322","ebi-a-GCST90018894","ebi-a-GCST90018894","eqtl-a-ENSG00000157322","Weighted mode",135,0.0067349348867829,0.0272105739580126,0.804891099171861,-0.0465977900709217,0.0600676598444875,1.00675766556197,0.954471218197946,1.06190839267149,137
"eqtl-a-ENSG00000157322","ebi-a-GCST90018894","ebi-a-GCST90018894","eqtl-a-ENSG00000157322","Simple mode",135,0.00179152745766431,0.0191434793465292,0.925579232513989,-0.0357296920615329,0.0393127469768615,1.00179313320175,0.96490107865678,1.04009571958118,137
