"id.exposure","id.outcome","outcome","exposure","method","nsnp","b","se","pval","lo_ci","up_ci","or","or_lci95","or_uci95","n_snps"
"eqtl-a-ENSG00000198598","ebi-a-GCST90018894","ebi-a-GCST90018894","eqtl-a-ENSG00000198598","Inverse variance weighted (fixed effects)",27,-0.332961195880526,0.0631403185453985,1.33953466444113e-07,-0.456716220229507,-0.209206171531544,0.716798008331598,0.633360049332065,0.811227966288673,28
"eqtl-a-ENSG00000198598","ebi-a-GCST90018894","ebi-a-GCST90018894","eqtl-a-ENSG00000198598","MR Egger",27,-0.264572496160655,0.166464677694094,0.124546860213984,-0.59084326444108,0.0616982721197698,0.767534003582131,0.55386003728084,1.06364136605166,28
"eqtl-a-ENSG00000198598","ebi-a-GCST90018894","ebi-a-GCST90018894","eqtl-a-ENSG00000198598","Weighted median",27,-0.30064305846806,0.0923726990217046,0.00113522436242984,-0.481693548550601,-0.119592568385519,0.740341984391916,0.617736338957484,0.887281869767231,28
"eqtl-a-ENSG00000198598","ebi-a-GCST90018894","ebi-a-GCST90018894","eqtl-a-ENSG00000198598","Weighted mode",27,-0.281827290072304,0.199442124902344,0.169493243391757,-0.672733854880898,0.109079274736291,0.754403966336765,0.510311551297517,1.11525075804689,28
"eqtl-a-ENSG00000198598","ebi-a-GCST90018894","ebi-a-GCST90018894","eqtl-a-ENSG00000198598","Simple mode",27,-0.475188935636765,0.163514970048778,0.0073834101462499,-0.79567827693237,-0.15469959434116,0.621767571314798,0.451275041641512,0.856672488096093,28
