"id.exposure","id.outcome","outcome","exposure","method","nsnp","b","se","pval","lo_ci","up_ci","or","or_lci95","or_uci95","n_snps"
"eqtl-a-ENSG00000196415","ebi-a-GCST90018894","ebi-a-GCST90018894","eqtl-a-ENSG00000196415","Inverse variance weighted (fixed effects)",13,-0.140788920857173,0.0658093131724471,0.0324076199822099,-0.269775174675169,-0.0118026670391768,0.868672651026009,0.763551140674135,0.988266711217704,13
"eqtl-a-ENSG00000196415","ebi-a-GCST90018894","ebi-a-GCST90018894","eqtl-a-ENSG00000196415","MR Egger",13,-0.0980182182935689,0.113737945155202,0.407197571734249,-0.320944590797765,0.124908154210627,0.906632386308489,0.725463447227372,1.13304438293195,13
"eqtl-a-ENSG00000196415","ebi-a-GCST90018894","ebi-a-GCST90018894","eqtl-a-ENSG00000196415","Weighted median",13,-0.129090978616591,0.0836981512437571,0.122991074731105,-0.293139355054355,0.0349573978211725,0.878894001347749,0.74591818598473,1.03557559008337,13
"eqtl-a-ENSG00000196415","ebi-a-GCST90018894","ebi-a-GCST90018894","eqtl-a-ENSG00000196415","Weighted mode",13,-0.123417578967699,0.377706574893913,0.749481961591995,-0.863722465759768,0.61688730782437,0.883894489738203,0.421589804146872,1.85315076717885,13
"eqtl-a-ENSG00000196415","ebi-a-GCST90018894","ebi-a-GCST90018894","eqtl-a-ENSG00000196415","Simple mode",13,-0.371464021102124,0.151681869192461,0.0306510179097875,-0.668760484719348,-0.0741675574848998,0.689723820885631,0.512343241644467,0.928516100983708,13
