"id.exposure","id.outcome","outcome","exposure","method","nsnp","b","se","pval","lo_ci","up_ci","or","or_lci95","or_uci95","n_snps"
"eqtl-a-ENSG00000008516","ebi-a-GCST90018894","ebi-a-GCST90018894","eqtl-a-ENSG00000008516","Inverse variance weighted (multiplicative random effects)",59,0.0173389941145456,0.0217648910827743,0.425654500040232,-0.025320192407692,0.0599981806367831,1.0174901870534,0.974997675189955,1.06183461468076,59
"eqtl-a-ENSG00000008516","ebi-a-GCST90018894","ebi-a-GCST90018894","eqtl-a-ENSG00000008516","MR Egger",59,-0.0343646398367846,0.0336046006324624,0.310809544450339,-0.100229657076411,0.0315003774028417,0.966219118412747,0.904629639579716,1.03200176507597,59
"eqtl-a-ENSG00000008516","ebi-a-GCST90018894","ebi-a-GCST90018894","eqtl-a-ENSG00000008516","Weighted median",59,-0.0271750984009808,0.0276627366296881,0.325916606576756,-0.0813940621951694,0.0270438653932079,0.973190822447858,0.921830361366212,1.02741286964456,59
"eqtl-a-ENSG00000008516","ebi-a-GCST90018894","ebi-a-GCST90018894","eqtl-a-ENSG00000008516","Weighted mode",59,-0.0247373855721962,0.112329120204387,0.826471293074314,-0.244902461172795,0.195427690028403,0.975566076117532,0.782780886047953,1.2158308740475,59
"eqtl-a-ENSG00000008516","ebi-a-GCST90018894","ebi-a-GCST90018894","eqtl-a-ENSG00000008516","Simple mode",59,0.00727901047925794,0.052777143478799,0.890781548368215,-0.0961641907391882,0.110722211697704,1.00730556687169,0.90831486693517,1.11708455072894,59
