"id.exposure","id.outcome","outcome","exposure","method","nsnp","b","se","pval","lo_ci","up_ci","or","or_lci95","or_uci95","n_snps"
"eqtl-a-ENSG00000158578","ebi-a-GCST90018894","ebi-a-GCST90018894","eqtl-a-ENSG00000158578","Inverse variance weighted (fixed effects)",20,0.169525969907513,0.0764831741559384,0.0266563705716292,0.0196189485618735,0.319432991253152,1.18474311430271,1.01981266489627,1.37634714217876,20
"eqtl-a-ENSG00000158578","ebi-a-GCST90018894","ebi-a-GCST90018894","eqtl-a-ENSG00000158578","MR Egger",20,-0.0796145222226686,0.277594332281389,0.777539393325414,-0.62369941349419,0.464470369048853,0.92347225581724,0.53595803521044,1.5911712321457,20
"eqtl-a-ENSG00000158578","ebi-a-GCST90018894","ebi-a-GCST90018894","eqtl-a-ENSG00000158578","Weighted median",20,0.149803380783713,0.0939686433594144,0.1108946550368,-0.034375160200739,0.333981921768165,1.16160582624629,0.966208953489431,1.396517896772,20
"eqtl-a-ENSG00000158578","ebi-a-GCST90018894","ebi-a-GCST90018894","eqtl-a-ENSG00000158578","Weighted mode",20,0.14424622481812,0.241722498498115,0.557723286439713,-0.329529872238186,0.618022321874426,1.15516850466574,0.719261798898394,1.85525531345533,20
"eqtl-a-ENSG00000158578","ebi-a-GCST90018894","ebi-a-GCST90018894","eqtl-a-ENSG00000158578","Simple mode",20,0.14424622481812,0.240828677162215,0.55627578750286,-0.327777982419821,0.616270432056061,1.15516850466574,0.720522970715098,1.85200795589809,20
