"id.exposure","id.outcome","outcome","exposure","method","nsnp","b","se","pval","lo_ci","up_ci","or","or_lci95","or_uci95","n_snps"
"eqtl-a-ENSG00000134827","ebi-a-GCST90018894","ebi-a-GCST90018894","eqtl-a-ENSG00000134827","Inverse variance weighted (fixed effects)",103,-0.0273154368485392,0.0229575947597071,0.234116608428111,-0.0723123225775651,0.0176814488804868,0.973054255941648,0.930240315383098,1.01783869108728,105
"eqtl-a-ENSG00000134827","ebi-a-GCST90018894","ebi-a-GCST90018894","eqtl-a-ENSG00000134827","MR Egger",103,-0.0997618747554381,0.0507135846022251,0.0519076162636289,-0.199160500575799,-0.000363248935076846,0.905052908323239,0.819418365658566,0.99963681703183,105
"eqtl-a-ENSG00000134827","ebi-a-GCST90018894","ebi-a-GCST90018894","eqtl-a-ENSG00000134827","Weighted median",103,-0.050145445548293,0.0313655889147801,0.109878216205326,-0.111621999821262,0.0113311087246759,0.951091082476375,0.894382270269911,1.01139554890002,105
"eqtl-a-ENSG00000134827","ebi-a-GCST90018894","ebi-a-GCST90018894","eqtl-a-ENSG00000134827","Weighted mode",103,-0.0556706872244284,0.0752602952891813,0.461175919925679,-0.203180865991224,0.091839491542367,0.945850565283672,0.816130617802809,1.09618886037627,105
"eqtl-a-ENSG00000134827","ebi-a-GCST90018894","ebi-a-GCST90018894","eqtl-a-ENSG00000134827","Simple mode",103,-0.058862052402286,0.0649103469654751,0.366638880244177,-0.186086332454617,0.0683622276500452,0.942836822261304,0.830201918518521,1.07075309461835,105
