"id.exposure","id.outcome","outcome","exposure","method","nsnp","b","se","pval","lo_ci","up_ci","or","or_lci95","or_uci95","n_snps"
"eqtl-a-ENSG00000164105","ebi-a-GCST90018894","ebi-a-GCST90018894","eqtl-a-ENSG00000164105","Inverse variance weighted (fixed effects)",23,0.21393002925476,0.0543737948527166,8.33934770260042e-05,0.107357391343435,0.320502667166084,1.23853599047524,1.11333207863291,1.37782017525813,24
"eqtl-a-ENSG00000164105","ebi-a-GCST90018894","ebi-a-GCST90018894","eqtl-a-ENSG00000164105","MR Egger",23,-0.0356403213456233,0.179103793108393,0.84418259941875,-0.386683755838074,0.315403113146827,0.964987316410469,0.679305887482479,1.37081179184848,24
"eqtl-a-ENSG00000164105","ebi-a-GCST90018894","ebi-a-GCST90018894","eqtl-a-ENSG00000164105","Weighted median",23,0.179920063824227,0.0731947077551436,0.0139673464117363,0.0364584366241457,0.323381691024309,1.19712166596912,1.03713119644818,1.38179266812198,24
"eqtl-a-ENSG00000164105","ebi-a-GCST90018894","ebi-a-GCST90018894","eqtl-a-ENSG00000164105","Weighted mode",23,0.101122747929745,0.143003176418781,0.486905237041776,-0.179163477851067,0.381408973710556,1.10641244326543,0.835969225773198,1.46434636212876,24
"eqtl-a-ENSG00000164105","ebi-a-GCST90018894","ebi-a-GCST90018894","eqtl-a-ENSG00000164105","Simple mode",23,0.308991856530573,0.120804713974227,0.0179431142667607,0.0722146171410874,0.545769095920059,1.36205127863531,1.07488600827277,1.7259352818381,24
