"id.exposure","id.outcome","outcome","exposure","method","nsnp","b","se","pval","lo_ci","up_ci","or","or_lci95","or_uci95","n_snps"
"eqtl-a-ENSG00000243709","ebi-a-GCST90018894","ebi-a-GCST90018894","eqtl-a-ENSG00000243709","Inverse variance weighted (fixed effects)",23,0.11291274547508,0.0806644341077951,0.161578154440361,-0.0451895453761988,0.271015036326358,1.11953424425814,0.955816294102951,1.31129478729273,24
"eqtl-a-ENSG00000243709","ebi-a-GCST90018894","ebi-a-GCST90018894","eqtl-a-ENSG00000243709","MR Egger",23,0.315409364432588,0.316684771342339,0.330602031217227,-0.305292787398397,0.936111516263572,1.3708203612115,0.736907585548211,2.5500463010081,24
"eqtl-a-ENSG00000243709","ebi-a-GCST90018894","ebi-a-GCST90018894","eqtl-a-ENSG00000243709","Weighted median",23,0.220399720183809,0.111991371352856,0.0490673171369847,0.000896632332211156,0.439902808035408,1.24657491216716,1.00089703442715,1.55255631517975,24
"eqtl-a-ENSG00000243709","ebi-a-GCST90018894","ebi-a-GCST90018894","eqtl-a-ENSG00000243709","Weighted mode",23,0.25506151174561,0.211792567302053,0.241271286083945,-0.160051920166413,0.670174943657634,1.29054100186124,0.852099546667424,1.95457923196743,24
"eqtl-a-ENSG00000243709","ebi-a-GCST90018894","ebi-a-GCST90018894","eqtl-a-ENSG00000243709","Simple mode",23,0.277329035119844,0.196674906725475,0.17249566294055,-0.108153782062087,0.662811852301774,1.31960049451697,0.897489568021089,1.94024034058578,24
