"id.exposure","id.outcome","outcome","exposure","method","nsnp","b","se","pval","lo_ci","up_ci","or","or_lci95","or_uci95","n_snps"
"eqtl-a-ENSG00000188672","ebi-a-GCST90018894","ebi-a-GCST90018894","eqtl-a-ENSG00000188672","Inverse variance weighted (fixed effects)",20,-0.257450856849147,0.0588835391424822,1.22998404295653e-05,-0.372862593568413,-0.142039120129882,0.773019613999561,0.688759866377638,0.86758731569356,21
"eqtl-a-ENSG00000188672","ebi-a-GCST90018894","ebi-a-GCST90018894","eqtl-a-ENSG00000188672","MR Egger",20,-0.679071464420815,0.387686559886526,0.0968631489928608,-1.43893712179841,0.0807941929567754,0.507087622732727,0.237179717909443,1.0841477483623,21
"eqtl-a-ENSG00000188672","ebi-a-GCST90018894","ebi-a-GCST90018894","eqtl-a-ENSG00000188672","Weighted median",20,-0.274156591118945,0.0739565299364019,0.000209731913096126,-0.419111389794293,-0.129201792443597,0.760213023331928,0.657630937812943,0.878796613136007,21
"eqtl-a-ENSG00000188672","ebi-a-GCST90018894","ebi-a-GCST90018894","eqtl-a-ENSG00000188672","Weighted mode",20,-0.279768940613691,0.159851311809504,0.0962191955957907,-0.593077511760319,0.0335396305329366,0.75595839255982,0.552623958344531,1.03410842518222,21
"eqtl-a-ENSG00000188672","ebi-a-GCST90018894","ebi-a-GCST90018894","eqtl-a-ENSG00000188672","Simple mode",20,-0.282001190162953,0.15665104133294,0.0877298407388568,-0.589037231175516,0.0250348508496095,0.754272786825027,0.554861230754857,1.02535085425017,21
