"id.exposure","id.outcome","outcome","exposure","method","nsnp","b","se","pval","lo_ci","up_ci","or","or_lci95","or_uci95","n_snps"
"eqtl-a-ENSG00000003436","ebi-a-GCST90018894","ebi-a-GCST90018894","eqtl-a-ENSG00000003436","Inverse variance weighted (fixed effects)",14,0.105874481111504,0.107196677267118,0.323316398966714,-0.104231006332048,0.315979968555056,1.11168233061839,0.901017132715507,1.37160278016528,14
"eqtl-a-ENSG00000003436","ebi-a-GCST90018894","ebi-a-GCST90018894","eqtl-a-ENSG00000003436","MR Egger",14,-0.150861804500137,0.359194117531896,0.681907115158574,-0.854882274862653,0.55315866586238,0.85996653395279,0.425333260551515,1.73873644059681,14
"eqtl-a-ENSG00000003436","ebi-a-GCST90018894","ebi-a-GCST90018894","eqtl-a-ENSG00000003436","Weighted median",14,0.0673859855064154,0.155549899909617,0.6648612182456,-0.237491818316435,0.372263789329266,1.06970829039589,0.788603343057694,1.45101569326975,14
"eqtl-a-ENSG00000003436","ebi-a-GCST90018894","ebi-a-GCST90018894","eqtl-a-ENSG00000003436","Weighted mode",14,0.0780881029113898,0.313468786265808,0.807168460328275,-0.536310718169593,0.692486923992373,1.08121791291991,0.584902145629784,1.99867992270766,14
"eqtl-a-ENSG00000003436","ebi-a-GCST90018894","ebi-a-GCST90018894","eqtl-a-ENSG00000003436","Simple mode",14,0.0150359237056445,0.276857946659174,0.957514601669062,-0.527605651746337,0.557677499157626,1.01514953189366,0.590015983514759,1.74661127985891,14
