"id.exposure","id.outcome","outcome","exposure","method","nsnp","b","se","pval","lo_ci","up_ci","or","or_lci95","or_uci95","n_snps"
"eqtl-a-ENSG00000133063","ebi-a-GCST90018894","ebi-a-GCST90018894","eqtl-a-ENSG00000133063","Inverse variance weighted (fixed effects)",19,0.0256025091714235,0.0624816773499341,0.681981811085228,-0.0968615784344474,0.148066596777294,1.02593306842909,0.907681640151496,1.15959011875646,19
"eqtl-a-ENSG00000133063","ebi-a-GCST90018894","ebi-a-GCST90018894","eqtl-a-ENSG00000133063","MR Egger",19,-0.154396599261126,0.180168620335279,0.403388249391442,-0.507527095118273,0.19873389659602,0.856932094973003,0.601982384867859,1.21985731452261,19
"eqtl-a-ENSG00000133063","ebi-a-GCST90018894","ebi-a-GCST90018894","eqtl-a-ENSG00000133063","Weighted median",19,0.0190399370621673,0.086735220479802,0.826246605319349,-0.150961095078245,0.189040969202579,1.01922235255106,0.859881151617381,1.20809044597126,19
"eqtl-a-ENSG00000133063","ebi-a-GCST90018894","ebi-a-GCST90018894","eqtl-a-ENSG00000133063","Weighted mode",19,-0.0210159216407514,0.17197655140593,0.904092845613986,-0.358089962396375,0.316058119114872,0.979203373921003,0.699010187546253,1.37170997587904,19
"eqtl-a-ENSG00000133063","ebi-a-GCST90018894","ebi-a-GCST90018894","eqtl-a-ENSG00000133063","Simple mode",19,-0.0210159216407514,0.127687225949487,0.871101636727513,-0.271282884501747,0.229251041220244,0.979203373921003,0.762400794528254,1.2576577233128,19
