"id.exposure","id.outcome","outcome","exposure","method","nsnp","b","se","pval","lo_ci","up_ci","or","or_lci95","or_uci95","n_snps"
"eqtl-a-ENSG00000239839","ebi-a-GCST90018894","ebi-a-GCST90018894","eqtl-a-ENSG00000239839","Inverse variance weighted (fixed effects)",22,0.0660760953951298,0.0392200107637832,0.0920359183503063,-0.0107951257018853,0.142947316492145,1.06830800739299,0.989262932564343,1.15366902073403,22
"eqtl-a-ENSG00000239839","ebi-a-GCST90018894","ebi-a-GCST90018894","eqtl-a-ENSG00000239839","MR Egger",22,0.149959970880932,0.0753119893175005,0.0602977524982041,0.00234847181863071,0.297571469943232,1.16178773645785,1.0023512316386,1.34658461223951,22
"eqtl-a-ENSG00000239839","ebi-a-GCST90018894","ebi-a-GCST90018894","eqtl-a-ENSG00000239839","Weighted median",22,0.0806670131842643,0.0510550272347268,0.114106551799665,-0.0194008401958003,0.180734866564329,1.08400987546581,0.980786144929047,1.19809748147737,22
"eqtl-a-ENSG00000239839","ebi-a-GCST90018894","ebi-a-GCST90018894","eqtl-a-ENSG00000239839","Weighted mode",22,0.086027398901515,0.113052110777107,0.455145240758721,-0.135554738221615,0.307609536024645,1.08983618821045,0.873231362488395,1.36016978793392,22
"eqtl-a-ENSG00000239839","ebi-a-GCST90018894","ebi-a-GCST90018894","eqtl-a-ENSG00000239839","Simple mode",22,0.0793852429411873,0.0874820640913673,0.374466988934874,-0.0920796026778926,0.250850088560267,1.08262131396275,0.912032546422407,1.2851174160879,22
