"id.exposure","id.outcome","outcome","exposure","method","nsnp","b","se","pval","lo_ci","up_ci","or","or_lci95","or_uci95","n_snps"
"eqtl-a-ENSG00000124102","ebi-a-GCST90018894","ebi-a-GCST90018894","eqtl-a-ENSG00000124102","Inverse variance weighted (fixed effects)",107,-0.0310740305855404,0.0121253066917974,0.0103849239471013,-0.0548396317014632,-0.0073084294696175,0.969403804888237,0.94663694633775,0.992718212158709,109
"eqtl-a-ENSG00000124102","ebi-a-GCST90018894","ebi-a-GCST90018894","eqtl-a-ENSG00000124102","MR Egger",107,-0.0442232765020736,0.0174125141026205,0.0125580486542714,-0.0783518041432099,-0.0100947488609374,0.956740315992225,0.924639077458893,0.989956032099019,109
"eqtl-a-ENSG00000124102","ebi-a-GCST90018894","ebi-a-GCST90018894","eqtl-a-ENSG00000124102","Weighted median",107,-0.0392621047244588,0.0161058735098625,0.0147789616181789,-0.0708296168037892,-0.00769459264512826,0.961498662774463,0.93162061110306,0.99233493495005,109
"eqtl-a-ENSG00000124102","ebi-a-GCST90018894","ebi-a-GCST90018894","eqtl-a-ENSG00000124102","Weighted mode",107,-0.0340783345965815,0.0467290609398335,0.4674418494015,-0.125667294038655,0.0575106248454922,0.966495791614137,0.881908214098372,1.05919652439437,109
"eqtl-a-ENSG00000124102","ebi-a-GCST90018894","ebi-a-GCST90018894","eqtl-a-ENSG00000124102","Simple mode",107,-0.0450303860428009,0.0215429500280847,0.0389862978922066,-0.0872545680978468,-0.00280620398775486,0.955968433294037,0.916443768588648,0.997197729722198,109
