"id.exposure","id.outcome","outcome","exposure","method","nsnp","b","se","pval","lo_ci","up_ci","or","or_lci95","or_uci95","n_snps"
"eqtl-a-ENSG00000164047","ebi-a-GCST90018894","ebi-a-GCST90018894","eqtl-a-ENSG00000164047","Inverse variance weighted (fixed effects)",17,-0.14097437379386,0.0672667891504644,0.0361043733159479,-0.272817280528771,-0.00913146705895015,0.868511568068972,0.761231866806496,0.990910098172977,17
"eqtl-a-ENSG00000164047","ebi-a-GCST90018894","ebi-a-GCST90018894","eqtl-a-ENSG00000164047","MR Egger",17,0.0174447868432693,0.217819300052547,0.937225750476765,-0.409481041259723,0.444370614946261,1.01759783581087,0.663994746616113,1.55950835563709,17
"eqtl-a-ENSG00000164047","ebi-a-GCST90018894","ebi-a-GCST90018894","eqtl-a-ENSG00000164047","Weighted median",17,-0.151261536821377,0.0954081927185771,0.112872177741715,-0.338261594549788,0.0357385209070343,0.859622846230107,0.713008744298492,1.03638481809614,17
"eqtl-a-ENSG00000164047","ebi-a-GCST90018894","ebi-a-GCST90018894","eqtl-a-ENSG00000164047","Weighted mode",17,-0.117549710561671,0.174302666136113,0.509684662866449,-0.459182936188451,0.22408351506511,0.889096313170782,0.631799655306252,1.25117550706909,17
"eqtl-a-ENSG00000164047","ebi-a-GCST90018894","ebi-a-GCST90018894","eqtl-a-ENSG00000164047","Simple mode",17,-0.161658587110645,0.14018048103335,0.265758698786157,-0.436412329936011,0.113095155714721,0.85073160569963,0.646351161049999,1.11973847739447,17
