"id.exposure","id.outcome","outcome","exposure","method","nsnp","b","se","pval","lo_ci","up_ci","or","or_lci95","or_uci95","n_snps"
"eqtl-a-ENSG00000008438","ebi-a-GCST90018894","ebi-a-GCST90018894","eqtl-a-ENSG00000008438","Inverse variance weighted (fixed effects)",52,0.106797180635973,0.0258572331813497,3.62348034712424e-05,0.0561170036005278,0.157477357671419,1.11270855275074,1.05772143371297,1.1705542536076,53
"eqtl-a-ENSG00000008438","ebi-a-GCST90018894","ebi-a-GCST90018894","eqtl-a-ENSG00000008438","MR Egger",52,0.0902914417623842,0.0451886882760317,0.0511595801632923,0.00172161274136209,0.178861270783406,1.09449321825998,1.00172309556741,1.19585483265567,53
"eqtl-a-ENSG00000008438","ebi-a-GCST90018894","ebi-a-GCST90018894","eqtl-a-ENSG00000008438","Weighted median",52,0.0890710377886943,0.0387787369028431,0.0216242439934941,0.0130647134591219,0.165077362118267,1.09315830911713,1.01315042970732,1.17948436259069,53
"eqtl-a-ENSG00000008438","ebi-a-GCST90018894","ebi-a-GCST90018894","eqtl-a-ENSG00000008438","Weighted mode",52,0.089946030211054,0.206452321079525,0.664911340226933,-0.314700519104815,0.494592579526923,1.09411523294354,0.730007464824633,1.63983000262425,53
"eqtl-a-ENSG00000008438","ebi-a-GCST90018894","ebi-a-GCST90018894","eqtl-a-ENSG00000008438","Simple mode",52,0.15512925685901,0.102687116937692,0.137036954564713,-0.046137492338866,0.356396006056887,1.16780889866022,0.954910660264329,1.42817300145387,53
