"id.exposure","id.outcome","outcome","exposure","method","nsnp","b","se","pval","lo_ci","up_ci","or","or_lci95","or_uci95","n_snps"
"eqtl-a-ENSG00000166033","ebi-a-GCST90018894","ebi-a-GCST90018894","eqtl-a-ENSG00000166033","Inverse variance weighted (fixed effects)",87,0.182282435360027,0.0253614840921908,6.60499929894987e-13,0.132573926539333,0.231990944180721,1.19995305519757,1.14176341958766,1.26110830840769,87
"eqtl-a-ENSG00000166033","ebi-a-GCST90018894","ebi-a-GCST90018894","eqtl-a-ENSG00000166033","MR Egger",87,0.253199853149258,0.0478424191052914,9.2852278466763e-07,0.159428711702887,0.346970994595629,1.28814069008495,1.17284064942777,1.41477568863434,87
"eqtl-a-ENSG00000166033","ebi-a-GCST90018894","ebi-a-GCST90018894","eqtl-a-ENSG00000166033","Weighted median",87,0.155521002786021,0.0376271318748507,3.57724759457336e-05,0.0817718243113141,0.229270181260729,1.16826647266032,1.08520816345712,1.25768179516291,87
"eqtl-a-ENSG00000166033","ebi-a-GCST90018894","ebi-a-GCST90018894","eqtl-a-ENSG00000166033","Weighted mode",87,0.162383530022807,0.120046989548861,0.179708016193115,-0.0729085694929598,0.397675629538574,1.17631130551897,0.929685827786662,1.48836117119909,87
"eqtl-a-ENSG00000166033","ebi-a-GCST90018894","ebi-a-GCST90018894","eqtl-a-ENSG00000166033","Simple mode",87,0.192489670268188,0.0594443773827538,0.00171018220596449,0.0759786905979905,0.309000649938385,1.21226398128096,1.07893958235501,1.36206325576033,87
