"id.exposure","id.outcome","outcome","exposure","method","nsnp","b","se","pval","lo_ci","up_ci","or","or_lci95","or_uci95","n_snps"
"eqtl-a-ENSG00000101425","ebi-a-GCST90018894","ebi-a-GCST90018894","eqtl-a-ENSG00000101425","Inverse variance weighted (fixed effects)",104,0.0511207928999778,0.0198521615403048,0.0100218527579472,0.0122105562809805,0.0900310295189752,1.05245001409469,1.01228540947946,1.09420823593367,106
"eqtl-a-ENSG00000101425","ebi-a-GCST90018894","ebi-a-GCST90018894","eqtl-a-ENSG00000101425","MR Egger",104,0.0947656154396471,0.0312930887179146,0.00311474733240383,0.0334311615525344,0.15610006932676,1.09940114227194,1.03399626257891,1.16894317259354,106
"eqtl-a-ENSG00000101425","ebi-a-GCST90018894","ebi-a-GCST90018894","eqtl-a-ENSG00000101425","Weighted median",104,0.0758842647065639,0.0306214233680171,0.0132068217351885,0.0158662749052504,0.135902254507877,1.07883770733305,1.01599281258637,1.1455699138272,106
"eqtl-a-ENSG00000101425","ebi-a-GCST90018894","ebi-a-GCST90018894","eqtl-a-ENSG00000101425","Weighted mode",104,0.0692792217825013,0.143022579251141,0.62913500547557,-0.211045033549734,0.349603477114737,1.07173541924755,0.809737600701669,1.41850496738004,106
"eqtl-a-ENSG00000101425","ebi-a-GCST90018894","ebi-a-GCST90018894","eqtl-a-ENSG00000101425","Simple mode",104,0.0874686451984084,0.0746889561170222,0.244258538562058,-0.0589217087909552,0.233858999187772,1.09140804302381,0.942780577699074,1.26346632986882,106
