"id.exposure","id.outcome","outcome","exposure","method","nsnp","b","se","pval","lo_ci","up_ci","or","or_lci95","or_uci95","n_snps"
"eqtl-a-ENSG00000187244","ebi-a-GCST90018894","ebi-a-GCST90018894","eqtl-a-ENSG00000187244","Inverse variance weighted (fixed effects)",8,-0.128896726920879,0.108753689385369,0.235931640323102,-0.342053958116203,0.0842605042744446,0.879064744580907,0.710309876692266,1.08791226269247,8
"eqtl-a-ENSG00000187244","ebi-a-GCST90018894","ebi-a-GCST90018894","eqtl-a-ENSG00000187244","MR Egger",8,0.186508592416993,0.461705281750482,0.700249045894997,-0.718433759813951,1.09145094464794,1.20503497620422,0.487515224243729,2.97859271190582,8
"eqtl-a-ENSG00000187244","ebi-a-GCST90018894","ebi-a-GCST90018894","eqtl-a-ENSG00000187244","Weighted median",8,-0.0759640315559206,0.139940742149,0.587246863061473,-0.35024788616796,0.198319823056119,0.926849543295811,0.704513428937436,1.21935230844825,8
"eqtl-a-ENSG00000187244","ebi-a-GCST90018894","ebi-a-GCST90018894","eqtl-a-ENSG00000187244","Weighted mode",8,-0.0275624735276296,0.335195670956511,0.936767260989583,-0.684545988602391,0.629421041547132,0.97281390553859,0.504319144245478,1.87652383536842,8
"eqtl-a-ENSG00000187244","ebi-a-GCST90018894","ebi-a-GCST90018894","eqtl-a-ENSG00000187244","Simple mode",8,-0.0629036098665605,0.333364262742311,0.855687257352736,-0.71629756484149,0.590490345108369,0.939033982937883,0.488557764953413,1.80487320920233,8
