"id.exposure","id.outcome","outcome","exposure","method","nsnp","b","se","pval","lo_ci","up_ci","or","or_lci95","or_uci95","n_snps"
"eqtl-a-ENSG00000115318","ebi-a-GCST90018894","ebi-a-GCST90018894","eqtl-a-ENSG00000115318","Inverse variance weighted (fixed effects)",48,-0.173940416340473,0.0262292161849054,3.32175022126041e-11,-0.225349680062888,-0.122531152618059,0.840346967114329,0.798237042371838,0.884678344467625,48
"eqtl-a-ENSG00000115318","ebi-a-GCST90018894","ebi-a-GCST90018894","eqtl-a-ENSG00000115318","MR Egger",48,-0.173585037218272,0.0517881158337214,0.00161264105973433,-0.275089744252366,-0.0720803301841783,0.840645661953658,0.759503959051369,0.93045614909521,48
"eqtl-a-ENSG00000115318","ebi-a-GCST90018894","ebi-a-GCST90018894","eqtl-a-ENSG00000115318","Weighted median",48,-0.177379278763748,0.035280031714301,4.96260992295143e-07,-0.246528140923778,-0.108230416603718,0.837462092692717,0.781509368831978,0.897420791954769,48
"eqtl-a-ENSG00000115318","ebi-a-GCST90018894","ebi-a-GCST90018894","eqtl-a-ENSG00000115318","Weighted mode",48,-0.185710400666712,0.0784412667335106,0.0220761335718095,-0.339455283464392,-0.0319655178690307,0.830514076481447,0.712158141443008,0.968539978825798,48
"eqtl-a-ENSG00000115318","ebi-a-GCST90018894","ebi-a-GCST90018894","eqtl-a-ENSG00000115318","Simple mode",48,-0.182814921903826,0.0661766273880194,0.00816035736214507,-0.312521111584344,-0.0531087322233077,0.832922297145569,0.731600183544623,0.948276898621002,48
