"id.exposure","id.outcome","outcome","exposure","method","nsnp","b","se","pval","lo_ci","up_ci","or","or_lci95","or_uci95","n_snps"
"eqtl-a-ENSG00000124469","ebi-a-GCST90018894","ebi-a-GCST90018894","eqtl-a-ENSG00000124469","Inverse variance weighted (fixed effects)",31,-0.0231520522854631,0.0525220408079697,0.659353152181354,-0.126095252269084,0.0797911476981575,0.977113900075654,0.881530874968118,1.08306084430178,31
"eqtl-a-ENSG00000124469","ebi-a-GCST90018894","ebi-a-GCST90018894","eqtl-a-ENSG00000124469","MR Egger",31,-0.0721449827478171,0.124503937924213,0.566753836429585,-0.316172701079275,0.171882735583641,0.930395994664408,0.728933551685439,1.1875385690315,31
"eqtl-a-ENSG00000124469","ebi-a-GCST90018894","ebi-a-GCST90018894","eqtl-a-ENSG00000124469","Weighted median",31,-0.036182202865285,0.0720725735098001,0.615650236553231,-0.177444446944493,0.105080041213923,0.964464549268717,0.837407518589961,1.11079951653931,31
"eqtl-a-ENSG00000124469","ebi-a-GCST90018894","ebi-a-GCST90018894","eqtl-a-ENSG00000124469","Weighted mode",31,-0.0403275386544277,0.189027495770993,0.832503303983531,-0.410821430365574,0.330166353056718,0.960474795004108,0.663105331505732,1.39119953951118,31
"eqtl-a-ENSG00000124469","ebi-a-GCST90018894","ebi-a-GCST90018894","eqtl-a-ENSG00000124469","Simple mode",31,0.024720234841084,0.129006880239566,0.849331336113696,-0.228133250428466,0.277573720110634,1.02502831319802,0.796018183004267,1.31992342045777,31
