"id.exposure","id.outcome","outcome","exposure","method","nsnp","b","se","pval","lo_ci","up_ci","or","or_lci95","or_uci95","n_snps"
"eqtl-a-ENSG00000196549","ebi-a-GCST90018894","ebi-a-GCST90018894","eqtl-a-ENSG00000196549","Inverse variance weighted (fixed effects)",66,-0.20608674731378,0.0346194846171271,2.63412862801751e-09,-0.273940937163349,-0.138232557464211,0.813762481511686,0.760376983956248,0.870896134796947,68
"eqtl-a-ENSG00000196549","ebi-a-GCST90018894","ebi-a-GCST90018894","eqtl-a-ENSG00000196549","MR Egger",66,-0.224405018644584,0.0743810813181206,0.00366084361774851,-0.3701919380281,-0.0786180992610676,0.798991462388066,0.690601765174575,0.924392883368382,68
"eqtl-a-ENSG00000196549","ebi-a-GCST90018894","ebi-a-GCST90018894","eqtl-a-ENSG00000196549","Weighted median",66,-0.207420195144449,0.0503673656081896,3.8193172229808e-05,-0.306140231736501,-0.108700158552398,0.812678094843236,0.736283361921878,0.896999334758983,68
"eqtl-a-ENSG00000196549","ebi-a-GCST90018894","ebi-a-GCST90018894","eqtl-a-ENSG00000196549","Weighted mode",66,-0.218033356588495,0.129974432663612,0.0982456818818407,-0.472783244609174,0.0367165314321836,0.804098619232458,0.623265152619058,1.03739890917138,68
"eqtl-a-ENSG00000196549","ebi-a-GCST90018894","ebi-a-GCST90018894","eqtl-a-ENSG00000196549","Simple mode",66,-0.205748397607766,0.115043852586683,0.0783661894263181,-0.431234348677665,0.0197375534621335,0.814037864393302,0.649706635041846,1.01993362684887,68
