"id.exposure","id.outcome","outcome","exposure","method","nsnp","b","se","pval","lo_ci","up_ci","or","or_lci95","or_uci95","n_snps"
"eqtl-a-ENSG00000100162","ebi-a-GCST90018894","ebi-a-GCST90018894","eqtl-a-ENSG00000100162","Inverse variance weighted (fixed effects)",83,-0.0858976404316057,0.0278836170153818,0.00206599649080577,-0.140549529781754,-0.0312457510814573,0.917688160576822,0.868880628399095,0.969237352678155,86
"eqtl-a-ENSG00000100162","ebi-a-GCST90018894","ebi-a-GCST90018894","eqtl-a-ENSG00000100162","MR Egger",83,0.136194235211901,0.0801634634319792,0.0931653695700835,-0.020926153114778,0.293314623538581,1.14590444697339,0.979291279510027,1.34086459163649,86
"eqtl-a-ENSG00000100162","ebi-a-GCST90018894","ebi-a-GCST90018894","eqtl-a-ENSG00000100162","Weighted median",83,-0.0281488842737981,0.0389101433063364,0.46941386249893,-0.104412765154217,0.0481149966066213,0.972243604242108,0.900853379784931,1.0492913133271,86
"eqtl-a-ENSG00000100162","ebi-a-GCST90018894","ebi-a-GCST90018894","eqtl-a-ENSG00000100162","Weighted mode",83,0.0126192088491541,0.0965523343287994,0.896334229341558,-0.176623366435293,0.201861784133601,1.01269916704756,0.838095379937861,1.223678864588,86
"eqtl-a-ENSG00000100162","ebi-a-GCST90018894","ebi-a-GCST90018894","eqtl-a-ENSG00000100162","Simple mode",83,0.00218990252476892,0.081523481886494,0.97863488543533,-0.157596121972759,0.161975927022297,1.0021923021126,0.854194702782263,1.17583193520434,86
