"id.exposure","id.outcome","outcome","exposure","method","nsnp","b","se","pval","lo_ci","up_ci","or","or_lci95","or_uci95","n_snps"
"eqtl-a-ENSG00000149516","ebi-a-GCST90018894","ebi-a-GCST90018894","eqtl-a-ENSG00000149516","Inverse variance weighted (fixed effects)",26,-0.0617697049750014,0.0664902882079699,0.352887315245936,-0.192090669862622,0.0685512599126195,0.940099362069631,0.825232041423626,1.0709555206304,27
"eqtl-a-ENSG00000149516","ebi-a-GCST90018894","ebi-a-GCST90018894","eqtl-a-ENSG00000149516","MR Egger",26,0.0605954757274125,0.230692187472957,0.795048079157778,-0.391561211719583,0.512752163174408,1.0624690327317,0.676000670064775,1.66988066062963,27
"eqtl-a-ENSG00000149516","ebi-a-GCST90018894","ebi-a-GCST90018894","eqtl-a-ENSG00000149516","Weighted median",26,-0.0738900013859675,0.0962714514371378,0.442774030404389,-0.262582046202758,0.114802043430823,0.928773852059029,0.76906326305958,1.12165137733505,27
"eqtl-a-ENSG00000149516","ebi-a-GCST90018894","ebi-a-GCST90018894","eqtl-a-ENSG00000149516","Weighted mode",26,-0.0664436391322814,0.187984813585756,0.726712712027071,-0.434893873760363,0.302006595495801,0.935715652116277,0.64733336248833,1.35257014755079,27
"eqtl-a-ENSG00000149516","ebi-a-GCST90018894","ebi-a-GCST90018894","eqtl-a-ENSG00000149516","Simple mode",26,-0.034586698014754,0.176119621558366,0.845898960420001,-0.37978115626915,0.310607760239642,0.966004585376082,0.68401108437167,1.36425400156318,27
