"id.exposure","id.outcome","outcome","exposure","method","nsnp","b","se","pval","lo_ci","up_ci","or","or_lci95","or_uci95","n_snps"
"eqtl-a-ENSG00000135862","ebi-a-GCST90018894","ebi-a-GCST90018894","eqtl-a-ENSG00000135862","Inverse variance weighted (fixed effects)",144,-0.0689693350062136,0.00829188214453782,8.9691518848428e-17,-0.0852214240095077,-0.0527172460029194,0.933355300973875,0.918308926243683,0.948648208636559,148
"eqtl-a-ENSG00000135862","ebi-a-GCST90018894","ebi-a-GCST90018894","eqtl-a-ENSG00000135862","MR Egger",144,-0.0920110707737783,0.0124958330431946,1.33243374940304e-11,-0.11650290353844,-0.0675192380091168,0.912095051891212,0.89002751274383,0.934709738488587,148
"eqtl-a-ENSG00000135862","ebi-a-GCST90018894","ebi-a-GCST90018894","eqtl-a-ENSG00000135862","Weighted median",144,-0.0823106666511536,0.0111207346001622,1.3460457164449e-13,-0.104107306467472,-0.0605140268348356,0.920985794675249,0.901128595306616,0.941280565738776,148
"eqtl-a-ENSG00000135862","ebi-a-GCST90018894","ebi-a-GCST90018894","eqtl-a-ENSG00000135862","Weighted mode",144,-0.0794956010976884,0.0526230060289013,0.133081049407025,-0.182636692914335,0.0236454907189582,0.923582082707029,0.833070761274826,1.02392726182362,148
"eqtl-a-ENSG00000135862","ebi-a-GCST90018894","ebi-a-GCST90018894","eqtl-a-ENSG00000135862","Simple mode",144,-0.0598683725905038,0.0223308003452664,0.0082036926751599,-0.103636741267226,-0.0161000039137817,0.941888503768918,0.901552734849342,0.984028908392478,148
