"id.exposure","id.outcome","outcome","exposure","method","nsnp","b","se","pval","lo_ci","up_ci","or","or_lci95","or_uci95","n_snps"
"eqtl-a-ENSG00000120057","ebi-a-GCST90018894","ebi-a-GCST90018894","eqtl-a-ENSG00000120057","Inverse variance weighted (fixed effects)",28,-0.30194133847026,0.0594559737996339,3.8062260095235e-07,-0.418475047117542,-0.185407629822977,0.739381436863534,0.658049549620378,0.830765569999648,28
"eqtl-a-ENSG00000120057","ebi-a-GCST90018894","ebi-a-GCST90018894","eqtl-a-ENSG00000120057","MR Egger",28,-0.305482640853443,0.192437640432079,0.124502037401578,-0.682660416100319,0.0716951343934328,0.736767694376876,0.505270971643912,1.07432776854629,28
"eqtl-a-ENSG00000120057","ebi-a-GCST90018894","ebi-a-GCST90018894","eqtl-a-ENSG00000120057","Weighted median",28,-0.278444196037289,0.0789563013340615,0.000420994514474063,-0.433198546652049,-0.123689845422528,0.75696050796727,0.648431735073209,0.883653867677182,28
"eqtl-a-ENSG00000120057","ebi-a-GCST90018894","ebi-a-GCST90018894","eqtl-a-ENSG00000120057","Weighted mode",28,-0.315973602070893,0.218278439294355,0.159249599112389,-0.743799343087829,0.111852138946043,0.729078696081329,0.475304635278598,1.11834748838097,28
"eqtl-a-ENSG00000120057","ebi-a-GCST90018894","ebi-a-GCST90018894","eqtl-a-ENSG00000120057","Simple mode",28,-0.400364076111399,0.167456314158718,0.0240458196297498,-0.728578451862487,-0.0721497003603109,0.67007604294043,0.482594534068953,0.930391605426993,28
