"id.exposure","id.outcome","outcome","exposure","method","nsnp","b","se","pval","lo_ci","up_ci","or","or_lci95","or_uci95","n_snps"
"eqtl-a-ENSG00000152952","ebi-a-GCST90018894","ebi-a-GCST90018894","eqtl-a-ENSG00000152952","Inverse variance weighted (fixed effects)",32,-0.0682964688584092,0.0437687944287478,0.118667316375049,-0.154083305938755,0.0174903682219364,0.933983535494942,0.857200608135578,1.01764422038028,33
"eqtl-a-ENSG00000152952","ebi-a-GCST90018894","ebi-a-GCST90018894","eqtl-a-ENSG00000152952","MR Egger",32,-0.258057022118315,0.0950827687023787,0.0109094067907819,-0.444419248774977,-0.0716947954616527,0.772551178346225,0.64119654360261,0.930814941407477,33
"eqtl-a-ENSG00000152952","ebi-a-GCST90018894","ebi-a-GCST90018894","eqtl-a-ENSG00000152952","Weighted median",32,-0.127832382522131,0.0648505847257889,0.0487029258798381,-0.254939528584677,-0.0007252364595845,0.880000870309654,0.774963359675352,0.999275026460813,33
"eqtl-a-ENSG00000152952","ebi-a-GCST90018894","ebi-a-GCST90018894","eqtl-a-ENSG00000152952","Weighted mode",32,-0.170929163825246,0.243951794571065,0.488736430388497,-0.649074681184533,0.307216353534042,0.842881277842475,0.522529059101427,1.35963509811128,33
"eqtl-a-ENSG00000152952","ebi-a-GCST90018894","ebi-a-GCST90018894","eqtl-a-ENSG00000152952","Simple mode",32,-0.193716479767598,0.174331899435241,0.275029370357213,-0.53540700266067,0.147974043125474,0.823891461056488,0.585430969687252,1.15948279942282,33
