"id.exposure","id.outcome","outcome","exposure","method","nsnp","b","se","pval","lo_ci","up_ci","or","or_lci95","or_uci95","n_snps"
"eqtl-a-ENSG00000157335","ebi-a-GCST90018894","ebi-a-GCST90018894","eqtl-a-ENSG00000157335","Inverse variance weighted (fixed effects)",95,0.0191046298042466,0.015769685526079,0.225712195177181,-0.0118039538268682,0.0500132134353613,1.01928829097268,0.988265439529082,1.05128498737048,101
"eqtl-a-ENSG00000157335","ebi-a-GCST90018894","ebi-a-GCST90018894","eqtl-a-ENSG00000157335","MR Egger",95,-0.0801008945688961,0.0456804745090069,0.0828102762097603,-0.16963462460655,0.00943283546875749,0.923023213659198,0.843973127281827,1.00947746487816,101
"eqtl-a-ENSG00000157335","ebi-a-GCST90018894","ebi-a-GCST90018894","eqtl-a-ENSG00000157335","Weighted median",95,0.0377050995189308,0.0216491470432088,0.0815708180298642,-0.0047272286857585,0.0801374277236201,1.03842495570108,0.995283927074233,1.08343595158085,101
"eqtl-a-ENSG00000157335","ebi-a-GCST90018894","ebi-a-GCST90018894","eqtl-a-ENSG00000157335","Weighted mode",95,0.0437956396555627,0.0531528847893224,0.412050282613849,-0.0603840145315093,0.147975293842635,1.04476882375386,0.941402951748875,1.15948424960877,101
"eqtl-a-ENSG00000157335","ebi-a-GCST90018894","ebi-a-GCST90018894","eqtl-a-ENSG00000157335","Simple mode",95,0.0437956396555627,0.0490745497038965,0.374440986041499,-0.0523904777640746,0.1399817570752,1.04476882375386,0.948958247393629,1.15025281469022,101
