"id.exposure","id.outcome","outcome","exposure","method","nsnp","b","se","pval","lo_ci","up_ci","or","or_lci95","or_uci95","n_snps"
"eqtl-a-ENSG00000186115","ebi-a-GCST90018894","ebi-a-GCST90018894","eqtl-a-ENSG00000186115","Inverse variance weighted (fixed effects)",12,-0.24796586403718,0.0926159847857886,0.00742059783156541,-0.429493194217326,-0.0664385338570344,0.780386582070712,0.650838860050634,0.935720429214428,12
"eqtl-a-ENSG00000186115","ebi-a-GCST90018894","ebi-a-GCST90018894","eqtl-a-ENSG00000186115","MR Egger",12,-0.145814758098914,0.371829482372193,0.703171643790853,-0.874600543548413,0.582971027350585,0.864317796227931,0.417028571164509,1.79135269027314,12
"eqtl-a-ENSG00000186115","ebi-a-GCST90018894","ebi-a-GCST90018894","eqtl-a-ENSG00000186115","Weighted median",12,-0.2344907963181,0.123048687471775,0.0566923965794321,-0.47566622376278,0.00668463112658008,0.79097351372649,0.621470879845158,1.00670702313954,12
"eqtl-a-ENSG00000186115","ebi-a-GCST90018894","ebi-a-GCST90018894","eqtl-a-ENSG00000186115","Weighted mode",12,-0.183827082867788,0.259008561634536,0.492640182426983,-0.691483863671479,0.323829697935903,0.83207967221835,0.500832350483641,1.38241185947834,12
"eqtl-a-ENSG00000186115","ebi-a-GCST90018894","ebi-a-GCST90018894","eqtl-a-ENSG00000186115","Simple mode",12,-0.20672494075949,0.237151905285386,0.401998304183696,-0.671542675118845,0.258092793599866,0.813243309313389,0.510919786276443,1.29445893055539,12
