"id.exposure","id.outcome","outcome","exposure","method","nsnp","b","se","pval","lo_ci","up_ci","or","or_lci95","or_uci95","n_snps"
"eqtl-a-ENSG00000165949","ebi-a-GCST90018894","ebi-a-GCST90018894","eqtl-a-ENSG00000165949","Inverse variance weighted (fixed effects)",37,-0.141977217305196,0.0446222021011048,0.00146382165462669,-0.229436733423361,-0.0545177011870303,0.867641023461378,0.794981262789843,0.946941746716505,37
"eqtl-a-ENSG00000165949","ebi-a-GCST90018894","ebi-a-GCST90018894","eqtl-a-ENSG00000165949","MR Egger",37,-0.401491218102925,0.0867131975784511,4.8777245018381e-05,-0.571449085356689,-0.231533350849161,0.669321197583782,0.564706537539619,0.793316237291758,37
"eqtl-a-ENSG00000165949","ebi-a-GCST90018894","ebi-a-GCST90018894","eqtl-a-ENSG00000165949","Weighted median",37,-0.185156710106103,0.0679066425274915,0.00639835392152576,-0.318253729459986,-0.0520596907522198,0.830974051616241,0.727418197571064,0.949272202379913,37
"eqtl-a-ENSG00000165949","ebi-a-GCST90018894","ebi-a-GCST90018894","eqtl-a-ENSG00000165949","Weighted mode",37,-0.18662538331114,0.374269497862906,0.621066886727655,-0.920193599122436,0.546942832500155,0.82975451805989,0.398441895615775,1.72796226455244,37
"eqtl-a-ENSG00000165949","ebi-a-GCST90018894","ebi-a-GCST90018894","eqtl-a-ENSG00000165949","Simple mode",37,-0.28507136865741,0.110465898273393,0.0140857407103861,-0.501584529273261,-0.06855820804156,0.75196058598684,0.605570355143462,0.933739107396886,37
