"id.exposure","id.outcome","outcome","exposure","method","nsnp","b","se","pval","lo_ci","up_ci","or","or_lci95","or_uci95","n_snps"
"eqtl-a-ENSG00000042980","ebi-a-GCST90018894","ebi-a-GCST90018894","eqtl-a-ENSG00000042980","Inverse variance weighted (fixed effects)",60,0.0249853349583232,0.0263644782371603,0.343287629768144,-0.026689042386511,0.0766597123031574,1.02530008434571,0.973663962677348,1.07967461388696,62
"eqtl-a-ENSG00000042980","ebi-a-GCST90018894","ebi-a-GCST90018894","eqtl-a-ENSG00000042980","MR Egger",60,0.0428523961213852,0.0577408996295978,0.460991582593875,-0.0703197671526265,0.156024559395397,1.04378381693983,0.932095718653065,1.16885490910724,62
"eqtl-a-ENSG00000042980","ebi-a-GCST90018894","ebi-a-GCST90018894","eqtl-a-ENSG00000042980","Weighted median",60,0.0372780533024942,0.0385469787640196,0.333503510050207,-0.0382740250749842,0.112830131679973,1.03798159492721,0.962449169547015,1.1194417591058,62
"eqtl-a-ENSG00000042980","ebi-a-GCST90018894","ebi-a-GCST90018894","eqtl-a-ENSG00000042980","Weighted mode",60,0.0320268968622526,0.175649837777051,0.855945853294407,-0.312246785180768,0.376300578905273,1.03254527715972,0.731800908322625,1.45688497685604,62
"eqtl-a-ENSG00000042980","ebi-a-GCST90018894","ebi-a-GCST90018894","eqtl-a-ENSG00000042980","Simple mode",60,0.0356482851850197,0.164306726237389,0.828986609703057,-0.286392898240263,0.357689468610302,1.03629130338304,0.750967504165351,1.43002148496543,62
