"id.exposure","id.outcome","outcome","exposure","method","nsnp","b","se","pval","lo_ci","up_ci","or","or_lci95","or_uci95","n_snps"
"eqtl-a-ENSG00000148346","ebi-a-GCST90018894","ebi-a-GCST90018894","eqtl-a-ENSG00000148346","Inverse variance weighted (fixed effects)",49,-0.0948213690662029,0.0410227160154914,0.0208088026300038,-0.175225892456566,-0.0144168456758399,0.909535391114144,0.839267415176647,0.985686579425988,49
"eqtl-a-ENSG00000148346","ebi-a-GCST90018894","ebi-a-GCST90018894","eqtl-a-ENSG00000148346","MR Egger",49,-0.19836388533445,0.131194516874816,0.137233504899816,-0.455505138409089,0.0587773677401899,0.820071386886489,0.63412756484182,1.06053910423794,49
"eqtl-a-ENSG00000148346","ebi-a-GCST90018894","ebi-a-GCST90018894","eqtl-a-ENSG00000148346","Weighted median",49,-0.101160455369342,0.0568091687278849,0.0749604125833851,-0.212506426075996,0.0101855153373127,0.903788003612886,0.808555120468107,1.01023756426361,49
"eqtl-a-ENSG00000148346","ebi-a-GCST90018894","ebi-a-GCST90018894","eqtl-a-ENSG00000148346","Weighted mode",49,-0.118373377403896,0.129610181075775,0.365647962365203,-0.372409332312414,0.135662577504622,0.888364295528793,0.689072125301844,1.14529537996428,49
"eqtl-a-ENSG00000148346","ebi-a-GCST90018894","ebi-a-GCST90018894","eqtl-a-ENSG00000148346","Simple mode",49,0.0442077330087287,0.101025643972876,0.6636468112844,-0.153802529178108,0.242217995195565,1.04519945476572,0.857441323937675,1.27407190409913,49
