"id.exposure","id.outcome","outcome","exposure","method","nsnp","b","se","pval","lo_ci","up_ci","or","or_lci95","or_uci95","n_snps"
"eqtl-a-ENSG00000197721","ebi-a-GCST90018894","ebi-a-GCST90018894","eqtl-a-ENSG00000197721","Inverse variance weighted (fixed effects)",51,-0.16435180427069,0.033308162669621,8.04469225093208e-07,-0.229635803103147,-0.0990678054382326,0.848443483328843,0.794823021875431,0.905681295824369,51
"eqtl-a-ENSG00000197721","ebi-a-GCST90018894","ebi-a-GCST90018894","eqtl-a-ENSG00000197721","MR Egger",51,-0.0110432896956601,0.0603260529848118,0.855506266128886,-0.129282353545891,0.107195774154571,0.989017463583646,0.878725819163819,1.11315215957149,51
"eqtl-a-ENSG00000197721","ebi-a-GCST90018894","ebi-a-GCST90018894","eqtl-a-ENSG00000197721","Weighted median",51,-0.120428634006531,0.047229218299394,0.0107761345760384,-0.212997901873343,-0.0278593661397191,0.886540353920918,0.808157832832201,0.972525127147305,51
"eqtl-a-ENSG00000197721","ebi-a-GCST90018894","ebi-a-GCST90018894","eqtl-a-ENSG00000197721","Weighted mode",51,-0.0836855948505361,0.114305032526634,0.467510165564873,-0.307723458602738,0.140352268901666,0.919720375464547,0.735118580621948,1.15067907592403,51
"eqtl-a-ENSG00000197721","ebi-a-GCST90018894","ebi-a-GCST90018894","eqtl-a-ENSG00000197721","Simple mode",51,-0.123451298757608,0.0813260552311631,0.135317599382727,-0.282850367010688,0.0359477694954717,0.883864685504206,0.753632547714167,1.03660170284703,51
