"id.exposure","id.outcome","outcome","exposure","method","nsnp","b","se","pval","lo_ci","up_ci","or","or_lci95","or_uci95","n_snps"
"eqtl-a-ENSG00000113520","ebi-a-GCST90018894","ebi-a-GCST90018894","eqtl-a-ENSG00000113520","Inverse variance weighted (fixed effects)",16,-0.246902704898071,0.0486808173136303,3.93928526920042e-07,-0.342317106832786,-0.151488302963355,0.781216698392165,0.710122984151183,0.859427934974182,16
"eqtl-a-ENSG00000113520","ebi-a-GCST90018894","ebi-a-GCST90018894","eqtl-a-ENSG00000113520","MR Egger",16,-0.175391271528508,0.147278701519165,0.253500973342046,-0.464057526506071,0.113274983449055,0.839128629386863,0.628727384937028,1.11993985553405,16
"eqtl-a-ENSG00000113520","ebi-a-GCST90018894","ebi-a-GCST90018894","eqtl-a-ENSG00000113520","Weighted median",16,-0.265817234056785,0.0616168493688878,1.60301677497301e-05,-0.386586258819806,-0.145048209293765,0.766579219272686,0.679372121009734,0.864980592002098,16
"eqtl-a-ENSG00000113520","ebi-a-GCST90018894","ebi-a-GCST90018894","eqtl-a-ENSG00000113520","Weighted mode",16,-0.272659257433023,0.122091776274488,0.0411923169205125,-0.511959138931019,-0.0333593759350274,0.761352168527645,0.599320276212372,0.967190911986337,16
"eqtl-a-ENSG00000113520","ebi-a-GCST90018894","ebi-a-GCST90018894","eqtl-a-ENSG00000113520","Simple mode",16,-0.27906130248918,0.101481713440049,0.0148901698734438,-0.477965460831676,-0.080157144146683,0.756493526857324,0.620043612402853,0.922971295453345,16
