"id.exposure","id.outcome","outcome","exposure","method","nsnp","b","se","pval","lo_ci","up_ci","or","or_lci95","or_uci95","n_snps"
"eqtl-a-ENSG00000117586","ebi-a-GCST90018894","ebi-a-GCST90018894","eqtl-a-ENSG00000117586","Inverse variance weighted (fixed effects)",104,-0.0392953136868013,0.0218483565129919,0.0720902398770833,-0.0821180924522654,0.00352746507866274,0.96146673293176,0.92116316985524,1.00353369390544,109
"eqtl-a-ENSG00000117586","ebi-a-GCST90018894","ebi-a-GCST90018894","eqtl-a-ENSG00000117586","MR Egger",104,-0.0234688073159234,0.0360932867949474,0.51700786733661,-0.0942116494340204,0.0472740348021735,0.976804443346047,0.91009012179618,1.04840927034506,109
"eqtl-a-ENSG00000117586","ebi-a-GCST90018894","ebi-a-GCST90018894","eqtl-a-ENSG00000117586","Weighted median",104,-0.0221327986174991,0.0347838207274626,0.52458364979432,-0.0903090872433259,0.0460434900083276,0.978110334725896,0.913648744452259,1.04711994922201,109
"eqtl-a-ENSG00000117586","ebi-a-GCST90018894","ebi-a-GCST90018894","eqtl-a-ENSG00000117586","Weighted mode",104,-0.0092642595885708,0.186175048587899,0.960409201043391,-0.374167354820852,0.35563883564371,0.99077852145081,0.687861785209916,1.42709204039978,109
"eqtl-a-ENSG00000117586","ebi-a-GCST90018894","ebi-a-GCST90018894","eqtl-a-ENSG00000117586","Simple mode",104,0.103517669982709,0.0910018530605729,0.257954542368192,-0.0748459620160135,0.281881301981432,1.1090653903582,0.927886405072019,1.32562136201889,109
