"id.exposure","id.outcome","outcome","exposure","method","nsnp","b","se","pval","lo_ci","up_ci","or","or_lci95","or_uci95","n_snps"
"eqtl-a-ENSG00000116962","ebi-a-GCST90018894","ebi-a-GCST90018894","eqtl-a-ENSG00000116962","Inverse variance weighted (fixed effects)",22,0.0468332248632688,0.058826633082422,0.425960653110971,-0.0684669759782783,0.162133425704816,1.04794722296367,0.93382429822823,1.17601714176951,22
"eqtl-a-ENSG00000116962","ebi-a-GCST90018894","ebi-a-GCST90018894","eqtl-a-ENSG00000116962","MR Egger",22,0.00946910182012777,0.143838808180643,0.948165717097153,-0.272454962213933,0.291393165854189,1.00951407560647,0.761507725024903,1.33829065071436,22
"eqtl-a-ENSG00000116962","ebi-a-GCST90018894","ebi-a-GCST90018894","eqtl-a-ENSG00000116962","Weighted median",22,0.0730315910759448,0.0815125479544837,0.370276691586994,-0.0867330029148433,0.232796185066733,1.07576452093658,0.916921878422408,1.26212421334851,22
"eqtl-a-ENSG00000116962","ebi-a-GCST90018894","ebi-a-GCST90018894","eqtl-a-ENSG00000116962","Weighted mode",22,0.0512032205151769,0.185568430859601,0.785301736442395,-0.312510903969641,0.414917344999995,1.0525367686149,0.731607651475528,1.5142455755513,22
"eqtl-a-ENSG00000116962","ebi-a-GCST90018894","ebi-a-GCST90018894","eqtl-a-ENSG00000116962","Simple mode",22,0.13834056847826,0.126611338287916,0.286928713109921,-0.109817654566056,0.386498791522576,1.14836658114303,0.895997501454755,1.47181861840574,22
