"id.exposure","id.outcome","outcome","exposure","method","nsnp","b","se","pval","lo_ci","up_ci","or","or_lci95","or_uci95","n_snps"
"eqtl-a-ENSG00000133048","ebi-a-GCST90018894","ebi-a-GCST90018894","eqtl-a-ENSG00000133048","Inverse variance weighted (fixed effects)",69,-0.0432898430060478,0.0166563557374166,0.00934961911641787,-0.0759363002513845,-0.0106433857607112,0.957633786382893,0.926875246399144,0.989413054653007,70
"eqtl-a-ENSG00000133048","ebi-a-GCST90018894","ebi-a-GCST90018894","eqtl-a-ENSG00000133048","MR Egger",69,-0.0484324321741654,0.0227869779345075,0.0372399469832861,-0.0930949089258001,-0.00376995542253065,0.952721710465702,0.911107024003582,0.996237141937701,70
"eqtl-a-ENSG00000133048","ebi-a-GCST90018894","ebi-a-GCST90018894","eqtl-a-ENSG00000133048","Weighted median",69,-0.0514219146710929,0.0222118267354062,0.0206091484388953,-0.094957095072489,-0.00788673426969675,0.949877818588307,0.909411951885079,0.99214428442007,70
"eqtl-a-ENSG00000133048","ebi-a-GCST90018894","ebi-a-GCST90018894","eqtl-a-ENSG00000133048","Weighted mode",69,-0.0458686235734669,0.195473326128916,0.81518233049257,-0.428996342786141,0.337259095639208,0.955167440433157,0.651162310616504,1.40110203614187,70
"eqtl-a-ENSG00000133048","ebi-a-GCST90018894","ebi-a-GCST90018894","eqtl-a-ENSG00000133048","Simple mode",69,-0.0648003527915404,0.0536026169835829,0.230886972334884,-0.169861482079363,0.0402607764962822,0.937254564957138,0.843781687386656,1.0410822285723,70
