"id.exposure","id.outcome","outcome","exposure","method","nsnp","b","se","pval","lo_ci","up_ci","or","or_lci95","or_uci95","n_snps"
"eqtl-a-ENSG00000104432","ebi-a-GCST90018894","ebi-a-GCST90018894","eqtl-a-ENSG00000104432","Inverse variance weighted (fixed effects)",11,-0.365489657568015,0.107558692429677,0.000678683775851026,-0.576304694730183,-0.154674620405848,0.693856815442472,0.561971189447846,0.856693882846549,11
"eqtl-a-ENSG00000104432","ebi-a-GCST90018894","ebi-a-GCST90018894","eqtl-a-ENSG00000104432","MR Egger",11,-0.234484575163302,0.3990758045204,0.571266937130567,-1.01667315202329,0.547704001696682,0.790978434510466,0.361796582452493,1.72927803690014,11
"eqtl-a-ENSG00000104432","ebi-a-GCST90018894","ebi-a-GCST90018894","eqtl-a-ENSG00000104432","Weighted median",11,-0.475870343104988,0.137474010783861,0.000537115261590397,-0.745319404241355,-0.206421281968622,0.621344038563782,0.474582692004392,0.81349029529121,11
"eqtl-a-ENSG00000104432","ebi-a-GCST90018894","ebi-a-GCST90018894","eqtl-a-ENSG00000104432","Weighted mode",11,-0.478238860406502,0.213412254938679,0.0489281728485768,-0.896526880086313,-0.0599508407266912,0.619874115914039,0.407984179899316,0.941810831182317,11
"eqtl-a-ENSG00000104432","ebi-a-GCST90018894","ebi-a-GCST90018894","eqtl-a-ENSG00000104432","Simple mode",11,-0.476513292519134,0.199990484535478,0.0384361283705134,-0.86849464220867,-0.0845319428295974,0.620944674177511,0.419582696158261,0.918942301290668,11
