"id.exposure","id.outcome","outcome","exposure","method","nsnp","b","se","pval","lo_ci","up_ci","or","or_lci95","or_uci95","n_snps"
"eqtl-a-ENSG00000124107","ebi-a-GCST90018894","ebi-a-GCST90018894","eqtl-a-ENSG00000124107","Inverse variance weighted (fixed effects)",63,-0.0237921504701748,0.0283125474454545,0.400718089792232,-0.0792847434632657,0.0317004425229161,0.976488651373587,0.923776847573292,1.03220825328787,64
"eqtl-a-ENSG00000124107","ebi-a-GCST90018894","ebi-a-GCST90018894","eqtl-a-ENSG00000124107","MR Egger",63,-0.0446231777081238,0.0528377237810216,0.401672006391989,-0.148185116318926,0.0589387609026787,0.956357790877209,0.862271479644725,1.06071028181099,64
"eqtl-a-ENSG00000124107","ebi-a-GCST90018894","ebi-a-GCST90018894","eqtl-a-ENSG00000124107","Weighted median",63,-0.0561550138058371,0.0408277547395051,0.169003523066321,-0.136177413095267,0.023867385483593,0.945392575630099,0.872687792511334,1.02415449113195,64
"eqtl-a-ENSG00000124107","ebi-a-GCST90018894","ebi-a-GCST90018894","eqtl-a-ENSG00000124107","Weighted mode",63,-0.0654239204057997,0.0921849885071643,0.480549299266365,-0.246106497879842,0.115258657068242,0.936670305545669,0.781838956300366,1.12216365559809,64
"eqtl-a-ENSG00000124107","ebi-a-GCST90018894","ebi-a-GCST90018894","eqtl-a-ENSG00000124107","Simple mode",63,-0.0830407122017502,0.0684615973983741,0.229749011325918,-0.217225443102563,0.0511440186990629,0.920313678461261,0.804748523848957,1.05247445837113,64
