"id.exposure","id.outcome","outcome","exposure","method","nsnp","b","se","pval","lo_ci","up_ci","or","or_lci95","or_uci95","n_snps"
"eqtl-a-ENSG00000228278","ebi-a-GCST90018894","ebi-a-GCST90018894","eqtl-a-ENSG00000228278","Inverse variance weighted (fixed effects)",57,-0.133290822771777,0.0254670237331486,1.66006704760597e-07,-0.183206189288748,-0.0833754562548052,0.875210523942994,0.832596465564313,0.92000566048692,59
"eqtl-a-ENSG00000228278","ebi-a-GCST90018894","ebi-a-GCST90018894","eqtl-a-ENSG00000228278","MR Egger",57,-0.0336598684848075,0.0475221703021873,0.481751292544292,-0.126803322277095,0.0594835853074796,0.966900321985322,0.880906910325812,1.06128834011478,59
"eqtl-a-ENSG00000228278","ebi-a-GCST90018894","ebi-a-GCST90018894","eqtl-a-ENSG00000228278","Weighted median",57,-0.107734015613751,0.035517992824441,0.00241956212388128,-0.177349281549655,-0.0381187496778462,0.897866383111108,0.837487214599199,0.962598625827183,59
"eqtl-a-ENSG00000228278","ebi-a-GCST90018894","ebi-a-GCST90018894","eqtl-a-ENSG00000228278","Weighted mode",57,-0.0990757979511634,0.13744794885832,0.474016211949944,-0.368473777713471,0.170322181811144,0.905674057183829,0.691789349658823,1.18568679650871,59
"eqtl-a-ENSG00000228278","ebi-a-GCST90018894","ebi-a-GCST90018894","eqtl-a-ENSG00000228278","Simple mode",57,-0.179865828590468,0.0557808177451194,0.0021073021422835,-0.289196231370902,-0.0705354258100337,0.835382288311467,0.748865240130851,0.931894725815507,59
