"id.exposure","id.outcome","outcome","exposure","method","nsnp","b","se","pval","lo_ci","up_ci","or","or_lci95","or_uci95","n_snps"
"eqtl-a-ENSG00000175445","ebi-a-GCST90018894","ebi-a-GCST90018894","eqtl-a-ENSG00000175445","Inverse variance weighted (fixed effects)",68,-0.0238171869321597,0.0129479025688293,0.0658471239423189,-0.0491950759670653,0.00156070210274578,0.976464203858629,0.951995400160081,1.00156192063211,69
"eqtl-a-ENSG00000175445","ebi-a-GCST90018894","ebi-a-GCST90018894","eqtl-a-ENSG00000175445","MR Egger",68,-0.0333855974195359,0.0173827465003589,0.0591019608968989,-0.0674557805602394,0.00068458572116762,0.967165551137323,0.934769054666039,1.00068482010345,69
"eqtl-a-ENSG00000175445","ebi-a-GCST90018894","ebi-a-GCST90018894","eqtl-a-ENSG00000175445","Weighted median",68,-0.0258556520069302,0.0171684871583866,0.132068514207471,-0.059505886837368,0.00779458282350763,0.97447574307479,0.942229986820208,1.00782503966557,69
"eqtl-a-ENSG00000175445","ebi-a-GCST90018894","ebi-a-GCST90018894","eqtl-a-ENSG00000175445","Weighted mode",68,-0.0282849490970922,0.0611357912582603,0.645108814124551,-0.148111099963282,0.0915412017690979,0.972111325087372,0.862335304199225,1.09586192721248,69
"eqtl-a-ENSG00000175445","ebi-a-GCST90018894","ebi-a-GCST90018894","eqtl-a-ENSG00000175445","Simple mode",68,-0.00909839801675316,0.0348647366237293,0.794921684561291,-0.0774332817992626,0.0592364857657563,0.990942867162643,0.925488769282349,1.0610261286498,69
