"id.exposure","id.outcome","outcome","exposure","method","nsnp","b","se","pval","lo_ci","up_ci","or","or_lci95","or_uci95","n_snps"
"eqtl-a-ENSG00000163710","ebi-a-GCST90018894","ebi-a-GCST90018894","eqtl-a-ENSG00000163710","Inverse variance weighted (fixed effects)",11,0.247826940068137,0.104802044256151,0.018043962654629,0.0424149333260812,0.453238946810192,1.28123818201406,1.0433273002154,1.57340010053584,11
"eqtl-a-ENSG00000163710","ebi-a-GCST90018894","ebi-a-GCST90018894","eqtl-a-ENSG00000163710","MR Egger",11,-0.911656070856202,0.506694170410713,0.10552026480408,-1.9047766448612,0.0814645031487964,0.401858167068289,0.148855886636612,1.08487470726445,11
"eqtl-a-ENSG00000163710","ebi-a-GCST90018894","ebi-a-GCST90018894","eqtl-a-ENSG00000163710","Weighted median",11,0.335313914880631,0.149769935307543,0.0251650279158195,0.0417648416778469,0.628862988083416,1.39837928839714,1.04264926226844,1.87547692688497,11
"eqtl-a-ENSG00000163710","ebi-a-GCST90018894","ebi-a-GCST90018894","eqtl-a-ENSG00000163710","Weighted mode",11,0.339725163694203,0.27622366839979,0.246887111482913,-0.201673226369385,0.881123553757791,1.40456151301446,0.817361976648259,2.41361000413949,11
"eqtl-a-ENSG00000163710","ebi-a-GCST90018894","ebi-a-GCST90018894","eqtl-a-ENSG00000163710","Simple mode",11,0.286605915738952,0.239733393167713,0.259464386498152,-0.183271534869766,0.75648336634767,1.33189922951486,0.83254206084209,2.13076989262016,11
