"id.exposure","id.outcome","outcome","exposure","method","nsnp","b","se","pval","lo_ci","up_ci","or","or_lci95","or_uci95","n_snps"
"eqtl-a-ENSG00000198336","ebi-a-GCST90018894","ebi-a-GCST90018894","eqtl-a-ENSG00000198336","Inverse variance weighted (fixed effects)",23,-0.0846571865957217,0.0613485339830856,0.16760566843738,-0.20490031320257,0.0355859400111261,0.918827216702967,0.814728530041319,1.03622669763548,24
"eqtl-a-ENSG00000198336","ebi-a-GCST90018894","ebi-a-GCST90018894","eqtl-a-ENSG00000198336","MR Egger",23,0.088366443369249,0.156465864238249,0.578217272128693,-0.218306650537719,0.395039537276217,1.09238834716026,0.803878893971403,1.48444288058889,24
"eqtl-a-ENSG00000198336","ebi-a-GCST90018894","ebi-a-GCST90018894","eqtl-a-ENSG00000198336","Weighted median",23,-0.0176508138844199,0.0873438081878753,0.83985080759213,-0.188844677932655,0.153543050163816,0.982504049238945,0.827915090191942,1.16595798072376,24
"eqtl-a-ENSG00000198336","ebi-a-GCST90018894","ebi-a-GCST90018894","eqtl-a-ENSG00000198336","Weighted mode",23,0.0279398528520689,0.284076618834905,0.922542442371781,-0.528850320064345,0.584730025768482,1.02833383121423,0.589282066149555,1.79450644973702,24
"eqtl-a-ENSG00000198336","ebi-a-GCST90018894","ebi-a-GCST90018894","eqtl-a-ENSG00000198336","Simple mode",23,-0.205111720724446,0.169257020453658,0.23843059457585,-0.536855480813615,0.126632039364723,0.814556308506886,0.584583599564313,1.1349993058698,24
