"id.exposure","id.outcome","outcome","exposure","method","nsnp","b","se","pval","lo_ci","up_ci","or","or_lci95","or_uci95","n_snps"
"eqtl-a-ENSG00000163737","ebi-a-GCST90018894","ebi-a-GCST90018894","eqtl-a-ENSG00000163737","Inverse variance weighted (multiplicative random effects)",19,-0.123655754151134,0.0766872955387304,0.106860296467038,-0.273962853407045,0.0266513451047778,0.883683993074508,0.760360319531578,1.02700966838614,19
"eqtl-a-ENSG00000163737","ebi-a-GCST90018894","ebi-a-GCST90018894","eqtl-a-ENSG00000163737","MR Egger",19,-0.626046832716634,0.237666334828971,0.0174044487180772,-1.09187284898142,-0.160220816451851,0.534701392526807,0.335587400271341,0.851955642371961,19
"eqtl-a-ENSG00000163737","ebi-a-GCST90018894","ebi-a-GCST90018894","eqtl-a-ENSG00000163737","Weighted median",19,-0.134100027566705,0.0831478010196967,0.106789915779978,-0.297069717565311,0.0288696624319003,0.874502585862523,0.742992210948235,1.02929043052044,19
"eqtl-a-ENSG00000163737","ebi-a-GCST90018894","ebi-a-GCST90018894","eqtl-a-ENSG00000163737","Weighted mode",19,-0.183906247705123,0.363296004816485,0.618848865728933,-0.895966417145433,0.528153921735187,0.832013803373732,0.40821290400232,1.69579883981445,19
"eqtl-a-ENSG00000163737","ebi-a-GCST90018894","ebi-a-GCST90018894","eqtl-a-ENSG00000163737","Simple mode",19,-0.339482072304856,0.16202573284982,0.0505599315578054,-0.657052508690504,-0.0219116359192086,0.712139063807707,0.518376996641838,0.978326680169639,19
