"id.exposure","id.outcome","outcome","exposure","method","nsnp","b","se","pval","lo_ci","up_ci","or","or_lci95","or_uci95","n_snps"
"eqtl-a-ENSG00000138722","ebi-a-GCST90018894","ebi-a-GCST90018894","eqtl-a-ENSG00000138722","Inverse variance weighted (multiplicative random effects)",89,-0.124672752696765,0.0416843450604394,0.00278177433640877,-0.206374069015226,-0.0429714363783039,0.882785744574883,0.813528703477284,0.957938751876369,92
"eqtl-a-ENSG00000138722","ebi-a-GCST90018894","ebi-a-GCST90018894","eqtl-a-ENSG00000138722","MR Egger",89,-0.33773605219225,0.0685681922858131,3.96980874701315e-06,-0.472129709072444,-0.203342395312056,0.71338355907681,0.623672611675084,0.815998799424958,92
"eqtl-a-ENSG00000138722","ebi-a-GCST90018894","ebi-a-GCST90018894","eqtl-a-ENSG00000138722","Weighted median",89,-0.106465600807617,0.0362275181728594,0.00329480613962311,-0.177471536426421,-0.0354596651888125,0.899005972708747,0.837384833961378,0.965161663058346,92
"eqtl-a-ENSG00000138722","ebi-a-GCST90018894","ebi-a-GCST90018894","eqtl-a-ENSG00000138722","Weighted mode",89,-0.101733645338638,0.355819415800824,0.775616178477983,-0.799139700308253,0.595672409630976,0.903270109834783,0.449715688011917,1.8142504543878,92
"eqtl-a-ENSG00000138722","ebi-a-GCST90018894","ebi-a-GCST90018894","eqtl-a-ENSG00000138722","Simple mode",89,-0.126633670878714,0.0876597014032897,0.15212008348817,-0.298446685629162,0.0451793438717336,0.881056370092663,0.741969838450746,1.0462154754184,92
