"id.exposure","id.outcome","outcome","exposure","method","nsnp","b","se","pval","lo_ci","up_ci","or","or_lci95","or_uci95","n_snps"
"eqtl-a-ENSG00000163421","ebi-a-GCST90018894","ebi-a-GCST90018894","eqtl-a-ENSG00000163421","Inverse variance weighted (fixed effects)",58,-0.0712574995353113,0.0175649651772207,4.97502688622584e-05,-0.105684831282664,-0.0368301677879587,0.93122207200132,0.899708163263811,0.963839812497244,59
"eqtl-a-ENSG00000163421","ebi-a-GCST90018894","ebi-a-GCST90018894","eqtl-a-ENSG00000163421","MR Egger",58,-0.0671100551326561,0.0243044503027587,0.00777209236595581,-0.114746777726063,-0.0194733325392491,0.93509228396823,0.89159188624899,0.980715048020001,59
"eqtl-a-ENSG00000163421","ebi-a-GCST90018894","ebi-a-GCST90018894","eqtl-a-ENSG00000163421","Weighted median",58,-0.0572281282930041,0.0248903336831291,0.0214929622948219,-0.106013182311937,-0.00844307427407111,0.944378605311555,0.899412791657797,0.991592468377439,59
"eqtl-a-ENSG00000163421","ebi-a-GCST90018894","ebi-a-GCST90018894","eqtl-a-ENSG00000163421","Weighted mode",58,-0.0566347811751302,0.0983565207281783,0.567009376042279,-0.24941356180236,0.136143999452099,0.944939115907427,0.779257635543727,1.14584688303873,59
"eqtl-a-ENSG00000163421","ebi-a-GCST90018894","ebi-a-GCST90018894","eqtl-a-ENSG00000163421","Simple mode",58,-0.101473278283799,0.0443414399502673,0.0258385606169488,-0.188382500586322,-0.0145640559812747,0.903505322232457,0.828297822229542,0.985541486883388,59
