"id.exposure","id.outcome","outcome","exposure","method","nsnp","b","se","pval","lo_ci","up_ci","or","or_lci95","or_uci95","n_snps"
"eqtl-a-ENSG00000102837","ebi-a-GCST90018894","ebi-a-GCST90018894","eqtl-a-ENSG00000102837","Inverse variance weighted (multiplicative random effects)",147,-0.00445784491078944,0.0205935787083448,0.828623188863176,-0.0448212591791453,0.0359055693575664,0.995552076531609,0.956168372879886,1.03655795903522,149
"eqtl-a-ENSG00000102837","ebi-a-GCST90018894","ebi-a-GCST90018894","eqtl-a-ENSG00000102837","MR Egger",147,0.107303912278142,0.0358564347792738,0.00325235137117112,0.037025300110765,0.177582524445518,1.11327254026602,1.03771927491864,1.19432661497739,149
"eqtl-a-ENSG00000102837","ebi-a-GCST90018894","ebi-a-GCST90018894","eqtl-a-ENSG00000102837","Weighted median",147,0.0236238792644944,0.0323374621745222,0.465058856081352,-0.0397575465975691,0.0870053051265579,1.02390513350534,0.961022414062504,1.09090246707858,149
"eqtl-a-ENSG00000102837","ebi-a-GCST90018894","ebi-a-GCST90018894","eqtl-a-ENSG00000102837","Weighted mode",147,0.0296765495363982,0.193923050616043,0.878583862616766,-0.350412629671046,0.409765728743843,1.03012128685416,0.704397374487053,1.50646482236366,149
"eqtl-a-ENSG00000102837","ebi-a-GCST90018894","ebi-a-GCST90018894","eqtl-a-ENSG00000102837","Simple mode",147,0.000863526720736418,0.0547428734005939,0.987436042168745,-0.106432505144428,0.1081595585859,1.00086389966728,0.899035726399982,1.11422551545134,149
