"id.exposure","id.outcome","outcome","exposure","method","nsnp","b","se","pval","lo_ci","up_ci","or","or_lci95","or_uci95","n_snps"
"eqtl-a-ENSG00000172232","ebi-a-GCST90018894","ebi-a-GCST90018894","eqtl-a-ENSG00000172232","Inverse variance weighted (fixed effects)",13,-0.0994743992270894,0.112672855444966,0.377311716043116,-0.320313195899222,0.121364397445044,0.905313126287599,0.725921645783924,1.12903625534344,13
"eqtl-a-ENSG00000172232","ebi-a-GCST90018894","ebi-a-GCST90018894","eqtl-a-ENSG00000172232","MR Egger",13,-0.613455455008104,0.480727184111606,0.228206416347734,-1.55568073586685,0.328769825850644,0.541476584710384,0.211045667375127,1.38925804749393,13
"eqtl-a-ENSG00000172232","ebi-a-GCST90018894","ebi-a-GCST90018894","eqtl-a-ENSG00000172232","Weighted median",13,-0.138505339337903,0.148528570222139,0.351069674389758,-0.429621336973295,0.152610658297488,0.870658602516228,0.650755465108758,1.16487135764403,13
"eqtl-a-ENSG00000172232","ebi-a-GCST90018894","ebi-a-GCST90018894","eqtl-a-ENSG00000172232","Weighted mode",13,-0.208202876225941,0.264755285168086,0.446886687846005,-0.72712323515539,0.310717482703507,0.812042275927236,0.483297324930163,1.364403699086,13
"eqtl-a-ENSG00000172232","ebi-a-GCST90018894","ebi-a-GCST90018894","eqtl-a-ENSG00000172232","Simple mode",13,0.191540855396436,0.263798112021076,0.481706930175568,-0.325503444164874,0.708585154957745,1.21111431268461,0.722163693011012,2.0311155110468,13
