"id.exposure","id.outcome","outcome","exposure","method","nsnp","b","se","pval","lo_ci","up_ci","or","or_lci95","or_uci95","n_snps"
"eqtl-a-ENSG00000184304","ebi-a-GCST90018894","ebi-a-GCST90018894","eqtl-a-ENSG00000184304","Inverse variance weighted (fixed effects)",45,-0.116550302187064,0.0233525684440505,6.00990290882315e-07,-0.162321336337403,-0.0707792680367252,0.889985327642254,0.850167970780708,0.931667518233049,46
"eqtl-a-ENSG00000184304","ebi-a-GCST90018894","ebi-a-GCST90018894","eqtl-a-ENSG00000184304","MR Egger",45,-0.105602880698689,0.0418811510986378,0.0154724513959086,-0.187689936852019,-0.0235158245453587,0.899781897894454,0.828871669952545,0.976758517787076,46
"eqtl-a-ENSG00000184304","ebi-a-GCST90018894","ebi-a-GCST90018894","eqtl-a-ENSG00000184304","Weighted median",45,-0.105658265240003,0.0310810983259951,0.00067524498816998,-0.166577217958954,-0.0447393125210531,0.899732065266747,0.846557444973489,0.956246730893162,46
"eqtl-a-ENSG00000184304","ebi-a-GCST90018894","ebi-a-GCST90018894","eqtl-a-ENSG00000184304","Weighted mode",45,-0.113676966270716,0.114509228635007,0.326268850285125,-0.338115054395331,0.110761121853899,0.892546231856305,0.713113236365966,1.11712801750893,46
"eqtl-a-ENSG00000184304","ebi-a-GCST90018894","ebi-a-GCST90018894","eqtl-a-ENSG00000184304","Simple mode",45,-0.176273989538769,0.0529853771531664,0.00178045758983831,-0.280125328758975,-0.0724226503185628,0.83838824225738,0.755689025952767,0.930137689731849,46
