"id.exposure","id.outcome","outcome","exposure","method","nsnp","b","se","pval","lo_ci","up_ci","or","or_lci95","or_uci95","n_snps"
"eqtl-a-ENSG00000169902","ebi-a-GCST90018894","ebi-a-GCST90018894","eqtl-a-ENSG00000169902","Inverse variance weighted (fixed effects)",190,-0.0343866754694554,0.00563002155899133,1.01055435075745e-09,-0.0454215177250784,-0.0233518332138324,0.966197827397756,0.955594596866919,0.976918710851765,202
"eqtl-a-ENSG00000169902","ebi-a-GCST90018894","ebi-a-GCST90018894","eqtl-a-ENSG00000169902","MR Egger",190,-0.0103721833062005,0.0143599046040651,0.471006519340596,-0.038517596330168,0.0177732297177671,0.98968142229129,0.96221477314201,1.01793211346169,202
"eqtl-a-ENSG00000169902","ebi-a-GCST90018894","ebi-a-GCST90018894","eqtl-a-ENSG00000169902","Weighted median",190,-0.0267806646894392,0.00791092051671943,0.000711062166663381,-0.0422860689022093,-0.0112752604766691,0.973574757429467,0.958595516978008,0.988788067037863,202
"eqtl-a-ENSG00000169902","ebi-a-GCST90018894","ebi-a-GCST90018894","eqtl-a-ENSG00000169902","Weighted mode",190,-0.0227131455777775,0.0231003402558556,0.326747020821055,-0.0679898124792545,0.0225635213236995,0.977542856049511,0.934269991423651,1.02282000298147,202
"eqtl-a-ENSG00000169902","ebi-a-GCST90018894","ebi-a-GCST90018894","eqtl-a-ENSG00000169902","Simple mode",190,-0.0355565073686104,0.0184707700164025,0.0557288791915597,-0.0717592166007593,0.000646201863538524,0.965068199224732,0.930754979180093,1.00064641069694,202
