"id.exposure","id.outcome","outcome","exposure","method","nsnp","b","se","pval","lo_ci","up_ci","or","or_lci95","or_uci95","n_snps"
"eqtl-a-ENSG00000198898","ebi-a-GCST90018894","ebi-a-GCST90018894","eqtl-a-ENSG00000198898","Inverse variance weighted (fixed effects)",100,-0.0724909538134351,0.0171246475275516,2.30455532201865e-05,-0.106055262967436,-0.0389266446594339,0.930074160246596,0.89937494457428,0.961821261284832,101
"eqtl-a-ENSG00000198898","ebi-a-GCST90018894","ebi-a-GCST90018894","eqtl-a-ENSG00000198898","MR Egger",100,0.0769869740722556,0.0312991947262843,0.0156565644053013,0.0156405524087384,0.138333395735773,1.08002800793418,1.01576350603307,1.1483583442348,101
"eqtl-a-ENSG00000198898","ebi-a-GCST90018894","ebi-a-GCST90018894","eqtl-a-ENSG00000198898","Weighted median",100,-0.0703612200062008,0.0244494842568983,0.00400433280454731,-0.118282209149721,-0.0224402308626802,0.93205708142654,0.888445289842687,0.977809678287766,101
"eqtl-a-ENSG00000198898","ebi-a-GCST90018894","ebi-a-GCST90018894","eqtl-a-ENSG00000198898","Weighted mode",100,-0.0414011733639845,0.317744258011458,0.896595718025985,-0.664179919066442,0.581377572338473,0.959444149294043,0.514695446601512,1.7885005233537,101
"eqtl-a-ENSG00000198898","ebi-a-GCST90018894","ebi-a-GCST90018894","eqtl-a-ENSG00000198898","Simple mode",100,-0.0354376513810999,0.319849235861062,0.91200332542732,-0.662342153668781,0.591466850906581,0.965182910175473,0.515642205777773,1.806636539167,101
