"id.exposure","id.outcome","outcome","exposure","method","nsnp","b","se","pval","lo_ci","up_ci","or","or_lci95","or_uci95","n_snps"
"eqtl-a-ENSG00000086548","ebi-a-GCST90018894","ebi-a-GCST90018894","eqtl-a-ENSG00000086548","Inverse variance weighted (fixed effects)",31,-0.00863557007184771,0.0560313701798581,0.877514903669737,-0.11845705562437,0.101185915480674,0.991401609364537,0.888289961895508,1.10648233483721,33
"eqtl-a-ENSG00000086548","ebi-a-GCST90018894","ebi-a-GCST90018894","eqtl-a-ENSG00000086548","MR Egger",31,-0.162852880482307,0.14522754278207,0.27133305801368,-0.447498864335165,0.121793103370551,0.849716189055257,0.639224942195206,1.12952038364314,33
"eqtl-a-ENSG00000086548","ebi-a-GCST90018894","ebi-a-GCST90018894","eqtl-a-ENSG00000086548","Weighted median",31,-0.0409559016052905,0.0822127771277543,0.618364547650244,-0.202092944775689,0.120181141565108,0.959871457804913,0.817018986766665,1.12770110662271,33
"eqtl-a-ENSG00000086548","ebi-a-GCST90018894","ebi-a-GCST90018894","eqtl-a-ENSG00000086548","Weighted mode",31,-0.0522742009816717,0.2107991190177,0.805838571794209,-0.465440474256363,0.360892072293019,0.949068595620615,0.627858488771965,1.43460861850421,33
"eqtl-a-ENSG00000086548","ebi-a-GCST90018894","ebi-a-GCST90018894","eqtl-a-ENSG00000086548","Simple mode",31,-0.00962367271302078,0.150705182955459,0.949507210375253,-0.30500583130572,0.285758485879678,0.990422486632403,0.737119076012411,1.33077101644646,33
