"id.exposure","id.outcome","outcome","exposure","method","nsnp","b","se","pval","lo_ci","up_ci","or","or_lci95","or_uci95","n_snps"
"eqtl-a-ENSG00000131471","ebi-a-GCST90018894","ebi-a-GCST90018894","eqtl-a-ENSG00000131471","Inverse variance weighted (fixed effects)",2,0.400856173454125,0.380490915393215,0.29210106639098,-0.344906020716577,1.14661836762483,1.49310250528003,0.708286914636761,3.14753109962058,2
