"id.exposure","id.outcome","outcome","exposure","method","nsnp","b","se","pval","lo_ci","up_ci","or","or_lci95","or_uci95","n_snps"
"eqtl-a-ENSG00000182240","ebi-a-GCST90018894","ebi-a-GCST90018894","eqtl-a-ENSG00000182240","Inverse variance weighted (fixed effects)",18,0.0218448453736339,0.0498128017606679,0.660995763809326,-0.0757882460772752,0.119477936824543,1.02208519092158,0.927012484307324,1.1269083806156,18
"eqtl-a-ENSG00000182240","ebi-a-GCST90018894","ebi-a-GCST90018894","eqtl-a-ENSG00000182240","MR Egger",18,-0.108714510205428,0.101957148355623,0.302124826526031,-0.30855052098245,0.0911215005715943,0.896986461428139,0.734510843052372,1.09540208915337,18
"eqtl-a-ENSG00000182240","ebi-a-GCST90018894","ebi-a-GCST90018894","eqtl-a-ENSG00000182240","Weighted median",18,-0.0391441012517313,0.0691301952178048,0.571232416264652,-0.174639283878629,0.096351081375166,0.961612129650305,0.83975988106981,1.10114558784659,18
"eqtl-a-ENSG00000182240","ebi-a-GCST90018894","ebi-a-GCST90018894","eqtl-a-ENSG00000182240","Weighted mode",18,-0.0322112493553923,0.208967856656929,0.879310933888456,-0.441788248402974,0.377365749692189,0.968302007296946,0.642885753128386,1.45843763494951,18
"eqtl-a-ENSG00000182240","ebi-a-GCST90018894","ebi-a-GCST90018894","eqtl-a-ENSG00000182240","Simple mode",18,0.0181267006155255,0.127661188215439,0.888756537033873,-0.232089228286735,0.268342629517786,1.01829198643826,0.792875373239128,1.30779515248186,18
