"id.exposure","id.outcome","outcome","exposure","method","nsnp","b","se","pval","lo_ci","up_ci","or","or_lci95","or_uci95","n_snps"
"eqtl-a-ENSG00000012223","ebi-a-GCST90018894","ebi-a-GCST90018894","eqtl-a-ENSG00000012223","Inverse variance weighted (fixed effects)",16,-0.0330996709321231,0.0763334792280707,0.664564906804696,-0.182713290219142,0.116513948354895,0.96744212892468,0.833006952743611,1.1235731823554,16
"eqtl-a-ENSG00000012223","ebi-a-GCST90018894","ebi-a-GCST90018894","eqtl-a-ENSG00000012223","MR Egger",16,0.0345543798313769,0.2288395062492,0.882131173906683,-0.413971052417055,0.483079812079808,1.03515831858039,0.661020085922726,1.62105927996179,16
"eqtl-a-ENSG00000012223","ebi-a-GCST90018894","ebi-a-GCST90018894","eqtl-a-ENSG00000012223","Weighted median",16,-0.000881082100492789,0.102365528197393,0.993132520907734,-0.201517517367382,0.199755353166397,0.999119305938368,0.817489257175022,1.22110398239159,16
"eqtl-a-ENSG00000012223","ebi-a-GCST90018894","ebi-a-GCST90018894","eqtl-a-ENSG00000012223","Weighted mode",16,-0.010702059934091,0.245088900772592,0.965746598916014,-0.491076305448371,0.469672185580189,0.989355003362966,0.611967375774711,1.59946977800934,16
"eqtl-a-ENSG00000012223","ebi-a-GCST90018894","ebi-a-GCST90018894","eqtl-a-ENSG00000012223","Simple mode",16,-0.010702059934091,0.210500651668242,0.960123083653033,-0.423283337203845,0.401879217335663,0.989355003362966,0.654893051255965,1.49463079628365,16
