"id.exposure","id.outcome","outcome","exposure","method","nsnp","b","se","pval","lo_ci","up_ci","or","or_lci95","or_uci95","n_snps"
"eqtl-a-ENSG00000154277","ebi-a-GCST90018894","ebi-a-GCST90018894","eqtl-a-ENSG00000154277","Inverse variance weighted (fixed effects)",19,0.342788260367714,0.0829053797397564,3.55430061709541e-05,0.180293716077791,0.505282804657636,1.40887041663785,1.19756905675648,1.65745418995151,19
"eqtl-a-ENSG00000154277","ebi-a-GCST90018894","ebi-a-GCST90018894","eqtl-a-ENSG00000154277","MR Egger",19,0.830414250318035,0.603683048994503,0.186807314974142,-0.35280452571119,2.01363302634726,2.29426894507943,0.702714542578132,7.49048108929754,19
"eqtl-a-ENSG00000154277","ebi-a-GCST90018894","ebi-a-GCST90018894","eqtl-a-ENSG00000154277","Weighted median",19,0.15505249353597,0.127768930188894,0.224924070850581,-0.0953746096342617,0.405479596706202,1.16771925720912,0.909032338405109,1.5000217330545,19
"eqtl-a-ENSG00000154277","ebi-a-GCST90018894","ebi-a-GCST90018894","eqtl-a-ENSG00000154277","Weighted mode",19,0.14583232845887,0.286314475306435,0.616699125050132,-0.415344043141742,0.707008700059483,1.15700217544821,0.660113134236523,2.02791607159908,19
"eqtl-a-ENSG00000154277","ebi-a-GCST90018894","ebi-a-GCST90018894","eqtl-a-ENSG00000154277","Simple mode",19,0.187259940843562,0.275587717041679,0.505470473703089,-0.352891984558128,0.727411866245252,1.20594071755861,0.702653086661983,2.06971696541537,19
