"id.exposure","id.outcome","outcome","exposure","method","nsnp","b","se","pval","lo_ci","up_ci","or","or_lci95","or_uci95","n_snps"
"eqtl-a-ENSG00000161944","ebi-a-GCST90018894","ebi-a-GCST90018894","eqtl-a-ENSG00000161944","Inverse variance weighted (fixed effects)",103,-0.0855680049093007,0.016493576867225,2.12611094604332e-07,-0.117895415569062,-0.0532405942495397,0.917990713056229,0.888789001245962,0.948151865151485,105
"eqtl-a-ENSG00000161944","ebi-a-GCST90018894","ebi-a-GCST90018894","eqtl-a-ENSG00000161944","MR Egger",103,-0.0601142635727107,0.0254750180949299,0.0202105153086074,-0.110045299038773,-0.0101832281066482,0.941656930351671,0.895793555790412,0.989868445410871,105
"eqtl-a-ENSG00000161944","ebi-a-GCST90018894","ebi-a-GCST90018894","eqtl-a-ENSG00000161944","Weighted median",103,-0.0585435657146719,0.0261292887025986,0.0250562611937752,-0.109756971571765,-0.00733015985757853,0.94313715106061,0.896051874915775,0.992696640241207,105
"eqtl-a-ENSG00000161944","ebi-a-GCST90018894","ebi-a-GCST90018894","eqtl-a-ENSG00000161944","Weighted mode",103,-0.0650191983536939,0.13218003527546,0.62384787086088,-0.324092067493596,0.194053670786208,0.937049473397496,0.723183657607977,1.21416144620694,105
"eqtl-a-ENSG00000161944","ebi-a-GCST90018894","ebi-a-GCST90018894","eqtl-a-ENSG00000161944","Simple mode",103,-0.0550222810984211,0.0467144977229476,0.241600545634005,-0.146582696635398,0.0365381344385563,0.946464059459686,0.863654308076105,1.03721385683168,105
