"id.exposure","id.outcome","outcome","exposure","method","nsnp","b","se","pval","lo_ci","up_ci","or","or_lci95","or_uci95","n_snps"
"eqtl-a-ENSG00000122035","ebi-a-GCST90018894","ebi-a-GCST90018894","eqtl-a-ENSG00000122035","Inverse variance weighted (fixed effects)",26,0.0844246467502385,0.0372956900390096,0.0235952242093043,0.0113250942737796,0.157524199226697,1.0880908499612,1.01138946592945,1.17060908547357,27
"eqtl-a-ENSG00000122035","ebi-a-GCST90018894","ebi-a-GCST90018894","eqtl-a-ENSG00000122035","MR Egger",26,-0.0219410880530984,0.117291680820697,0.853182593526333,-0.251832782461664,0.207950606355467,0.978297866785577,0.777374717887881,1.23115235694512,27
"eqtl-a-ENSG00000122035","ebi-a-GCST90018894","ebi-a-GCST90018894","eqtl-a-ENSG00000122035","Weighted median",26,0.107224951593315,0.0526584613281412,0.041726859368109,0.00401436739015787,0.210435535796471,1.11318463897426,1.00402243575578,1.23421548793924,27
"eqtl-a-ENSG00000122035","ebi-a-GCST90018894","ebi-a-GCST90018894","eqtl-a-ENSG00000122035","Weighted mode",26,0.188510991581674,0.114771983208388,0.11301077805896,-0.036442095506766,0.413464078670114,1.20745035470287,0.964213924598557,1.51204657169733,27
"eqtl-a-ENSG00000122035","ebi-a-GCST90018894","ebi-a-GCST90018894","eqtl-a-ENSG00000122035","Simple mode",26,0.136505134861799,0.103156608769658,0.197717581157861,-0.0656818183267301,0.338692088050328,1.14626076365126,0.936428771368191,1.40311124397283,27
