"id.exposure","id.outcome","outcome","exposure","method","nsnp","b","se","pval","lo_ci","up_ci","or","or_lci95","or_uci95","n_snps"
"eqtl-a-ENSG00000100448","ebi-a-GCST90018894","ebi-a-GCST90018894","eqtl-a-ENSG00000100448","Inverse variance weighted (fixed effects)",108,0.00869929108773779,0.012406775995934,0.483195321983868,-0.0156179898642928,0.0330165720397684,1.00873723988317,0.984503338483225,1.03356766742387,111
"eqtl-a-ENSG00000100448","ebi-a-GCST90018894","ebi-a-GCST90018894","eqtl-a-ENSG00000100448","MR Egger",108,0.00156016960388575,0.0159385582826752,0.922207281061626,-0.0296794046301576,0.0327997438379291,1.00156138730167,0.970756703770449,1.03334358509962,111
"eqtl-a-ENSG00000100448","ebi-a-GCST90018894","ebi-a-GCST90018894","eqtl-a-ENSG00000100448","Weighted median",108,0.00450980256878342,0.0170865425305864,0.791827030557009,-0.0289798207911658,0.0379994259287327,1.00451998703261,0.971436067080088,1.03873063657291,111
"eqtl-a-ENSG00000100448","ebi-a-GCST90018894","ebi-a-GCST90018894","eqtl-a-ENSG00000100448","Weighted mode",108,0.00222884712721905,0.0794496963540217,0.977671686797642,-0.153492557726664,0.157950251981102,1.0022313328534,0.857707147466109,1.1711079329589,111
"eqtl-a-ENSG00000100448","ebi-a-GCST90018894","ebi-a-GCST90018894","eqtl-a-ENSG00000100448","Simple mode",108,0.062438910074003,0.0355857603938622,0.0821897208856079,-0.00730918029796683,0.132187000445973,1.06442943101644,0.992717466798013,1.14132172698489,111
