"id.exposure","id.outcome","outcome","exposure","method","nsnp","b","se","pval","lo_ci","up_ci","or","or_lci95","or_uci95","n_snps"
"eqtl-a-ENSG00000150637","ebi-a-GCST90018894","ebi-a-GCST90018894","eqtl-a-ENSG00000150637","Inverse variance weighted (fixed effects)",81,0.0310390080400897,0.0209324190403648,0.138122260660738,-0.00998853327902529,0.0720665493592047,1.03152574089919,0.990061186439452,1.07472686406811,81
"eqtl-a-ENSG00000150637","ebi-a-GCST90018894","ebi-a-GCST90018894","eqtl-a-ENSG00000150637","MR Egger",81,0.0433303806825103,0.0341627549569346,0.208397430233753,-0.0236286190330815,0.110289380398102,1.04428284874473,0.976648351023652,1.11660114619493,81
"eqtl-a-ENSG00000150637","ebi-a-GCST90018894","ebi-a-GCST90018894","eqtl-a-ENSG00000150637","Weighted median",81,0.0513307401121021,0.0295247622375506,0.0821111771452971,-0.00653779387349703,0.109199274097701,1.05267099623753,0.993483531003012,1.11538459545571,81
"eqtl-a-ENSG00000150637","ebi-a-GCST90018894","ebi-a-GCST90018894","eqtl-a-ENSG00000150637","Weighted mode",81,0.0597435876331551,0.175213295753775,0.734015279596134,-0.283674472044244,0.403161647310555,1.06156431342672,0.753011731182294,1.49654878519858,81
"eqtl-a-ENSG00000150637","ebi-a-GCST90018894","ebi-a-GCST90018894","eqtl-a-ENSG00000150637","Simple mode",81,0.0785373448289099,0.0631765123543907,0.21744670590059,-0.0452886193856959,0.202363309043516,1.08170375044949,0.955721602241181,1.22429272394034,81
