"id.exposure","id.outcome","outcome","exposure","method","nsnp","b","se","pval","lo_ci","up_ci","or","or_lci95","or_uci95","n_snps"
"eqtl-a-ENSG00000005381","ebi-a-GCST90018894","ebi-a-GCST90018894","eqtl-a-ENSG00000005381","Inverse variance weighted (fixed effects)",106,-0.0827437615975354,0.0117035246859983,1.54948764507922e-12,-0.105682669982092,-0.0598048532129786,0.920587006744638,0.89971010780568,0.94194833384054,106
"eqtl-a-ENSG00000005381","ebi-a-GCST90018894","ebi-a-GCST90018894","eqtl-a-ENSG00000005381","MR Egger",106,-0.0746468647346446,0.0267494785988102,0.00626023048700743,-0.127075842788313,-0.0222178866809767,0.92807116312449,0.880666877832649,0.978027112752295,106
"eqtl-a-ENSG00000005381","ebi-a-GCST90018894","ebi-a-GCST90018894","eqtl-a-ENSG00000005381","Weighted median",106,-0.0890136404671291,0.0158414632599454,1.92033694995437e-08,-0.120062908456622,-0.0579643724776362,0.914833094738586,0.886864643676283,0.943683567945309,106
"eqtl-a-ENSG00000005381","ebi-a-GCST90018894","ebi-a-GCST90018894","eqtl-a-ENSG00000005381","Weighted mode",106,-0.0887574340583751,0.0397462615324181,0.0276639125802788,-0.166660106661915,-0.0108547614548356,0.915067510868574,0.846487277832966,0.989203938883578,106
"eqtl-a-ENSG00000005381","ebi-a-GCST90018894","ebi-a-GCST90018894","eqtl-a-ENSG00000005381","Simple mode",106,-0.0941711013258137,0.0324616804724017,0.00453209209723721,-0.157795995051721,-0.0305462075999064,0.910127024977088,0.854023989318067,0.969915613559126,106
