"id.exposure","id.outcome","outcome","exposure","method","nsnp","b","se","pval","lo_ci","up_ci","or","or_lci95","or_uci95","n_snps"
"eqtl-a-ENSG00000113296","ebi-a-GCST90018894","ebi-a-GCST90018894","eqtl-a-ENSG00000113296","Inverse variance weighted (fixed effects)",8,0.0146537917867765,0.143310141718609,0.918556414853281,-0.266234085981696,0.295541669555249,1.01476168496417,0.766259735842803,1.34385408641982,8
"eqtl-a-ENSG00000113296","ebi-a-GCST90018894","ebi-a-GCST90018894","eqtl-a-ENSG00000113296","MR Egger",8,0.842788205102313,1.16335830308576,0.49605911555456,-1.43739406894578,3.12297047915041,2.32283449519859,0.237545981258927,22.7137502536962,8
"eqtl-a-ENSG00000113296","ebi-a-GCST90018894","ebi-a-GCST90018894","eqtl-a-ENSG00000113296","Weighted median",8,0.132828977802052,0.176895016461095,0.4527179101454,-0.213885254461694,0.479543210065797,1.14205466492922,0.807441029962917,1.61533636425003,8
"eqtl-a-ENSG00000113296","ebi-a-GCST90018894","ebi-a-GCST90018894","eqtl-a-ENSG00000113296","Weighted mode",8,0.194793212532021,0.361056790058358,0.606263123127016,-0.512878095982361,0.902464521046402,1.21505970139023,0.598769779598648,2.46567233057772,8
"eqtl-a-ENSG00000113296","ebi-a-GCST90018894","ebi-a-GCST90018894","eqtl-a-ENSG00000113296","Simple mode",8,0.194793212532021,0.335661389319838,0.579887452676086,-0.463103110534863,0.852689535598904,1.21505970139023,0.629327738842854,2.3459478850513,8
