"id.exposure","id.outcome","outcome","exposure","method","nsnp","b","se","pval","lo_ci","up_ci","or","or_lci95","or_uci95","n_snps"
"eqtl-a-ENSG00000079215","ebi-a-GCST90018894","ebi-a-GCST90018894","eqtl-a-ENSG00000079215","Inverse variance weighted (fixed effects)",64,-0.0406119397428938,0.0359255478358614,0.258287778856926,-0.111026013501182,0.0298021340153945,0.960201673766794,0.894915468741629,1.03025066222287,65
"eqtl-a-ENSG00000079215","ebi-a-GCST90018894","ebi-a-GCST90018894","eqtl-a-ENSG00000079215","MR Egger",64,-0.110897891174016,0.0984818436536053,0.264473941303341,-0.303922304735083,0.0821265223870504,0.895030134739581,0.737918196973208,1.08559315297795,65
"eqtl-a-ENSG00000079215","ebi-a-GCST90018894","ebi-a-GCST90018894","eqtl-a-ENSG00000079215","Weighted median",64,-0.053174529751612,0.0527119182307181,0.313081966896488,-0.156489889483819,0.0501408299805954,0.948214506397574,0.855140163567663,1.05141915728959,65
"eqtl-a-ENSG00000079215","ebi-a-GCST90018894","ebi-a-GCST90018894","eqtl-a-ENSG00000079215","Weighted mode",64,-0.0565744672956288,0.176617916841267,0.749784857281764,-0.402745584304512,0.289596649713255,0.944996110570168,0.668482150041981,1.33588854831301,65
"eqtl-a-ENSG00000079215","ebi-a-GCST90018894","ebi-a-GCST90018894","eqtl-a-ENSG00000079215","Simple mode",64,-0.143427982989761,0.12568319138102,0.25811160737967,-0.389767038096561,0.102911072117039,0.866383192267801,0.677214621330172,1.10839283766466,65
