"id.exposure","id.outcome","outcome","exposure","method","nsnp","b","se","pval","lo_ci","up_ci","or","or_lci95","or_uci95","n_snps"
"eqtl-a-ENSG00000163736","ebi-a-GCST90018894","ebi-a-GCST90018894","eqtl-a-ENSG00000163736","Inverse variance weighted (multiplicative random effects)",52,0.0489175306364323,0.0300955486812231,0.104075758225874,-0.0100697447787649,0.10790480605163,1.05013374330738,0.989980785350458,1.11394169983044,56
"eqtl-a-ENSG00000163736","ebi-a-GCST90018894","ebi-a-GCST90018894","eqtl-a-ENSG00000163736","MR Egger",52,-0.0548141920867744,0.0418707176052687,0.196475118874119,-0.136880798593101,0.0272524144195523,0.946661028723238,0.872074172404986,1.02762715794221,56
"eqtl-a-ENSG00000163736","ebi-a-GCST90018894","ebi-a-GCST90018894","eqtl-a-ENSG00000163736","Weighted median",52,-0.0291690850410774,0.0376834223859144,0.438897584097782,-0.10302859291747,0.0446904228353148,0.971252226359302,0.902101179408182,1.04570408368911,56
"eqtl-a-ENSG00000163736","ebi-a-GCST90018894","ebi-a-GCST90018894","eqtl-a-ENSG00000163736","Weighted mode",52,-0.0721527770931731,0.383120848947859,0.851366115149437,-0.823069641030978,0.678764086844631,0.930388742864969,0.439081760333226,1.97143969768392,56
"eqtl-a-ENSG00000163736","ebi-a-GCST90018894","ebi-a-GCST90018894","eqtl-a-ENSG00000163736","Simple mode",52,0.340511046271751,0.217326186941708,0.123341154543586,-0.0854482801339967,0.766470372677499,1.4056657672869,0.918100625867593,2.15215652146524,56
