"id.exposure","id.outcome","outcome","exposure","method","nsnp","b","se","pval","lo_ci","up_ci","or","or_lci95","or_uci95","n_snps"
"eqtl-a-ENSG00000242550","ebi-a-GCST90018894","ebi-a-GCST90018894","eqtl-a-ENSG00000242550","Inverse variance weighted (fixed effects)",71,-0.0288724433522075,0.00896957890794604,0.00128670055670021,-0.0464528180117817,-0.0112920686926333,0.971540382997571,0.954609599886335,0.988771447414164,71
"eqtl-a-ENSG00000242550","ebi-a-GCST90018894","ebi-a-GCST90018894","eqtl-a-ENSG00000242550","MR Egger",71,-0.0271082780723623,0.015783123636077,0.0903643522881239,-0.0580432003990732,0.00382664425434857,0.973255853551099,0.943609182263026,1.00383397520547,71
"eqtl-a-ENSG00000242550","ebi-a-GCST90018894","ebi-a-GCST90018894","eqtl-a-ENSG00000242550","Weighted median",71,-0.0380006666809658,0.012269731206481,0.00195419522983859,-0.0620493398456685,-0.013951993516263,0.96271229906902,0.939836514258524,0.986144884474893,71
"eqtl-a-ENSG00000242550","ebi-a-GCST90018894","ebi-a-GCST90018894","eqtl-a-ENSG00000242550","Weighted mode",71,-0.0357831171714833,0.0275593376295602,0.198410455686039,-0.0897994189254213,0.0182331845824547,0.964849530087568,0.914114520956681,1.0184004239818,71
"eqtl-a-ENSG00000242550","ebi-a-GCST90018894","ebi-a-GCST90018894","eqtl-a-ENSG00000242550","Simple mode",71,-0.0357831171714833,0.015618214550418,0.0249709446269492,-0.0663948176903026,-0.00517141665266403,0.964849530087568,0.935761336218869,0.994841932101863,71
