"id.exposure","id.outcome","outcome","exposure","method","nsnp","b","se","pval","lo_ci","up_ci","or","or_lci95","or_uci95","n_snps"
"eqtl-a-ENSG00000250361","ebi-a-GCST90018894","ebi-a-GCST90018894","eqtl-a-ENSG00000250361","Inverse variance weighted (fixed effects)",63,-0.164234352041616,0.0254547502629424,1.10374897174777e-10,-0.214125662556983,-0.114343041526249,0.848543140759583,0.807246937934427,0.89195192684475,65
"eqtl-a-ENSG00000250361","ebi-a-GCST90018894","ebi-a-GCST90018894","eqtl-a-ENSG00000250361","MR Egger",63,-0.269882134146251,0.0637993201153086,7.96721240220367e-05,-0.394928801572256,-0.144835466720246,0.763469476015467,0.67372800591602,0.865164629774925,65
"eqtl-a-ENSG00000250361","ebi-a-GCST90018894","ebi-a-GCST90018894","eqtl-a-ENSG00000250361","Weighted median",63,-0.212626649813942,0.0357597916148331,2.74824403344913e-09,-0.282715841379015,-0.142537458248869,0.80845791879228,0.753733937428303,0.867155071573407,65
"eqtl-a-ENSG00000250361","ebi-a-GCST90018894","ebi-a-GCST90018894","eqtl-a-ENSG00000250361","Weighted mode",63,-0.212693436261138,0.0775477997075631,0.00795479137194575,-0.364687123687961,-0.0606997488343138,0.808403926563172,0.694413882547485,0.941105765462668,65
"eqtl-a-ENSG00000250361","ebi-a-GCST90018894","ebi-a-GCST90018894","eqtl-a-ENSG00000250361","Simple mode",63,-0.2289174421681,0.0589306641215812,0.000251740186436607,-0.344421543846399,-0.113413340489801,0.795394196814941,0.708630146401564,0.892781561071742,65
