"id.exposure","id.outcome","outcome","exposure","method","nsnp","b","se","pval","lo_ci","up_ci","or","or_lci95","or_uci95","n_snps"
"eqtl-a-ENSG00000173369","ebi-a-GCST90018894","ebi-a-GCST90018894","eqtl-a-ENSG00000173369","Inverse variance weighted (fixed effects)",70,0.00970445715994627,0.0184443208856482,0.59878482989007,-0.0264464117759242,0.0458553260958167,1.00975169809655,0.973900232021047,1.04692293757132,73
"eqtl-a-ENSG00000173369","ebi-a-GCST90018894","ebi-a-GCST90018894","eqtl-a-ENSG00000173369","MR Egger",70,-0.0658614856465721,0.0286001465251806,0.0243537407422688,-0.121917772835926,-0.00980519845721824,0.936260540833834,0.885221154735215,0.990242715770461,73
"eqtl-a-ENSG00000173369","ebi-a-GCST90018894","ebi-a-GCST90018894","eqtl-a-ENSG00000173369","Weighted median",70,-0.0177766173564722,0.025917829484474,0.49278643572357,-0.0685755631460412,0.0330223284330968,0.982380454592726,0.933722902397739,1.03357361706302,73
"eqtl-a-ENSG00000173369","ebi-a-GCST90018894","ebi-a-GCST90018894","eqtl-a-ENSG00000173369","Weighted mode",70,-0.0295287196741931,0.153151862207843,0.847676664913103,-0.329706369601566,0.27064893025318,0.970902993223142,0.719134862289626,1.31081480217547,73
"eqtl-a-ENSG00000173369","ebi-a-GCST90018894","ebi-a-GCST90018894","eqtl-a-ENSG00000173369","Simple mode",70,-0.0239976063040388,0.0714000662327292,0.737814940387093,-0.163941736120188,0.11594652351211,0.976288046691867,0.848791474323993,1.12293581986381,73
