"id.exposure","id.outcome","outcome","exposure","method","nsnp","b","se","pval","lo_ci","up_ci","or","or_lci95","or_uci95","n_snps"
"eqtl-a-ENSG00000239819","ebi-a-GCST90018894","ebi-a-GCST90018894","eqtl-a-ENSG00000239819","Inverse variance weighted (fixed effects)",26,0.161851803018745,0.0954476821311719,0.0899403890736361,-0.0252256539583519,0.348929259995842,1.17568599529454,0.975089854315444,1.41754890937935,26
"eqtl-a-ENSG00000239819","ebi-a-GCST90018894","ebi-a-GCST90018894","eqtl-a-ENSG00000239819","MR Egger",26,-1.0136477094414,0.607024034706143,0.107939485901172,-2.20341481746544,0.176119398582644,0.362892834726989,0.110425431103808,1.19258044256481,26
"eqtl-a-ENSG00000239819","ebi-a-GCST90018894","ebi-a-GCST90018894","eqtl-a-ENSG00000239819","Weighted median",26,0.0922533438065915,0.126179558219787,0.464701284033558,-0.155058590304192,0.339565277917375,1.09664261450527,0.856365001327783,1.40433696155762,26
"eqtl-a-ENSG00000239819","ebi-a-GCST90018894","ebi-a-GCST90018894","eqtl-a-ENSG00000239819","Weighted mode",26,0.0822461108972815,0.220767192632064,0.712625526421094,-0.350457586661564,0.514949808456127,1.0857229852089,0.704365707612796,1.67355450140531,26
"eqtl-a-ENSG00000239819","ebi-a-GCST90018894","ebi-a-GCST90018894","eqtl-a-ENSG00000239819","Simple mode",26,0.0822461108972815,0.194223555378399,0.675579895536455,-0.29843205764438,0.462924279438943,1.0857229852089,0.741980692053635,1.58871303961872,26
