"id.exposure","id.outcome","outcome","exposure","method","nsnp","b","se","pval","lo_ci","up_ci","or","or_lci95","or_uci95","n_snps"
"eqtl-a-ENSG00000029534","ebi-a-GCST90018894","ebi-a-GCST90018894","eqtl-a-ENSG00000029534","Inverse variance weighted (fixed effects)",47,0.0330483695449644,0.0344428713836969,0.337300568323631,-0.0344596583670815,0.10055639745701,1.03360053281966,0.966127314053798,1.10578600346413,47
"eqtl-a-ENSG00000029534","ebi-a-GCST90018894","ebi-a-GCST90018894","eqtl-a-ENSG00000029534","MR Egger",47,-0.238642868698115,0.110258468059823,0.0357783216643727,-0.454749466095368,-0.022536271300862,0.787696143095268,0.63460693858786,0.977715773527204,47
"eqtl-a-ENSG00000029534","ebi-a-GCST90018894","ebi-a-GCST90018894","eqtl-a-ENSG00000029534","Weighted median",47,0.0439378386297917,0.0501050786169896,0.380533419472794,-0.0542681154595078,0.142143792719091,1.0449173993723,0.947178119357673,1.15274239258337,47
"eqtl-a-ENSG00000029534","ebi-a-GCST90018894","ebi-a-GCST90018894","eqtl-a-ENSG00000029534","Weighted mode",47,0.0158634041587118,0.13671074879981,0.908128902433983,-0.252089663488916,0.28381647180634,1.0159898959327,0.777175050718241,1.32818914822778,47
"eqtl-a-ENSG00000029534","ebi-a-GCST90018894","ebi-a-GCST90018894","eqtl-a-ENSG00000029534","Simple mode",47,0.0509163664244814,0.088938094420171,0.569776254712275,-0.123402298639054,0.225235031488017,1.05223488743721,0.883907996039684,1.25261708605507,47
