"id.exposure","id.outcome","outcome","exposure","method","nsnp","b","se","pval","lo_ci","up_ci","or","or_lci95","or_uci95","n_snps"
"eqtl-a-ENSG00000229314","ebi-a-GCST90018894","ebi-a-GCST90018894","eqtl-a-ENSG00000229314","Inverse variance weighted (fixed effects)",54,-0.0503729019534622,0.0222555029309487,0.0236116055852386,-0.0939936876981217,-0.00675211620880281,0.950874775318923,0.910288508238492,0.993270628108298,56
"eqtl-a-ENSG00000229314","ebi-a-GCST90018894","ebi-a-GCST90018894","eqtl-a-ENSG00000229314","MR Egger",54,0.0165938845284601,0.0395627405666432,0.676628114934252,-0.0609490869821606,0.0941368560390808,1.01673232774046,0.940871141145792,1.09871010074094,56
"eqtl-a-ENSG00000229314","ebi-a-GCST90018894","ebi-a-GCST90018894","eqtl-a-ENSG00000229314","Weighted median",54,-0.036330504892605,0.0348134640766816,0.296681477853428,-0.104564894482901,0.031903884697691,0.964321527826229,0.900716343988868,1.03241826934208,56
"eqtl-a-ENSG00000229314","ebi-a-GCST90018894","ebi-a-GCST90018894","eqtl-a-ENSG00000229314","Weighted mode",54,-0.0371667774592306,0.24182628727868,0.878436267747493,-0.511146300525443,0.436812745606982,0.963515429293125,0.599807624791107,1.54776622389426,56
"eqtl-a-ENSG00000229314","ebi-a-GCST90018894","ebi-a-GCST90018894","eqtl-a-ENSG00000229314","Simple mode",54,-0.134054107509155,0.0857691512419335,0.124012942515392,-0.302161643943345,0.0340534289250346,0.874542743993618,0.739218565027733,1.03463988494823,56
