"id.exposure","id.outcome","outcome","exposure","method","nsnp","b","se","pval","lo_ci","up_ci","or","or_lci95","or_uci95","n_snps"
"eqtl-a-ENSG00000164821","ebi-a-GCST90018894","ebi-a-GCST90018894","eqtl-a-ENSG00000164821","Inverse variance weighted (fixed effects)",19,-0.000716159683188406,0.0708905709437404,0.991939646875708,-0.13966167873292,0.138229359366543,0.999284096697951,0.869652407538092,1.14823887941654,19
"eqtl-a-ENSG00000164821","ebi-a-GCST90018894","ebi-a-GCST90018894","eqtl-a-ENSG00000164821","MR Egger",19,-0.124398003491143,0.153758996778974,0.429667390238855,-0.425765637177933,0.176969630195646,0.88302832257947,0.653269426247667,1.19359484333482,19
"eqtl-a-ENSG00000164821","ebi-a-GCST90018894","ebi-a-GCST90018894","eqtl-a-ENSG00000164821","Weighted median",19,0.0426262454644927,0.0943159808912875,0.651303949703367,-0.142233077082431,0.227485568011416,1.04354779123366,0.867419057419697,1.25543932113743,19
"eqtl-a-ENSG00000164821","ebi-a-GCST90018894","ebi-a-GCST90018894","eqtl-a-ENSG00000164821","Weighted mode",19,-2.68908674898594e-05,0.23114956162042,0.999908457446489,-0.453080031643514,0.453026249908534,0.999973109494066,0.635667258095222,1.57306547879715,19
"eqtl-a-ENSG00000164821","ebi-a-GCST90018894","ebi-a-GCST90018894","eqtl-a-ENSG00000164821","Simple mode",19,0.0289718385523039,0.170108669574424,0.866663130424195,-0.304441153813568,0.362384830918176,1.02939560479645,0.737535428104936,1.43675174207834,19
