"id.exposure","id.outcome","outcome","exposure","method","nsnp","b","se","pval","lo_ci","up_ci","or","or_lci95","or_uci95","n_snps"
"eqtl-a-ENSG00000115590","ebi-a-GCST90018894","ebi-a-GCST90018894","eqtl-a-ENSG00000115590","Inverse variance weighted (fixed effects)",69,-0.16928851671393,0.0133924183891782,1.26050631366085e-36,-0.19553765675672,-0.143039376671141,0.844265283598225,0.822392374351517,0.86671993967751,69
"eqtl-a-ENSG00000115590","ebi-a-GCST90018894","ebi-a-GCST90018894","eqtl-a-ENSG00000115590","MR Egger",69,-0.147530777832991,0.0325033418824897,2.41178609702508e-05,-0.211237327922671,-0.0838242277433111,0.862835881694034,0.809581907687424,0.919592880806033,69
"eqtl-a-ENSG00000115590","ebi-a-GCST90018894","ebi-a-GCST90018894","eqtl-a-ENSG00000115590","Weighted median",69,-0.178029955425104,0.0174228950482416,1.6442980712853e-24,-0.212178829719657,-0.14388108113055,0.836917352898187,0.808820043571024,0.865990724574079,69
"eqtl-a-ENSG00000115590","ebi-a-GCST90018894","ebi-a-GCST90018894","eqtl-a-ENSG00000115590","Weighted mode",69,-0.177144057104951,0.0352058841150695,3.78930631506115e-06,-0.246147589970487,-0.108140524239414,0.837659105085223,0.781806829563186,0.897501466857508,69
"eqtl-a-ENSG00000115590","ebi-a-GCST90018894","ebi-a-GCST90018894","eqtl-a-ENSG00000115590","Simple mode",69,-0.174108389288811,0.0234058372361622,2.28724694683216e-10,-0.219983830271689,-0.128232948305933,0.84020582341113,0.80253177457832,0.879648442661233,69
