"id.exposure","id.outcome","outcome","exposure","method","nsnp","b","se","pval","lo_ci","up_ci","or","or_lci95","or_uci95","n_snps"
"eqtl-a-ENSG00000111261","ebi-a-GCST90018894","ebi-a-GCST90018894","eqtl-a-ENSG00000111261","Inverse variance weighted (fixed effects)",29,0.048054841058779,0.0441135478438264,0.276002092511759,-0.0384077127151206,0.134517394832679,1.04922819453179,0.962320510589035,1.1439845582493,29
"eqtl-a-ENSG00000111261","ebi-a-GCST90018894","ebi-a-GCST90018894","eqtl-a-ENSG00000111261","MR Egger",29,0.00978903914844092,0.0790200054474947,0.902327520613534,-0.145090171528649,0.16466824982553,1.0098371085151,0.864944296244857,1.17900191973224,29
"eqtl-a-ENSG00000111261","ebi-a-GCST90018894","ebi-a-GCST90018894","eqtl-a-ENSG00000111261","Weighted median",29,0.077935400039704,0.0617234068932755,0.206713008015989,-0.043042477471116,0.198913277550524,1.08105282044506,0.957870701277812,1.22007615331921,29
"eqtl-a-ENSG00000111261","ebi-a-GCST90018894","ebi-a-GCST90018894","eqtl-a-ENSG00000111261","Weighted mode",29,0.0738810008448216,0.192372957990181,0.703841872962262,-0.303169996815934,0.450931998505577,1.07667867402,0.738473547547601,1.5697745314496,29
"eqtl-a-ENSG00000111261","ebi-a-GCST90018894","ebi-a-GCST90018894","eqtl-a-ENSG00000111261","Simple mode",29,0.030143300545985,0.0951848315307148,0.753834142565534,-0.156418969254216,0.216705570346186,1.03060220923157,0.855200812454997,1.24197837303724,29
