"id.exposure","id.outcome","outcome","exposure","method","nsnp","b","se","pval","lo_ci","up_ci","or","or_lci95","or_uci95","n_snps"
"eqtl-a-ENSG00000013306","ebi-a-GCST90018894","ebi-a-GCST90018894","eqtl-a-ENSG00000013306","Inverse variance weighted (fixed effects)",58,-0.116342485106937,0.0406204921090249,0.00418152618996354,-0.195958649640625,-0.0367263205732477,0.890170301014048,0.82204622588227,0.963939909774521,59
"eqtl-a-ENSG00000013306","ebi-a-GCST90018894","ebi-a-GCST90018894","eqtl-a-ENSG00000013306","MR Egger",58,0.065869849744623,0.106440527944907,0.538529895535034,-0.142753585027395,0.274493284516642,1.06808769623295,0.866967676392593,1.3158637373784,59
"eqtl-a-ENSG00000013306","ebi-a-GCST90018894","ebi-a-GCST90018894","eqtl-a-ENSG00000013306","Weighted median",58,-0.127128410009032,0.0618064341302812,0.0396977830587544,-0.248269020904383,-0.00598779911368058,0.88062058483926,0.780150038376019,0.9940300920281,59
"eqtl-a-ENSG00000013306","ebi-a-GCST90018894","ebi-a-GCST90018894","eqtl-a-ENSG00000013306","Weighted mode",58,-0.199544651058117,0.157345492482719,0.209884094928569,-0.507941816324246,0.108852514208011,0.819103646151873,0.601732781768659,1.11499789186695,59
"eqtl-a-ENSG00000013306","ebi-a-GCST90018894","ebi-a-GCST90018894","eqtl-a-ENSG00000013306","Simple mode",58,-0.304404751781128,0.123050098516092,0.0163695882407694,-0.54558294487267,-0.0632265586895871,0.737562276382178,0.579503866048434,0.938730771981758,59
