"id.exposure","id.outcome","outcome","exposure","method","nsnp","b","se","pval","lo_ci","up_ci","or","or_lci95","or_uci95","n_snps"
"eqtl-a-ENSG00000162551","ebi-a-GCST90018894","ebi-a-GCST90018894","eqtl-a-ENSG00000162551","Inverse variance weighted (fixed effects)",40,0.101365279207267,0.0451788257564991,0.0248552048762303,0.0128147807245287,0.189915777690005,1.10668081543177,1.01289724189115,1.2091477561515,40
"eqtl-a-ENSG00000162551","ebi-a-GCST90018894","ebi-a-GCST90018894","eqtl-a-ENSG00000162551","MR Egger",40,0.0922533792476042,0.122569899855675,0.456292201757301,-0.147983624469518,0.332490382964726,1.09664265337139,0.862445237824691,1.39443648877554,40
"eqtl-a-ENSG00000162551","ebi-a-GCST90018894","ebi-a-GCST90018894","eqtl-a-ENSG00000162551","Weighted median",40,0.0998288960754177,0.0601929349799275,0.0972202281548442,-0.0181492564852403,0.217807048636076,1.10498183517111,0.982014449394172,1.24334713894623,40
"eqtl-a-ENSG00000162551","ebi-a-GCST90018894","ebi-a-GCST90018894","eqtl-a-ENSG00000162551","Weighted mode",40,0.0863222859358291,0.246225508627938,0.727788407421003,-0.396279710974929,0.568924282846587,1.09015761416172,0.672818474903304,1.76636591895843,40
"eqtl-a-ENSG00000162551","ebi-a-GCST90018894","ebi-a-GCST90018894","eqtl-a-ENSG00000162551","Simple mode",40,0.107621216062147,0.250877346343134,0.670298627365975,-0.384098382770395,0.599340814894689,1.11362584190469,0.681064418879023,1.8209180826083,40
