"id.exposure","id.outcome","outcome","exposure","method","nsnp","b","se","pval","lo_ci","up_ci","or","or_lci95","or_uci95","n_snps"
"eqtl-a-ENSG00000026103","ebi-a-GCST90018894","ebi-a-GCST90018894","eqtl-a-ENSG00000026103","Inverse variance weighted (fixed effects)",82,-0.0151949778422402,0.0238448089002163,0.523965472410105,-0.061930803286664,0.0315408476021837,0.984919883326681,0.939947925847994,1.03204353123826,84
"eqtl-a-ENSG00000026103","ebi-a-GCST90018894","ebi-a-GCST90018894","eqtl-a-ENSG00000026103","MR Egger",82,0.0272698811669558,0.0433055675830673,0.530679730106314,-0.0576090312958561,0.112148793629768,1.02764510740296,0.94401895716484,1.11867930061582,84
"eqtl-a-ENSG00000026103","ebi-a-GCST90018894","ebi-a-GCST90018894","eqtl-a-ENSG00000026103","Weighted median",82,-0.0292152034228483,0.036434499495028,0.422636556079439,-0.100626822433103,0.0421964155874065,0.971207434811196,0.904270423365078,1.04309933960068,84
"eqtl-a-ENSG00000026103","ebi-a-GCST90018894","ebi-a-GCST90018894","eqtl-a-ENSG00000026103","Weighted mode",82,-0.0195300575557653,0.256995519090272,0.939611442807569,-0.523241274972698,0.484181159861167,0.980659418520511,0.592596663001743,1.62284561350991,84
"eqtl-a-ENSG00000026103","ebi-a-GCST90018894","ebi-a-GCST90018894","eqtl-a-ENSG00000026103","Simple mode",82,-0.0420099331113963,0.0882044858502782,0.635157943450193,-0.214890725377942,0.130870859155149,0.958860256059444,0.806629579503985,1.13982057441502,84
