"id.exposure","id.outcome","outcome","exposure","method","nsnp","b","se","pval","lo_ci","up_ci","or","or_lci95","or_uci95","n_snps"
"eqtl-a-ENSG00000184500","ebi-a-GCST90018894","ebi-a-GCST90018894","eqtl-a-ENSG00000184500","Inverse variance weighted (fixed effects)",65,0.00288076075162146,0.026486180074486,0.91338914330172,-0.0490321521943711,0.054793673697614,1.00288491413021,0.952150515477906,1.05632264504436,68
"eqtl-a-ENSG00000184500","ebi-a-GCST90018894","ebi-a-GCST90018894","eqtl-a-ENSG00000184500","MR Egger",65,-0.19873836034283,0.0555403808619521,0.000671934265001584,-0.307597506832256,-0.0898792138534035,0.819764348139769,0.735211175939842,0.914041582164425,68
"eqtl-a-ENSG00000184500","ebi-a-GCST90018894","ebi-a-GCST90018894","eqtl-a-ENSG00000184500","Weighted median",65,-0.0333675886715913,0.0380821814420099,0.380921583548609,-0.108008664297931,0.041273486954748,0.967182968734788,0.897619819151201,1.0421370774714,68
"eqtl-a-ENSG00000184500","ebi-a-GCST90018894","ebi-a-GCST90018894","eqtl-a-ENSG00000184500","Weighted mode",65,-0.0387922935580887,0.124077075587007,0.75556554315499,-0.281983361708622,0.204398774592444,0.961950491711514,0.754286234462836,1.22678726751922,68
"eqtl-a-ENSG00000184500","ebi-a-GCST90018894","ebi-a-GCST90018894","eqtl-a-ENSG00000184500","Simple mode",65,-0.0184448734365389,0.0690861926553858,0.790340282109633,-0.153853811041095,0.116964064168017,0.981724192181101,0.857397353876625,1.12407903424941,68
