"id.exposure","id.outcome","outcome","exposure","method","nsnp","b","se","pval","lo_ci","up_ci","or","or_lci95","or_uci95","n_snps"
"eqtl-a-ENSG00000128594","ebi-a-GCST90018894","ebi-a-GCST90018894","eqtl-a-ENSG00000128594","Inverse variance weighted (fixed effects)",61,0.0909820332964419,0.021763504115382,2.90886190426339e-05,0.0483255652302933,0.133638501362591,1.09524932706171,1.04951228441875,1.14297955939933,61
"eqtl-a-ENSG00000128594","ebi-a-GCST90018894","ebi-a-GCST90018894","eqtl-a-ENSG00000128594","MR Egger",61,-0.0416139122008008,0.0556497335618874,0.45756145184406,-0.1506873899821,0.0674595655804985,0.959240059971364,0.860116537682371,1.06978700250693,61
"eqtl-a-ENSG00000128594","ebi-a-GCST90018894","ebi-a-GCST90018894","eqtl-a-ENSG00000128594","Weighted median",61,0.0665696529571927,0.0276263571787185,0.0159681452590862,0.0124219928869044,0.120717313027481,1.06883540902948,1.01249946629959,1.1283059098988,61
"eqtl-a-ENSG00000128594","ebi-a-GCST90018894","ebi-a-GCST90018894","eqtl-a-ENSG00000128594","Weighted mode",61,0.0615311738986348,0.0510369582548001,0.232697173552958,-0.0385012642807734,0.161563612078043,1.06346364832004,0.962230488209543,1.17534722205962,61
"eqtl-a-ENSG00000128594","ebi-a-GCST90018894","ebi-a-GCST90018894","eqtl-a-ENSG00000128594","Simple mode",61,0.0647909874366939,0.0502728602668103,0.202419427889728,-0.0337438186862543,0.163325793559642,1.06693599804952,0.966819153915598,1.1774202231344,61
