"id.exposure","id.outcome","outcome","exposure","method","nsnp","b","se","pval","lo_ci","up_ci","or","or_lci95","or_uci95","n_snps"
"eqtl-a-ENSG00000002587","ebi-a-GCST90018894","ebi-a-GCST90018894","eqtl-a-ENSG00000002587","Inverse variance weighted (fixed effects)",27,0.0197774014652988,0.0544145862258304,0.71626299074809,-0.0868751875373289,0.126429990467926,1.01997426997703,0.916791515499297,1.13477000367809,28
"eqtl-a-ENSG00000002587","ebi-a-GCST90018894","ebi-a-GCST90018894","eqtl-a-ENSG00000002587","MR Egger",27,0.23469299601211,0.120680959948473,0.0631380294097581,-0.00184168548689809,0.471227677511118,1.26452049630022,0.998160009375191,1.60195967634915,28
"eqtl-a-ENSG00000002587","ebi-a-GCST90018894","ebi-a-GCST90018894","eqtl-a-ENSG00000002587","Weighted median",27,0.0493849463367555,0.0778342471519865,0.525761972182892,-0.103170178081138,0.201940070754649,1.05062470703958,0.901973464306545,1.2237746660215,28
"eqtl-a-ENSG00000002587","ebi-a-GCST90018894","ebi-a-GCST90018894","eqtl-a-ENSG00000002587","Weighted mode",27,0.0805853821065601,0.259491623324367,0.758617897125064,-0.4280181996092,0.58918896382232,1.08392139018305,0.651799552193658,1.80252590868195,28
"eqtl-a-ENSG00000002587","ebi-a-GCST90018894","ebi-a-GCST90018894","eqtl-a-ENSG00000002587","Simple mode",27,-0.192995571439009,0.133759915642891,0.161002867364215,-0.455165006099075,0.0691738632210564,0.824485625415901,0.634343288800557,1.07162250869368,28
