"id.exposure","id.outcome","outcome","exposure","method","nsnp","b","se","pval","lo_ci","up_ci","or","or_lci95","or_uci95","n_snps"
"eqtl-a-ENSG00000049323","ebi-a-GCST90018894","ebi-a-GCST90018894","eqtl-a-ENSG00000049323","Inverse variance weighted (fixed effects)",16,-0.0528115584166465,0.0569765016303897,0.353978101291762,-0.16448550161221,0.0588623847789172,0.948558743553125,0.848330056273308,1.06062927196488,16
"eqtl-a-ENSG00000049323","ebi-a-GCST90018894","ebi-a-GCST90018894","eqtl-a-ENSG00000049323","MR Egger",16,-0.334565937620389,0.120729109920606,0.0150064291215673,-0.571194993064777,-0.0979368821760006,0.715648655102778,0.564850043349089,0.906706131265876,16
"eqtl-a-ENSG00000049323","ebi-a-GCST90018894","ebi-a-GCST90018894","eqtl-a-ENSG00000049323","Weighted median",16,-0.121810102000806,0.0739432809783235,0.0994871316846726,-0.26673893271832,0.0231187287167085,0.885316472367584,0.765872989747723,1.02338803788284,16
"eqtl-a-ENSG00000049323","ebi-a-GCST90018894","ebi-a-GCST90018894","eqtl-a-ENSG00000049323","Weighted mode",16,-0.14270788099325,0.435377925703268,0.747608882146783,-0.996048615371656,0.710632853385156,0.867007301218378,0.369335950058693,2.03527888429631,16
"eqtl-a-ENSG00000049323","ebi-a-GCST90018894","ebi-a-GCST90018894","eqtl-a-ENSG00000049323","Simple mode",16,-0.092181079433213,0.327652825524108,0.782295327119776,-0.734380617460464,0.550018458594038,0.911940001014533,0.479802548280262,1.7332850115765,16
