"id.exposure","id.outcome","outcome","exposure","method","nsnp","b","se","pval","lo_ci","up_ci","or","or_lci95","or_uci95","n_snps"
"eqtl-a-ENSG00000087303","ebi-a-GCST90018894","ebi-a-GCST90018894","eqtl-a-ENSG00000087303","Inverse variance weighted (fixed effects)",9,-0.085250037658696,0.0981798562617386,0.385227510751753,-0.277682555931704,0.107182480614312,0.918282650450146,0.757537259058982,1.11313736193679,9
"eqtl-a-ENSG00000087303","ebi-a-GCST90018894","ebi-a-GCST90018894","eqtl-a-ENSG00000087303","MR Egger",9,0.0392620924545741,0.420613059452144,0.928245072386732,-0.785139504071628,0.863663688980776,1.04004303536372,0.456056075668245,2.37183445878585,9
"eqtl-a-ENSG00000087303","ebi-a-GCST90018894","ebi-a-GCST90018894","eqtl-a-ENSG00000087303","Weighted median",9,-0.138118536615434,0.117907133085166,0.241430805329299,-0.369216517462359,0.0929794442314907,0.870995440774801,0.691275720980804,1.09743917633056,9
"eqtl-a-ENSG00000087303","ebi-a-GCST90018894","ebi-a-GCST90018894","eqtl-a-ENSG00000087303","Weighted mode",9,-0.146434951099227,0.193143867631621,0.470094915655636,-0.524996931657205,0.23212702945875,0.863781918571627,0.59155717946424,1.26127993836035,9
"eqtl-a-ENSG00000087303","ebi-a-GCST90018894","ebi-a-GCST90018894","eqtl-a-ENSG00000087303","Simple mode",9,-0.148928386035354,0.164081262134167,0.390584252913461,-0.470527659818321,0.172670887747614,0.86163081748845,0.624672566692159,1.18847489906128,9
