"id.exposure","id.outcome","outcome","exposure","method","nsnp","b","se","pval","lo_ci","up_ci","or","or_lci95","or_uci95","n_snps"
"eqtl-a-ENSG00000053108","ebi-a-GCST90018894","ebi-a-GCST90018894","eqtl-a-ENSG00000053108","Inverse variance weighted (fixed effects)",17,-0.0546782923265559,0.0735049702067327,0.456953890517893,-0.198748033931752,0.0893914492786403,0.946789688472266,0.819756418114808,1.09350862571944,17
"eqtl-a-ENSG00000053108","ebi-a-GCST90018894","ebi-a-GCST90018894","eqtl-a-ENSG00000053108","MR Egger",17,0.407788153988808,0.380321611497913,0.300569914717721,-0.337642204547102,1.15321851252472,1.50348861936351,0.713450511585536,3.1683739682687,17
"eqtl-a-ENSG00000053108","ebi-a-GCST90018894","ebi-a-GCST90018894","eqtl-a-ENSG00000053108","Weighted median",17,-0.0239703028947858,0.106972306959263,0.822695430177642,-0.233636024534941,0.185695418745369,0.976314703047857,0.791649904605985,1.20405547179576,17
"eqtl-a-ENSG00000053108","ebi-a-GCST90018894","ebi-a-GCST90018894","eqtl-a-ENSG00000053108","Weighted mode",17,-0.0505614655931035,0.213385120207754,0.815703175910162,-0.468796301200302,0.367673370014095,0.950695491814152,0.625755035724584,1.4443701873037,17
"eqtl-a-ENSG00000053108","ebi-a-GCST90018894","ebi-a-GCST90018894","eqtl-a-ENSG00000053108","Simple mode",17,-0.0670440505245764,0.188380427036003,0.726566705924128,-0.436269687515142,0.302181586465989,0.935154006404912,0.646443364720264,1.35280685582346,17
