"id.exposure","id.outcome","outcome","exposure","method","nsnp","b","se","pval","lo_ci","up_ci","or","or_lci95","or_uci95","n_snps"
"eqtl-a-ENSG00000163536","ebi-a-GCST90018894","ebi-a-GCST90018894","eqtl-a-ENSG00000163536","Inverse variance weighted (fixed effects)",42,-0.132989318380966,0.0325305588637601,4.34854958861261e-05,-0.196749213753935,-0.0692294230079958,0.875474443543307,0.821396602454924,0.933112578024723,42
"eqtl-a-ENSG00000163536","ebi-a-GCST90018894","ebi-a-GCST90018894","eqtl-a-ENSG00000163536","MR Egger",42,-0.250952762444676,0.0820440180151921,0.00395446253717307,-0.411759037754452,-0.090146487134899,0.778059124301826,0.662483890426707,0.913797315915712,42
"eqtl-a-ENSG00000163536","ebi-a-GCST90018894","ebi-a-GCST90018894","eqtl-a-ENSG00000163536","Weighted median",42,-0.105359757955723,0.0431125604856196,0.0145322824474755,-0.189860376507538,-0.0208591394039087,0.900000681932151,0.827074604926811,0.979356907651657,42
"eqtl-a-ENSG00000163536","ebi-a-GCST90018894","ebi-a-GCST90018894","eqtl-a-ENSG00000163536","Weighted mode",42,-0.109315207126876,0.085202836616016,0.206697632495537,-0.276312766894268,0.057682352640515,0.896447806222637,0.758575636308416,1.05937843349697,42
"eqtl-a-ENSG00000163536","ebi-a-GCST90018894","ebi-a-GCST90018894","eqtl-a-ENSG00000163536","Simple mode",42,-0.109315207126876,0.0717181970637066,0.135127799978329,-0.249882873371741,0.0312524591179885,0.896447806222637,0.778892006723466,1.031745944681,42
