"id.exposure","id.outcome","outcome","exposure","method","nsnp","b","se","pval","lo_ci","up_ci","or","or_lci95","or_uci95","n_snps"
"eqtl-a-ENSG00000163898","ebi-a-GCST90018894","ebi-a-GCST90018894","eqtl-a-ENSG00000163898","Inverse variance weighted (fixed effects)",23,-0.181647065614219,0.0717956944337469,0.0114044603034435,-0.322366626704363,-0.0409275045240749,0.833895598916718,0.724432545319977,0.959898715739678,23
"eqtl-a-ENSG00000163898","ebi-a-GCST90018894","ebi-a-GCST90018894","eqtl-a-ENSG00000163898","MR Egger",23,0.0260347627730954,0.134773592687535,0.848678771115043,-0.238121478894474,0.290191004440665,1.0263766275511,0.788106946917801,1.3366827759901,23
"eqtl-a-ENSG00000163898","ebi-a-GCST90018894","ebi-a-GCST90018894","eqtl-a-ENSG00000163898","Weighted median",23,-0.181471004420655,0.0941159797716926,0.0538347827762748,-0.365938324773172,0.00299631593186303,0.834042428496288,0.693545574471338,1.00300080937325,23
"eqtl-a-ENSG00000163898","ebi-a-GCST90018894","ebi-a-GCST90018894","eqtl-a-ENSG00000163898","Weighted mode",23,-0.182204716989494,0.167726911629224,0.289098301469681,-0.510949463782774,0.146540029803786,0.833430705525414,0.599925700590645,1.15782127724938,23
"eqtl-a-ENSG00000163898","ebi-a-GCST90018894","ebi-a-GCST90018894","eqtl-a-ENSG00000163898","Simple mode",23,-0.182204716989494,0.153650657469949,0.248336649129855,-0.483360005630593,0.118950571651606,0.833430705525414,0.616707765136958,1.12631424505954,23
