"id.exposure","id.outcome","outcome","exposure","method","nsnp","b","se","pval","lo_ci","up_ci","or","or_lci95","or_uci95","n_snps"
"eqtl-a-ENSG00000120279","ebi-a-GCST90018894","ebi-a-GCST90018894","eqtl-a-ENSG00000120279","Inverse variance weighted (fixed effects)",14,-0.482264735706698,0.0974529026475833,7.47125431521465e-07,-0.673272424895962,-0.291257046517435,0.617383596645346,0.51003678679425,0.747323556409481,14
"eqtl-a-ENSG00000120279","ebi-a-GCST90018894","ebi-a-GCST90018894","eqtl-a-ENSG00000120279","MR Egger",14,-0.321504955859084,0.225203736485786,0.178904536884493,-0.762904279371224,0.119894367653056,0.725057036738035,0.466310163490733,1.12737775773096,14
"eqtl-a-ENSG00000120279","ebi-a-GCST90018894","ebi-a-GCST90018894","eqtl-a-ENSG00000120279","Weighted median",14,-0.447157844621155,0.128873226678965,0.000520943512323698,-0.699749368911926,-0.194566320330385,0.639442967675562,0.49670977910446,0.823191582108431,14
"eqtl-a-ENSG00000120279","ebi-a-GCST90018894","ebi-a-GCST90018894","eqtl-a-ENSG00000120279","Weighted mode",14,-0.389387124521091,0.21977275353924,0.0998555680406045,-0.820141721458002,0.0413674724158199,0.677471953237169,0.440369240312592,1.04223502780801,14
"eqtl-a-ENSG00000120279","ebi-a-GCST90018894","ebi-a-GCST90018894","eqtl-a-ENSG00000120279","Simple mode",14,-0.508152209520525,0.198211514872977,0.0235739724110787,-0.896646778671561,-0.119657640369489,0.601606194602403,0.407935266105749,0.88722413445412,14
