"id.exposure","id.outcome","outcome","exposure","method","nsnp","b","se","pval","lo_ci","up_ci","or","or_lci95","or_uci95","n_snps"
"eqtl-a-ENSG00000197561","ebi-a-GCST90018894","ebi-a-GCST90018894","eqtl-a-ENSG00000197561","Inverse variance weighted (fixed effects)",24,0.0985657763579115,0.06567441711937,0.133400951702267,-0.0301560811960537,0.227287633911877,1.10358699194006,0.970294077068989,1.255190851477,24
"eqtl-a-ENSG00000197561","ebi-a-GCST90018894","ebi-a-GCST90018894","eqtl-a-ENSG00000197561","MR Egger",24,0.0182725865318452,0.178385670898131,0.919340903855924,-0.331363328428491,0.367908501492181,1.01844055173431,0.717944272083679,1.44470984413119,24
"eqtl-a-ENSG00000197561","ebi-a-GCST90018894","ebi-a-GCST90018894","eqtl-a-ENSG00000197561","Weighted median",24,0.181598265673242,0.0951902125657964,0.0564247074018645,-0.00497455095571858,0.368171082302203,1.19913236446951,0.99503780163154,1.44508924702208,24
"eqtl-a-ENSG00000197561","ebi-a-GCST90018894","ebi-a-GCST90018894","eqtl-a-ENSG00000197561","Weighted mode",24,0.237522398705465,0.257796565900609,0.366428628081224,-0.267758870459728,0.742803667870659,1.26810340034718,0.76509224520345,2.10182006686588,24
"eqtl-a-ENSG00000197561","ebi-a-GCST90018894","ebi-a-GCST90018894","eqtl-a-ENSG00000197561","Simple mode",24,0.262156212481299,0.228931371196411,0.263931836063503,-0.186549275063666,0.710861700026265,1.29972956055166,0.829817671625317,2.03574470433135,24
