"id.exposure","id.outcome","outcome","exposure","method","nsnp","b","se","pval","lo_ci","up_ci","or","or_lci95","or_uci95","n_snps"
"eqtl-a-ENSG00000184792","ebi-a-GCST90018894","ebi-a-GCST90018894","eqtl-a-ENSG00000184792","Inverse variance weighted (fixed effects)",72,0.0277746132985836,0.0383345700846964,0.468739339876216,-0.0473611440674215,0.102910370664589,1.02816392382922,0.953742896797883,1.10839206018006,74
"eqtl-a-ENSG00000184792","ebi-a-GCST90018894","ebi-a-GCST90018894","eqtl-a-ENSG00000184792","MR Egger",72,0.0227544552460732,0.119266350801752,0.8492448262445,-0.21100759232536,0.256516502817507,1.02301531266155,0.809767918836431,1.29242009419665,74
"eqtl-a-ENSG00000184792","ebi-a-GCST90018894","ebi-a-GCST90018894","eqtl-a-ENSG00000184792","Weighted median",72,0.056260155550628,0.0565291008959279,0.319618406088987,-0.0545368822053906,0.167057193306647,1.05787285943706,0.946923583583669,1.18182185567528,74
"eqtl-a-ENSG00000184792","ebi-a-GCST90018894","ebi-a-GCST90018894","eqtl-a-ENSG00000184792","Weighted mode",72,0.080111277687912,0.17407572601338,0.646772293105677,-0.261077145298313,0.421299700674137,1.08340762006247,0.770221498355815,1.52394093610092,74
"eqtl-a-ENSG00000184792","ebi-a-GCST90018894","ebi-a-GCST90018894","eqtl-a-ENSG00000184792","Simple mode",72,-0.00596025442855019,0.146590737398783,0.967681749370066,-0.293278099730164,0.281357590873064,0.994057472651089,0.745814700986998,1.32492730114567,74
