"id.exposure","id.outcome","outcome","exposure","method","nsnp","b","se","pval","lo_ci","up_ci","or","or_lci95","or_uci95","n_snps"
"eqtl-a-ENSG00000102554","ebi-a-GCST90018894","ebi-a-GCST90018894","eqtl-a-ENSG00000102554","Inverse variance weighted (fixed effects)",49,0.0091692420879168,0.0378516535523678,0.808593024659738,-0.0650199988747241,0.0833584830505577,1.00921140836722,0.937048723269987,1.08693138519447,49
"eqtl-a-ENSG00000102554","ebi-a-GCST90018894","ebi-a-GCST90018894","eqtl-a-ENSG00000102554","MR Egger",49,0.225889850189002,0.0985302764603008,0.0263932559895792,0.0327705083268121,0.419009192051191,1.25343759176011,1.03331337521336,1.52045433082,49
"eqtl-a-ENSG00000102554","ebi-a-GCST90018894","ebi-a-GCST90018894","eqtl-a-ENSG00000102554","Weighted median",49,0.0607329799254008,0.0556205860410787,0.274870244868698,-0.0482833687151136,0.169749328565915,1.06261513672866,0.952863737044602,1.18500776649035,49
"eqtl-a-ENSG00000102554","ebi-a-GCST90018894","ebi-a-GCST90018894","eqtl-a-ENSG00000102554","Weighted mode",49,0.0706411553515971,0.146267842919207,0.631321450692597,-0.216043816770048,0.357326127473242,1.07319604610481,0.805699997928496,1.42950199371505,49
"eqtl-a-ENSG00000102554","ebi-a-GCST90018894","ebi-a-GCST90018894","eqtl-a-ENSG00000102554","Simple mode",49,0.0424124589465111,0.0958464558763334,0.660112043856864,-0.145446594571102,0.230271512464125,1.04332471863084,0.864636065100841,1.2589417819151,49
