"id.exposure","id.outcome","outcome","exposure","method","nsnp","b","se","pval","lo_ci","up_ci","or","or_lci95","or_uci95","n_snps"
"eqtl-a-ENSG00000198948","ebi-a-GCST90018894","ebi-a-GCST90018894","eqtl-a-ENSG00000198948","Inverse variance weighted (fixed effects)",61,-0.111338877460362,0.0359155894895276,0.00193510636694961,-0.181733432859836,-0.0409443220608876,0.894635525739269,0.833823580760757,0.959882572743433,65
"eqtl-a-ENSG00000198948","ebi-a-GCST90018894","ebi-a-GCST90018894","eqtl-a-ENSG00000198948","MR Egger",61,0.0714004954429612,0.0624107157067764,0.257226502656269,-0.0509245073423206,0.193725498228243,1.07401127636785,0.950350412302756,1.21376305711311,65
"eqtl-a-ENSG00000198948","ebi-a-GCST90018894","ebi-a-GCST90018894","eqtl-a-ENSG00000198948","Weighted median",61,-0.0768240063086911,0.0506287836097308,0.129166271865935,-0.176056422183763,0.0224084095663813,0.926052818719572,0.83857066801394,1.0226613638771,65
"eqtl-a-ENSG00000198948","ebi-a-GCST90018894","ebi-a-GCST90018894","eqtl-a-ENSG00000198948","Weighted mode",61,-0.0555310602779664,0.149055328138084,0.710793692857758,-0.347679503428611,0.236617382872679,0.945982640730343,0.706325214751698,1.26695626585799,65
"eqtl-a-ENSG00000198948","ebi-a-GCST90018894","ebi-a-GCST90018894","eqtl-a-ENSG00000198948","Simple mode",61,-0.103770651360104,0.0965454743639961,0.286751112620567,-0.292999781113536,0.0854584783933288,0.901432015921806,0.746022303991388,1.08921633439291,65
