"id.exposure","id.outcome","outcome","exposure","method","nsnp","b","se","pval","lo_ci","up_ci","or","or_lci95","or_uci95","n_snps","pqtl_file"
"A1BG","ebi-a-GCST90091033","ebi-a-GCST90091033","A1BG","Inverse variance weighted (fixed effects)",11,0.0508829106397288,0.0576173956393254,0.37717297509828,-0.062047184813349,0.163813006092807,1.05219968468218,0.93983853963877,1.17799401679229,11,"A1BG_P04217_OID30771_v1_Inflammation_II_expo_rt.txt"
"A1BG","ebi-a-GCST90091033","ebi-a-GCST90091033","A1BG","MR Egger",11,-0.0946497738290304,0.114835599329175,0.431115139535284,-0.319727548514214,0.130428000856153,0.909691476446666,0.726346904411145,1.13931590717057,11,"A1BG_P04217_OID30771_v1_Inflammation_II_expo_rt.txt"
"A1BG","ebi-a-GCST90091033","ebi-a-GCST90091033","A1BG","Weighted median",11,0.0742504885826416,0.0781874356249108,0.342291486488895,-0.0789968852421836,0.227497862407467,1.0770765670914,0.924042802610147,1.25545475610055,11,"A1BG_P04217_OID30771_v1_Inflammation_II_expo_rt.txt"
"A1BG","ebi-a-GCST90091033","ebi-a-GCST90091033","A1BG","Weighted mode",11,0.0771767386751139,0.297066130881298,0.800291218119737,-0.50507287785223,0.659426355202458,1.08023297846764,0.603461594839519,1.93368276912368,11,"A1BG_P04217_OID30771_v1_Inflammation_II_expo_rt.txt"
"A1BG","ebi-a-GCST90091033","ebi-a-GCST90091033","A1BG","Simple mode",11,0.0739638450537586,0.137247742650118,0.601740892167395,-0.195041730540473,0.34296942064799,1.07676787430784,0.822800321437466,1.40912567111769,11,"A1BG_P04217_OID30771_v1_Inflammation_II_expo_rt.txt"
