"id.exposure","id.outcome","outcome","exposure","method","nsnp","b","se","pval","lo_ci","up_ci","or","or_lci95","or_uci95","n_snps","pqtl_file"
"COMT","ebi-a-GCST90091033","ebi-a-GCST90091033","COMT","Inverse variance weighted (fixed effects)",44,-0.0546293946172832,0.0220328401634983,0.0131584020662966,-0.0978137613377398,-0.0114450278968266,0.946835985451094,0.906817772557358,0.988620217286753,44,"COMT_P21964_OID20086_v1_Cardiometabolic_expo_rt.txt"
"COMT","ebi-a-GCST90091033","ebi-a-GCST90091033","COMT","MR Egger",44,0.00643841270241113,0.0525315833028709,0.903037989674943,-0.0965234905712158,0.109400315976038,1.00645918383526,0.907988568179107,1.11560885701208,44,"COMT_P21964_OID20086_v1_Cardiometabolic_expo_rt.txt"
"COMT","ebi-a-GCST90091033","ebi-a-GCST90091033","COMT","Weighted median",44,-0.0643115737136519,0.0355234552115968,0.0702341701737865,-0.133937545928382,0.00531439850107795,0.937712787354782,0.874644688019575,1.00532854496567,44,"COMT_P21964_OID20086_v1_Cardiometabolic_expo_rt.txt"
"COMT","ebi-a-GCST90091033","ebi-a-GCST90091033","COMT","Weighted mode",44,-0.0536902078104335,0.153292000699196,0.727862547838839,-0.354142529180858,0.246762113559991,0.947725659036331,0.701774936820037,1.27987461174633,44,"COMT_P21964_OID20086_v1_Cardiometabolic_expo_rt.txt"
"COMT","ebi-a-GCST90091033","ebi-a-GCST90091033","COMT","Simple mode",44,-0.0264070547086981,0.0831723785334934,0.752402479167942,-0.189424916634345,0.136610807216949,0.973938562632236,0.827434841157912,1.14638189812594,44,"COMT_P21964_OID20086_v1_Cardiometabolic_expo_rt.txt"
